unit_id	source_locator	line_start	line_end	source_label	unit_type	exact_payload	evidence_state	disposition	canonical_anchor	claim_ids	reason	remaining_obligation
OI-U001	history/sources/次单调论文研究/分类集研究/RLEB_LT_operator_space_research_asset_v1/RLEB_LT_operator_space_research_asset_v1/01_CANONICAL_HANDOFF/mathematician_handoff/04_research_ideas.md	1	1	LF1-1	organization	# 给数学家团队的建设性 idea 组合：从中立 PPA 空间到 RLEB–LT 比较	nonmathematical	nonmathematical	research/canonical/operator_space_construction_frontier.md#ocf-specification		标题/排版/来源优先级；没有独立数学真值	无本单元数学义务；不关闭邻接断言
OI-U002	history/sources/次单调论文研究/分类集研究/RLEB_LT_operator_space_research_asset_v1/RLEB_LT_operator_space_research_asset_v1/01_CANONICAL_HANDOFF/mathematician_handoff/04_research_ideas.md	2	2	LF2-2	organization	空行/排版分隔	nonmathematical	nonmathematical	research/canonical/operator_space_construction_frontier.md#ocf-specification		标题/排版/来源优先级；没有独立数学真值	无本单元数学义务；不关闭邻接断言
OI-U003	history/sources/次单调论文研究/分类集研究/RLEB_LT_operator_space_research_asset_v1/RLEB_LT_operator_space_research_asset_v1/01_CANONICAL_HANDOFF/mathematician_handoff/04_research_ideas.md	3	3	LF3-3	organization	日期：2026-09-20。	nonmathematical	nonmathematical	research/canonical/operator_space_construction_frontier.md#ocf-specification		来源性质或任务组织，保留来源角色而不当数学成果	无本单元数学义务
OI-U004	history/sources/次单调论文研究/分类集研究/RLEB_LT_operator_space_research_asset_v1/RLEB_LT_operator_space_research_asset_v1/01_CANONICAL_HANDOFF/mathematician_handoff/04_research_ideas.md	3	3	LF3-3	organization	性质：研究路线与首攻引理，不是已经完成的总体分类定理。	nonmathematical	nonmathematical	research/canonical/operator_space_construction_frontier.md#ocf-specification		来源性质或任务组织，保留来源角色而不当数学成果	无本单元数学义务
OI-U005	history/sources/次单调论文研究/分类集研究/RLEB_LT_operator_space_research_asset_v1/RLEB_LT_operator_space_research_asset_v1/01_CANONICAL_HANDOFF/mathematician_handoff/04_research_ideas.md	4	4	LF4-4	organization	空行/排版分隔	nonmathematical	nonmathematical	research/canonical/operator_space_construction_frontier.md#ocf-specification		标题/排版/来源优先级；没有独立数学真值	无本单元数学义务；不关闭邻接断言
OI-U006	history/sources/次单调论文研究/分类集研究/RLEB_LT_operator_space_research_asset_v1/RLEB_LT_operator_space_research_asset_v1/01_CANONICAL_HANDOFF/mathematician_handoff/04_research_ideas.md	5	5	LF5-5	historical-evidence	本报告依据 `ppa_system_team/02_convergence_topology.md`、`ppa_classification_team/01_frozen_denominator.md`、`02_structural_deformation.md`、`03_object_category.md`、`05_obstruction_audit.md`、`06_priorart_tools.md`、`07_stage_synthesis.md` 的已声明接口。	source-report	deferred	research/canonical/operator_space_construction_frontier.md#ocf-source		源稿的依赖/旧审查或阅读行为报告，与本次规范证明及一手核验分别判定	若需使用历史行为或版本身份，核准确原审计/原页和版本；新证明不自动认证当年过程
OI-U007	history/sources/次单调论文研究/分类集研究/RLEB_LT_operator_space_research_asset_v1/RLEB_LT_operator_space_research_asset_v1/01_CANONICAL_HANDOFF/mathematician_handoff/04_research_ideas.md	5	5	LF5-5	historical-evidence	报告没有重审原 RLEB。	source-report	deferred	research/canonical/operator_space_construction_frontier.md#ocf-source		源稿的依赖/旧审查或阅读行为报告，与本次规范证明及一手核验分别判定	若需使用历史行为或版本身份，核准确原审计/原页和版本；新证明不自动认证当年过程
OI-U008	history/sources/次单调论文研究/分类集研究/RLEB_LT_operator_space_research_asset_v1/RLEB_LT_operator_space_research_asset_v1/01_CANONICAL_HANDOFF/mathematician_handoff/04_research_ideas.md	5	5	LF5-5	historical-evidence	交接阶段 `06_math_audit.md` 已独立复核 A.2–A.4、C.2、F.2 的种子引理，并要求补上“充分选择工具的刚性不等于同尾空间刚性”与“局部观测不能控制完整域外图”两项边界；	source-report	deferred	research/canonical/operator_space_construction_frontier.md#ocf-source		源稿的依赖/旧审查或阅读行为报告，与本次规范证明及一手核验分别判定	若需使用历史行为或版本身份，核准确原审计/原页和版本；新证明不自动认证当年过程
OI-U009	history/sources/次单调论文研究/分类集研究/RLEB_LT_operator_space_research_asset_v1/RLEB_LT_operator_space_research_asset_v1/01_CANONICAL_HANDOFF/mathematician_handoff/04_research_ideas.md	5	5	LF5-5	historical-evidence	下文已按该审计修订。	source-report	deferred	research/canonical/operator_space_construction_frontier.md#ocf-source		源稿的依赖/旧审查或阅读行为报告，与本次规范证明及一手核验分别判定	若需使用历史行为或版本身份，核准确原审计/原页和版本；新证明不自动认证当年过程
OI-U010	history/sources/次单调论文研究/分类集研究/RLEB_LT_operator_space_research_asset_v1/RLEB_LT_operator_space_research_asset_v1/01_CANONICAL_HANDOFF/mathematician_handoff/04_research_ideas.md	6	6	LF6-6	organization	空行/排版分隔	nonmathematical	nonmathematical	research/canonical/operator_space_construction_frontier.md#ocf-specification		标题/排版/来源优先级；没有独立数学真值	无本单元数学义务；不关闭邻接断言
OI-U011	history/sources/次单调论文研究/分类集研究/RLEB_LT_operator_space_research_asset_v1/RLEB_LT_operator_space_research_asset_v1/01_CANONICAL_HANDOFF/mathematician_handoff/04_research_ideas.md	7	7	LF7-7	organization	## 0. 对理想目标的判断	nonmathematical	nonmathematical	research/canonical/operator_space_construction_frontier.md#ocf-specification		标题/排版/来源优先级；没有独立数学真值	无本单元数学义务；不关闭邻接断言
OI-U012	history/sources/次单调论文研究/分类集研究/RLEB_LT_operator_space_research_asset_v1/RLEB_LT_operator_space_research_asset_v1/01_CANONICAL_HANDOFF/mathematician_handoff/04_research_ideas.md	8	8	LF8-8	organization	空行/排版分隔	nonmathematical	nonmathematical	research/canonical/operator_space_construction_frontier.md#ocf-specification		标题/排版/来源优先级；没有独立数学真值	无本单元数学义务；不关闭邻接断言
OI-U013	history/sources/次单调论文研究/分类集研究/RLEB_LT_operator_space_research_asset_v1/RLEB_LT_operator_space_research_asset_v1/01_CANONICAL_HANDOFF/mathematician_handoff/04_research_ideas.md	9	9	LF9-9	scope-contract	用户理想的目标是：先选一个不含 RLEB/LT 标签、确有算法意义的原算子空间；	open	rewritten	research/canonical/operator_space_construction_frontier.md#ocf-specification		将该具体构造/范围义务重写为规范开放接口；不声称成功目标或失败条件已经实现	该路线答案仍open；逐项构造同对象、同拓扑、同预算的桥，不以来源任务标题或定理名称升级
OI-U014	history/sources/次单调论文研究/分类集研究/RLEB_LT_operator_space_research_asset_v1/RLEB_LT_operator_space_research_asset_v1/01_CANONICAL_HANDOFF/mathematician_handoff/04_research_ideas.md	9	9	LF9-9	scope-contract	再把两理论的认证条件化成对象性质；	open	rewritten	research/canonical/operator_space_construction_frontier.md#ocf-specification		将该具体构造/范围义务重写为规范开放接口；不声称成功目标或失败条件已经实现	该路线答案仍open；逐项构造同对象、同拓扑、同预算的桥，不以来源任务标题或定理名称升级
OI-U015	history/sources/次单调论文研究/分类集研究/RLEB_LT_operator_space_research_asset_v1/RLEB_LT_operator_space_research_asset_v1/01_CANONICAL_HANDOFF/mathematician_handoff/04_research_ideas.md	9	9	LF9-9	scope-contract	最后判断两个认证像的大小。	open	rewritten	research/canonical/operator_space_construction_frontier.md#ocf-specification		将该具体构造/范围义务重写为规范开放接口；不声称成功目标或失败条件已经实现	该路线答案仍open；逐项构造同对象、同拓扑、同预算的桥，不以来源任务标题或定理名称升级
OI-U016	history/sources/次单调论文研究/分类集研究/RLEB_LT_operator_space_research_asset_v1/RLEB_LT_operator_space_research_asset_v1/01_CANONICAL_HANDOFF/mathematician_handoff/04_research_ideas.md	9	9	LF9-9	scope-contract	这个目标没有被否定，也没有完成。	open	rewritten	research/canonical/operator_space_construction_frontier.md#ocf-specification		将该具体构造/范围义务重写为规范开放接口；不声称成功目标或失败条件已经实现	该路线答案仍open；逐项构造同对象、同拓扑、同预算的桥，不以来源任务标题或定理名称升级
OI-U017	history/sources/次单调论文研究/分类集研究/RLEB_LT_operator_space_research_asset_v1/RLEB_LT_operator_space_research_asset_v1/01_CANONICAL_HANDOFF/mathematician_handoff/04_research_ideas.md	10	10	LF10-10	organization	空行/排版分隔	nonmathematical	nonmathematical	research/canonical/operator_space_construction_frontier.md#ocf-specification		标题/排版/来源优先级；没有独立数学真值	无本单元数学义务；不关闭邻接断言
OI-U018	history/sources/次单调论文研究/分类集研究/RLEB_LT_operator_space_research_asset_v1/RLEB_LT_operator_space_research_asset_v1/01_CANONICAL_HANDOFF/mathematician_handoff/04_research_ideas.md	11	11	LF11-11	scope-contract	“先分类仿射解集＋非退化切向漂移层”单独不能回答这个目标。	open	rewritten	research/canonical/operator_space_construction_frontier.md#ocf-specification		将该具体构造/范围义务重写为规范开放接口；不声称成功目标或失败条件已经实现	该路线答案仍open；逐项构造同对象、同拓扑、同预算的桥，不以来源任务标题或定理名称升级
OI-U019	history/sources/次单调论文研究/分类集研究/RLEB_LT_operator_space_research_asset_v1/RLEB_LT_operator_space_research_asset_v1/01_CANONICAL_HANDOFF/mathematician_handoff/04_research_ideas.md	11	11	LF11-11	scope-contract	它必须附带该层到中立母空间的覆盖、非第一纲性或 category-preserving 转移定理，否则仍然只是结构层内结论。	open	rewritten	research/canonical/operator_space_construction_frontier.md#ocf-specification		将该具体构造/范围义务重写为规范开放接口；不声称成功目标或失败条件已经实现	该路线答案仍open；逐项构造同对象、同拓扑、同预算的桥，不以来源任务标题或定理名称升级
OI-U020	history/sources/次单调论文研究/分类集研究/RLEB_LT_operator_space_research_asset_v1/RLEB_LT_operator_space_research_asset_v1/01_CANONICAL_HANDOFF/mathematician_handoff/04_research_ideas.md	11	11	LF11-11	scope-contract	甚至该层的维数限制本身就应纳入审计：若	open	rewritten	research/canonical/operator_space_construction_frontier.md#ocf-specification		将该具体构造/范围义务重写为规范开放接口；不声称成功目标或失败条件已经实现	该路线答案仍open；逐项构造同对象、同拓扑、同预算的桥，不以来源任务标题或定理名称升级
OI-U021	history/sources/次单调论文研究/分类集研究/RLEB_LT_operator_space_research_asset_v1/RLEB_LT_operator_space_research_asset_v1/01_CANONICAL_HANDOFF/mathematician_handoff/04_research_ideas.md	12	12	LF12-12	organization	空行/排版分隔	nonmathematical	nonmathematical	research/canonical/operator_space_construction_frontier.md#ocf-specification		标题/排版/来源优先级；没有独立数学真值	无本单元数学义务；不关闭邻接断言
OI-U022	history/sources/次单调论文研究/分类集研究/RLEB_LT_operator_space_research_asset_v1/RLEB_LT_operator_space_research_asset_v1/01_CANONICAL_HANDOFF/mathematician_handoff/04_research_ideas.md	13	16	LF13-16	conditional-tool	\[ T(y,z)=(y+A(y,z),B(y,z)),\quad A(y,0)=0, \quad |A(y,z)|\ge c|z|, \]	derived-checked	rewritten	research/canonical/operator_space_construction_frontier.md#ocf-e		法向方向沿tz除t趋零给微分单射和维数门，规范正文直接论证	不表示该漂移层覆盖所有余维或母空间
OI-U023	history/sources/次单调论文研究/分类集研究/RLEB_LT_operator_space_research_asset_v1/RLEB_LT_operator_space_research_asset_v1/01_CANONICAL_HANDOFF/mathematician_handoff/04_research_ideas.md	17	17	LF17-17	organization	空行/排版分隔	nonmathematical	nonmathematical	research/canonical/operator_space_construction_frontier.md#ocf-specification		标题/排版/来源优先级；没有独立数学真值	无本单元数学义务；不关闭邻接断言
OI-U024	history/sources/次单调论文研究/分类集研究/RLEB_LT_operator_space_research_asset_v1/RLEB_LT_operator_space_research_asset_v1/01_CANONICAL_HANDOFF/mathematician_handoff/04_research_ideas.md	18	18	LF18-18	conditional-tool	且 \(A\) 在 \(z=0\) 可微，则	derived-checked	rewritten	research/canonical/operator_space_construction_frontier.md#ocf-e		法向方向沿tz除t趋零给微分单射和维数门，规范正文直接论证	不表示该漂移层覆盖所有余维或母空间
OI-U025	history/sources/次单调论文研究/分类集研究/RLEB_LT_operator_space_research_asset_v1/RLEB_LT_operator_space_research_asset_v1/01_CANONICAL_HANDOFF/mathematician_handoff/04_research_ideas.md	19	19	LF19-19	organization	空行/排版分隔	nonmathematical	nonmathematical	research/canonical/operator_space_construction_frontier.md#ocf-specification		标题/排版/来源优先级；没有独立数学真值	无本单元数学义务；不关闭邻接断言
OI-U026	history/sources/次单调论文研究/分类集研究/RLEB_LT_operator_space_research_asset_v1/RLEB_LT_operator_space_research_asset_v1/01_CANONICAL_HANDOFF/mathematician_handoff/04_research_ideas.md	20	22	LF20-22	conditional-tool	\[ |D_zA(y,0)z|\ge c|z|. \]	derived-checked	rewritten	research/canonical/operator_space_construction_frontier.md#ocf-e		法向方向沿tz除t趋零给微分单射和维数门，规范正文直接论证	不表示该漂移层覆盖所有余维或母空间
OI-U027	history/sources/次单调论文研究/分类集研究/RLEB_LT_operator_space_research_asset_v1/RLEB_LT_operator_space_research_asset_v1/01_CANONICAL_HANDOFF/mathematician_handoff/04_research_ideas.md	23	23	LF23-23	organization	空行/排版分隔	nonmathematical	nonmathematical	research/canonical/operator_space_construction_frontier.md#ocf-specification		标题/排版/来源优先级；没有独立数学真值	无本单元数学义务；不关闭邻接断言
OI-U028	history/sources/次单调论文研究/分类集研究/RLEB_LT_operator_space_research_asset_v1/RLEB_LT_operator_space_research_asset_v1/01_CANONICAL_HANDOFF/mathematician_handoff/04_research_ideas.md	24	24	LF24-24	conditional-tool	所以 \(D_zA:\mathbb R^n\to\mathbb R^m\) 必须单射，特别是 \(m\ge n\)。	derived-checked	rewritten	research/canonical/operator_space_construction_frontier.md#ocf-e		法向方向沿tz除t趋零给微分单射和维数门，规范正文直接论证	不表示该漂移层覆盖所有余维或母空间
OI-U029	history/sources/次单调论文研究/分类集研究/RLEB_LT_operator_space_research_asset_v1/RLEB_LT_operator_space_research_asset_v1/01_CANONICAL_HANDOFF/mathematician_handoff/04_research_ideas.md	24	24	LF24-24	conditional-tool	该结构不能作为所有维数、所有余维 PPA 系统的默认模型。	derived-checked	rewritten	research/canonical/operator_space_construction_frontier.md#ocf-e		法向方向沿tz除t趋零给微分单射和维数门，规范正文直接论证	不表示该漂移层覆盖所有余维或母空间
OI-U030	history/sources/次单调论文研究/分类集研究/RLEB_LT_operator_space_research_asset_v1/RLEB_LT_operator_space_research_asset_v1/01_CANONICAL_HANDOFF/mathematician_handoff/04_research_ideas.md	25	25	LF25-25	organization	空行/排版分隔	nonmathematical	nonmathematical	research/canonical/operator_space_construction_frontier.md#ocf-specification		标题/排版/来源优先级；没有独立数学真值	无本单元数学义务；不关闭邻接断言
OI-U031	history/sources/次单调论文研究/分类集研究/RLEB_LT_operator_space_research_asset_v1/RLEB_LT_operator_space_research_asset_v1/01_CANONICAL_HANDOFF/mathematician_handoff/04_research_ideas.md	26	26	LF26-26	organization	真正值得数学家提供 idea 的不是“再找一个不属于 LT 的函数”，而是以下三个桥：	nonmathematical	nonmathematical	research/canonical/operator_space_construction_frontier.md#ocf-specification		来源性质或任务组织，保留来源角色而不当数学成果	无本单元数学义务
OI-U032	history/sources/次单调论文研究/分类集研究/RLEB_LT_operator_space_research_asset_v1/RLEB_LT_operator_space_research_asset_v1/01_CANONICAL_HANDOFF/mathematician_handoff/04_research_ideas.md	27	27	LF27-27	organization	空行/排版分隔	nonmathematical	nonmathematical	research/canonical/operator_space_construction_frontier.md#ocf-specification		标题/排版/来源优先级；没有独立数学真值	无本单元数学义务；不关闭邻接断言
OI-U033	history/sources/次单调论文研究/分类集研究/RLEB_LT_operator_space_research_asset_v1/RLEB_LT_operator_space_research_asset_v1/01_CANONICAL_HANDOFF/mathematician_handoff/04_research_ideas.md	28	28	LF28-28	scope-contract	1. 将全轨道尾约束与全纤维 EB 化为可操作且具有自由度的对象条件；	open	rewritten	research/canonical/operator_space_construction_frontier.md#ocf-specification		将该具体构造/范围义务重写为规范开放接口；不声称成功目标或失败条件已经实现	该路线答案仍open；逐项构造同对象、同拓扑、同预算的桥，不以来源任务标题或定理名称升级
OI-U034	history/sources/次单调论文研究/分类集研究/RLEB_LT_operator_space_research_asset_v1/RLEB_LT_operator_space_research_asset_v1/01_CANONICAL_HANDOFF/mathematician_handoff/04_research_ideas.md	29	29	LF29-29	scope-contract	2. 判断 RLEB 对象像在中立拓扑中是否有非退化 Baire 部分；	open	rewritten	research/canonical/operator_space_construction_frontier.md#ocf-specification		将该具体构造/范围义务重写为规范开放接口；不声称成功目标或失败条件已经实现	该路线答案仍open；逐项构造同对象、同拓扑、同预算的桥，不以来源任务标题或定理名称升级
OI-U035	history/sources/次单调论文研究/分类集研究/RLEB_LT_operator_space_research_asset_v1/RLEB_LT_operator_space_research_asset_v1/01_CANONICAL_HANDOFF/mathematician_handoff/04_research_ideas.md	30	30	LF30-30	scope-contract	3. 建立从内生分层到母空间的合法类别转移，而不是只做层内统计。	open	rewritten	research/canonical/operator_space_construction_frontier.md#ocf-specification		将该具体构造/范围义务重写为规范开放接口；不声称成功目标或失败条件已经实现	该路线答案仍open；逐项构造同对象、同拓扑、同预算的桥，不以来源任务标题或定理名称升级
OI-U036	history/sources/次单调论文研究/分类集研究/RLEB_LT_operator_space_research_asset_v1/RLEB_LT_operator_space_research_asset_v1/01_CANONICAL_HANDOFF/mathematician_handoff/04_research_ideas.md	31	31	LF31-31	organization	空行/排版分隔	nonmathematical	nonmathematical	research/canonical/operator_space_construction_frontier.md#ocf-specification		标题/排版/来源优先级；没有独立数学真值	无本单元数学义务；不关闭邻接断言
OI-U037	history/sources/次单调论文研究/分类集研究/RLEB_LT_operator_space_research_asset_v1/RLEB_LT_operator_space_research_asset_v1/01_CANONICAL_HANDOFF/mathematician_handoff/04_research_ideas.md	32	32	LF32-32	organization	下列八条路线围绕这三点组织。	nonmathematical	nonmathematical	research/canonical/operator_space_construction_frontier.md#ocf-specification		来源性质或任务组织，保留来源角色而不当数学成果	无本单元数学义务
OI-U038	history/sources/次单调论文研究/分类集研究/RLEB_LT_operator_space_research_asset_v1/RLEB_LT_operator_space_research_asset_v1/01_CANONICAL_HANDOFF/mathematician_handoff/04_research_ideas.md	32	32	LF32-32	organization	第 1、2、3、4 条优先；	nonmathematical	nonmathematical	research/canonical/operator_space_construction_frontier.md#ocf-specification		来源性质或任务组织，保留来源角色而不当数学成果	无本单元数学义务
OI-U039	history/sources/次单调论文研究/分类集研究/RLEB_LT_operator_space_research_asset_v1/RLEB_LT_operator_space_research_asset_v1/01_CANONICAL_HANDOFF/mathematician_handoff/04_research_ideas.md	32	32	LF32-32	organization	第 5、6 条是几何诊断；	nonmathematical	nonmathematical	research/canonical/operator_space_construction_frontier.md#ocf-specification		来源性质或任务组织，保留来源角色而不当数学成果	无本单元数学义务
OI-U040	history/sources/次单调论文研究/分类集研究/RLEB_LT_operator_space_research_asset_v1/RLEB_LT_operator_space_research_asset_v1/01_CANONICAL_HANDOFF/mathematician_handoff/04_research_ideas.md	32	32	LF32-32	organization	第 7、8 条是整体纲无鉴别力时的替代成果形态。	nonmathematical	nonmathematical	research/canonical/operator_space_construction_frontier.md#ocf-specification		来源性质或任务组织，保留来源角色而不当数学成果	无本单元数学义务
OI-U041	history/sources/次单调论文研究/分类集研究/RLEB_LT_operator_space_research_asset_v1/RLEB_LT_operator_space_research_asset_v1/01_CANONICAL_HANDOFF/mathematician_handoff/04_research_ideas.md	33	33	LF33-33	organization	空行/排版分隔	nonmathematical	nonmathematical	research/canonical/operator_space_construction_frontier.md#ocf-specification		标题/排版/来源优先级；没有独立数学真值	无本单元数学义务；不关闭邻接断言
OI-U042	history/sources/次单调论文研究/分类集研究/RLEB_LT_operator_space_research_asset_v1/RLEB_LT_operator_space_research_asset_v1/01_CANONICAL_HANDOFF/mathematician_handoff/04_research_ideas.md	34	34	LF34-34	organization	## 1. 路线 A：内生 Lyapunov 塔与可行选择空间	nonmathematical	nonmathematical	research/canonical/operator_space_construction_frontier.md#ocf-a		标题/排版/来源优先级；没有独立数学真值	无本单元数学义务；不关闭邻接断言
OI-U043	history/sources/次单调论文研究/分类集研究/RLEB_LT_operator_space_research_asset_v1/RLEB_LT_operator_space_research_asset_v1/01_CANONICAL_HANDOFF/mathematician_handoff/04_research_ideas.md	35	35	LF35-35	organization	空行/排版分隔	nonmathematical	nonmathematical	research/canonical/operator_space_construction_frontier.md#ocf-a		标题/排版/来源优先级；没有独立数学真值	无本单元数学义务；不关闭邻接断言
OI-U044	history/sources/次单调论文研究/分类集研究/RLEB_LT_operator_space_research_asset_v1/RLEB_LT_operator_space_research_asset_v1/01_CANONICAL_HANDOFF/mathematician_handoff/04_research_ideas.md	36	36	LF36-36	organization	### A.1 核心 idea	nonmathematical	nonmathematical	research/canonical/operator_space_construction_frontier.md#ocf-a		标题/排版/来源优先级；没有独立数学真值	无本单元数学义务；不关闭邻接断言
OI-U045	history/sources/次单调论文研究/分类集研究/RLEB_LT_operator_space_research_asset_v1/RLEB_LT_operator_space_research_asset_v1/01_CANONICAL_HANDOFF/mathematician_handoff/04_research_ideas.md	37	37	LF37-37	organization	空行/排版分隔	nonmathematical	nonmathematical	research/canonical/operator_space_construction_frontier.md#ocf-a		标题/排版/来源优先级；没有独立数学真值	无本单元数学义务；不关闭邻接断言
OI-U046	history/sources/次单调论文研究/分类集研究/RLEB_LT_operator_space_research_asset_v1/RLEB_LT_operator_space_research_asset_v1/01_CANONICAL_HANDOFF/mathematician_handoff/04_research_ideas.md	38	38	LF38-38	scope-contract	不先挑正常收缩模型，而从任意已经具有一致有限长度尾的实际动力系统 \(T\) 出发，把它的全部未来轨道编码为一族内生函数。	open	rewritten	research/canonical/operator_space_construction_frontier.md#ocf-a		将该具体构造/范围义务重写为规范开放接口；不声称成功目标或失败条件已经实现	该路线答案仍open；逐项构造同对象、同拓扑、同预算的桥，不以来源任务标题或定理名称升级
OI-U047	history/sources/次单调论文研究/分类集研究/RLEB_LT_operator_space_research_asset_v1/RLEB_LT_operator_space_research_asset_v1/01_CANONICAL_HANDOFF/mathematician_handoff/04_research_ideas.md	38	38	LF38-38	scope-contract	然后把“修改后仍满足全时间预算”转成逐点可行选择约束。	open	rewritten	research/canonical/operator_space_construction_frontier.md#ocf-a		将该具体构造/范围义务重写为规范开放接口；不声称成功目标或失败条件已经实现	该路线答案仍open；逐项构造同对象、同拓扑、同预算的桥，不以来源任务标题或定理名称升级
OI-U048	history/sources/次单调论文研究/分类集研究/RLEB_LT_operator_space_research_asset_v1/RLEB_LT_operator_space_research_asset_v1/01_CANONICAL_HANDOFF/mathematician_handoff/04_research_ideas.md	39	39	LF39-39	organization	空行/排版分隔	nonmathematical	nonmathematical	research/canonical/operator_space_construction_frontier.md#ocf-a		标题/排版/来源优先级；没有独立数学真值	无本单元数学义务；不关闭邻接断言
OI-U049	history/sources/次单调论文研究/分类集研究/RLEB_LT_operator_space_research_asset_v1/RLEB_LT_operator_space_research_asset_v1/01_CANONICAL_HANDOFF/mathematician_handoff/04_research_ideas.md	40	40	LF40-40	scope-contract	这条路线最直接触及 full-fiber EB 与实际 tail 的耦合瓶颈，也能明确揭示何时可行集合刚性到没有任何修改自由度。	open	rewritten	research/canonical/operator_space_construction_frontier.md#ocf-a		将该具体构造/范围义务重写为规范开放接口；不声称成功目标或失败条件已经实现	该路线答案仍open；逐项构造同对象、同拓扑、同预算的桥，不以来源任务标题或定理名称升级
OI-U050	history/sources/次单调论文研究/分类集研究/RLEB_LT_operator_space_research_asset_v1/RLEB_LT_operator_space_research_asset_v1/01_CANONICAL_HANDOFF/mathematician_handoff/04_research_ideas.md	41	41	LF41-41	organization	空行/排版分隔	nonmathematical	nonmathematical	research/canonical/operator_space_construction_frontier.md#ocf-a		标题/排版/来源优先级；没有独立数学真值	无本单元数学义务；不关闭邻接断言
OI-U051	history/sources/次单调论文研究/分类集研究/RLEB_LT_operator_space_research_asset_v1/RLEB_LT_operator_space_research_asset_v1/01_CANONICAL_HANDOFF/mathematician_handoff/04_research_ideas.md	42	42	LF42-42	organization	### A.2 可直接证明的种子引理：长度尾保持	nonmathematical	nonmathematical	research/canonical/operator_space_construction_frontier.md#ocf-a		标题/排版/来源优先级；没有独立数学真值	无本单元数学义务；不关闭邻接断言
OI-U052	history/sources/次单调论文研究/分类集研究/RLEB_LT_operator_space_research_asset_v1/RLEB_LT_operator_space_research_asset_v1/01_CANONICAL_HANDOFF/mathematician_handoff/04_research_ideas.md	43	43	LF43-43	organization	空行/排版分隔	nonmathematical	nonmathematical	research/canonical/operator_space_construction_frontier.md#ocf-a		标题/排版/来源优先级；没有独立数学真值	无本单元数学义务；不关闭邻接断言
OI-U053	history/sources/次单调论文研究/分类集研究/RLEB_LT_operator_space_research_asset_v1/RLEB_LT_operator_space_research_asset_v1/01_CANONICAL_HANDOFF/mathematician_handoff/04_research_ideas.md	44	44	LF44-44	definition	设 \(K\subset\mathbb R^d\) 紧，\(T\in C(K,K)\)，\(\operatorname{Fix}T=S\)，且	derived-checked	rewritten	research/operator_space.md#os-tower-proof	C131-v1	已用同一紧源、连续性和统一有限长度尾的C131完整证明独立重建	非平凡选择自由度和母空间位置仍开放
OI-U054	history/sources/次单调论文研究/分类集研究/RLEB_LT_operator_space_research_asset_v1/RLEB_LT_operator_space_research_asset_v1/01_CANONICAL_HANDOFF/mathematician_handoff/04_research_ideas.md	45	45	LF45-45	organization	空行/排版分隔	nonmathematical	nonmathematical	research/canonical/operator_space_construction_frontier.md#ocf-a		标题/排版/来源优先级；没有独立数学真值	无本单元数学义务；不关闭邻接断言
OI-U055	history/sources/次单调论文研究/分类集研究/RLEB_LT_operator_space_research_asset_v1/RLEB_LT_operator_space_research_asset_v1/01_CANONICAL_HANDOFF/mathematician_handoff/04_research_ideas.md	46	50	LF46-50	definition	\[ L_n(T):=\sup_{x\in K}\sum_{k\ge n} \|T^{k+1}x-T^kx\|\longrightarrow0. \tag{A1} \]	derived-checked	rewritten	research/operator_space.md#os-tower-proof	C131-v1	已用同一紧源、连续性和统一有限长度尾的C131完整证明独立重建	非平凡选择自由度和母空间位置仍开放
OI-U056	history/sources/次单调论文研究/分类集研究/RLEB_LT_operator_space_research_asset_v1/RLEB_LT_operator_space_research_asset_v1/01_CANONICAL_HANDOFF/mathematician_handoff/04_research_ideas.md	51	51	LF51-51	organization	空行/排版分隔	nonmathematical	nonmathematical	research/canonical/operator_space_construction_frontier.md#ocf-a		标题/排版/来源优先级；没有独立数学真值	无本单元数学义务；不关闭邻接断言
OI-U057	history/sources/次单调论文研究/分类集研究/RLEB_LT_operator_space_research_asset_v1/RLEB_LT_operator_space_research_asset_v1/01_CANONICAL_HANDOFF/mathematician_handoff/04_research_ideas.md	52	52	LF52-52	definition	定义不带任意见证参数的函数塔	derived-checked	rewritten	research/operator_space.md#os-tower-proof	C131-v1	已用同一紧源、连续性和统一有限长度尾的C131完整证明独立重建	非平凡选择自由度和母空间位置仍开放
OI-U058	history/sources/次单调论文研究/分类集研究/RLEB_LT_operator_space_research_asset_v1/RLEB_LT_operator_space_research_asset_v1/01_CANONICAL_HANDOFF/mathematician_handoff/04_research_ideas.md	53	53	LF53-53	organization	空行/排版分隔	nonmathematical	nonmathematical	research/canonical/operator_space_construction_frontier.md#ocf-a		标题/排版/来源优先级；没有独立数学真值	无本单元数学义务；不关闭邻接断言
OI-U059	history/sources/次单调论文研究/分类集研究/RLEB_LT_operator_space_research_asset_v1/RLEB_LT_operator_space_research_asset_v1/01_CANONICAL_HANDOFF/mathematician_handoff/04_research_ideas.md	54	57	LF54-57	definition	\[ V_j^T(x)=\sum_{k\ge j}\|T^{k+1}x-T^kx\|. \tag{A2} \]	derived-checked	rewritten	research/operator_space.md#os-tower-proof	C131-v1	已用同一紧源、连续性和统一有限长度尾的C131完整证明独立重建	非平凡选择自由度和母空间位置仍开放
OI-U060	history/sources/次单调论文研究/分类集研究/RLEB_LT_operator_space_research_asset_v1/RLEB_LT_operator_space_research_asset_v1/01_CANONICAL_HANDOFF/mathematician_handoff/04_research_ideas.md	58	58	LF58-58	organization	空行/排版分隔	nonmathematical	nonmathematical	research/canonical/operator_space_construction_frontier.md#ocf-a		标题/排版/来源优先级；没有独立数学真值	无本单元数学义务；不关闭邻接断言
OI-U061	history/sources/次单调论文研究/分类集研究/RLEB_LT_operator_space_research_asset_v1/RLEB_LT_operator_space_research_asset_v1/01_CANONICAL_HANDOFF/mathematician_handoff/04_research_ideas.md	59	59	LF59-59	proof-step	则每个 \(V_j^T\) 连续，且	derived-checked	rewritten	research/operator_space.md#os-tower-proof	C131-v1	已用同一紧源、连续性和统一有限长度尾的C131完整证明独立重建	非平凡选择自由度和母空间位置仍开放
OI-U062	history/sources/次单调论文研究/分类集研究/RLEB_LT_operator_space_research_asset_v1/RLEB_LT_operator_space_research_asset_v1/01_CANONICAL_HANDOFF/mathematician_handoff/04_research_ideas.md	60	60	LF60-60	organization	空行/排版分隔	nonmathematical	nonmathematical	research/canonical/operator_space_construction_frontier.md#ocf-a		标题/排版/来源优先级；没有独立数学真值	无本单元数学义务；不关闭邻接断言
OI-U063	history/sources/次单调论文研究/分类集研究/RLEB_LT_operator_space_research_asset_v1/RLEB_LT_operator_space_research_asset_v1/01_CANONICAL_HANDOFF/mathematician_handoff/04_research_ideas.md	61	65	LF61-65	proof-step	\[ V_j^T(Tx)=V_{j+1}^T(x),\qquad V_0^T(x)-V_1^T(x)=\|Tx-x\|. \tag{A3} \]	derived-checked	rewritten	research/operator_space.md#os-tower-proof	C131-v1	已用同一紧源、连续性和统一有限长度尾的C131完整证明独立重建	非平凡选择自由度和母空间位置仍开放
OI-U064	history/sources/次单调论文研究/分类集研究/RLEB_LT_operator_space_research_asset_v1/RLEB_LT_operator_space_research_asset_v1/01_CANONICAL_HANDOFF/mathematician_handoff/04_research_ideas.md	66	66	LF66-66	organization	空行/排版分隔	nonmathematical	nonmathematical	research/canonical/operator_space_construction_frontier.md#ocf-a		标题/排版/来源优先级；没有独立数学真值	无本单元数学义务；不关闭邻接断言
OI-U065	history/sources/次单调论文研究/分类集研究/RLEB_LT_operator_space_research_asset_v1/RLEB_LT_operator_space_research_asset_v1/01_CANONICAL_HANDOFF/mathematician_handoff/04_research_ideas.md	67	67	LF67-67	proof-step	取连续 \(U:K\to K\)，若对所有 \(x\in K\)、所有 \(j\ge0\) 有	derived-checked	rewritten	research/operator_space.md#os-tower-proof	C131-v1	已用同一紧源、连续性和统一有限长度尾的C131完整证明独立重建	非平凡选择自由度和母空间位置仍开放
OI-U066	history/sources/次单调论文研究/分类集研究/RLEB_LT_operator_space_research_asset_v1/RLEB_LT_operator_space_research_asset_v1/01_CANONICAL_HANDOFF/mathematician_handoff/04_research_ideas.md	68	68	LF68-68	organization	空行/排版分隔	nonmathematical	nonmathematical	research/canonical/operator_space_construction_frontier.md#ocf-a		标题/排版/来源优先级；没有独立数学真值	无本单元数学义务；不关闭邻接断言
OI-U067	history/sources/次单调论文研究/分类集研究/RLEB_LT_operator_space_research_asset_v1/RLEB_LT_operator_space_research_asset_v1/01_CANONICAL_HANDOFF/mathematician_handoff/04_research_ideas.md	69	73	LF69-73	proof-step	\[ \|Ux-x\|+V_0^T(Ux)\le V_0^T(x), \qquad V_j^T(Ux)\le V_{j+1}^T(x), \tag{A4} \]	derived-checked	rewritten	research/operator_space.md#os-tower-proof	C131-v1	已用同一紧源、连续性和统一有限长度尾的C131完整证明独立重建	非平凡选择自由度和母空间位置仍开放
OI-U068	history/sources/次单调论文研究/分类集研究/RLEB_LT_operator_space_research_asset_v1/RLEB_LT_operator_space_research_asset_v1/01_CANONICAL_HANDOFF/mathematician_handoff/04_research_ideas.md	74	74	LF74-74	organization	空行/排版分隔	nonmathematical	nonmathematical	research/canonical/operator_space_construction_frontier.md#ocf-a		标题/排版/来源优先级；没有独立数学真值	无本单元数学义务；不关闭邻接断言
OI-U069	history/sources/次单调论文研究/分类集研究/RLEB_LT_operator_space_research_asset_v1/RLEB_LT_operator_space_research_asset_v1/01_CANONICAL_HANDOFF/mathematician_handoff/04_research_ideas.md	75	75	LF75-75	proof-step	则	derived-checked	rewritten	research/operator_space.md#os-tower-proof	C131-v1	已用同一紧源、连续性和统一有限长度尾的C131完整证明独立重建	非平凡选择自由度和母空间位置仍开放
OI-U070	history/sources/次单调论文研究/分类集研究/RLEB_LT_operator_space_research_asset_v1/RLEB_LT_operator_space_research_asset_v1/01_CANONICAL_HANDOFF/mathematician_handoff/04_research_ideas.md	76	76	LF76-76	organization	空行/排版分隔	nonmathematical	nonmathematical	research/canonical/operator_space_construction_frontier.md#ocf-a		标题/排版/来源优先级；没有独立数学真值	无本单元数学义务；不关闭邻接断言
OI-U071	history/sources/次单调论文研究/分类集研究/RLEB_LT_operator_space_research_asset_v1/RLEB_LT_operator_space_research_asset_v1/01_CANONICAL_HANDOFF/mathematician_handoff/04_research_ideas.md	77	82	LF77-82	proof-step	\[ \operatorname{Fix}U=S,\qquad \sum_{k\ge n}\|U^{k+1}x-U^kx\| \le V_n^T(x), \tag{A5} \]	derived-checked	rewritten	research/operator_space.md#os-tower-proof	C131-v1	已用同一紧源、连续性和统一有限长度尾的C131完整证明独立重建	非平凡选择自由度和母空间位置仍开放
OI-U072	history/sources/次单调论文研究/分类集研究/RLEB_LT_operator_space_research_asset_v1/RLEB_LT_operator_space_research_asset_v1/01_CANONICAL_HANDOFF/mathematician_handoff/04_research_ideas.md	83	83	LF83-83	organization	空行/排版分隔	nonmathematical	nonmathematical	research/canonical/operator_space_construction_frontier.md#ocf-a		标题/排版/来源优先级；没有独立数学真值	无本单元数学义务；不关闭邻接断言
OI-U073	history/sources/次单调论文研究/分类集研究/RLEB_LT_operator_space_research_asset_v1/RLEB_LT_operator_space_research_asset_v1/01_CANONICAL_HANDOFF/mathematician_handoff/04_research_ideas.md	84	84	LF84-84	proof-step	故 \(U\) 的长度尾逐项不超过同一 \(L_n(T)\)，且各轨道收敛到 \(S\)。	derived-checked	rewritten	research/operator_space.md#os-tower-proof	C131-v1	已用同一紧源、连续性和统一有限长度尾的C131完整证明独立重建	非平凡选择自由度和母空间位置仍开放
OI-U074	history/sources/次单调论文研究/分类集研究/RLEB_LT_operator_space_research_asset_v1/RLEB_LT_operator_space_research_asset_v1/01_CANONICAL_HANDOFF/mathematician_handoff/04_research_ideas.md	85	85	LF85-85	organization	空行/排版分隔	nonmathematical	nonmathematical	research/canonical/operator_space_construction_frontier.md#ocf-a		标题/排版/来源优先级；没有独立数学真值	无本单元数学义务；不关闭邻接断言
OI-U075	history/sources/次单调论文研究/分类集研究/RLEB_LT_operator_space_research_asset_v1/RLEB_LT_operator_space_research_asset_v1/01_CANONICAL_HANDOFF/mathematician_handoff/04_research_ideas.md	86	86	LF86-86	proof-step	证明要点：由第二个条件归纳，\(V_j^T(U^nx)\le V_{j+n}^T(x)\)；	derived-checked	rewritten	research/operator_space.md#os-tower-proof	C131-v1	已用同一紧源、连续性和统一有限长度尾的C131完整证明独立重建	非平凡选择自由度和母空间位置仍开放
OI-U076	history/sources/次单调论文研究/分类集研究/RLEB_LT_operator_space_research_asset_v1/RLEB_LT_operator_space_research_asset_v1/01_CANONICAL_HANDOFF/mathematician_handoff/04_research_ideas.md	86	86	LF86-86	proof-step	第一个条件沿轨道望远镜相加。	derived-checked	rewritten	research/operator_space.md#os-tower-proof	C131-v1	已用同一紧源、连续性和统一有限长度尾的C131完整证明独立重建	非平凡选择自由度和母空间位置仍开放
OI-U077	history/sources/次单调论文研究/分类集研究/RLEB_LT_operator_space_research_asset_v1/RLEB_LT_operator_space_research_asset_v1/01_CANONICAL_HANDOFF/mathematician_handoff/04_research_ideas.md	86	86	LF86-86	proof-step	若 \(Ux=x\notin S\)，则第二个条件在 \(j=0\) 给 \(V_0^T(x)\le V_1^T(x)\)，与 (A3) 矛盾。	derived-checked	rewritten	research/operator_space.md#os-tower-proof	C131-v1	已用同一紧源、连续性和统一有限长度尾的C131完整证明独立重建	非平凡选择自由度和母空间位置仍开放
OI-U078	history/sources/次单调论文研究/分类集研究/RLEB_LT_operator_space_research_asset_v1/RLEB_LT_operator_space_research_asset_v1/01_CANONICAL_HANDOFF/mathematician_handoff/04_research_ideas.md	86	86	LF86-86	proof-step	若 \(x\in S\)，第一个条件迫使 \(Ux=x\)。	derived-checked	rewritten	research/operator_space.md#os-tower-proof	C131-v1	已用同一紧源、连续性和统一有限长度尾的C131完整证明独立重建	非平凡选择自由度和母空间位置仍开放
OI-U079	history/sources/次单调论文研究/分类集研究/RLEB_LT_operator_space_research_asset_v1/RLEB_LT_operator_space_research_asset_v1/01_CANONICAL_HANDOFF/mathematician_handoff/04_research_ideas.md	86	86	LF86-86	proof-step	极限是固定点由连续性得到。	derived-checked	rewritten	research/operator_space.md#os-tower-proof	C131-v1	已用同一紧源、连续性和统一有限长度尾的C131完整证明独立重建	非平凡选择自由度和母空间位置仍开放
OI-U080	history/sources/次单调论文研究/分类集研究/RLEB_LT_operator_space_research_asset_v1/RLEB_LT_operator_space_research_asset_v1/01_CANONICAL_HANDOFF/mathematician_handoff/04_research_ideas.md	86	86	LF86-86	proof-step	这里没有假定三角结构、法向幂模型或尖点。	derived-checked	rewritten	research/operator_space.md#os-tower-proof	C131-v1	已用同一紧源、连续性和统一有限长度尾的C131完整证明独立重建	非平凡选择自由度和母空间位置仍开放
OI-U081	history/sources/次单调论文研究/分类集研究/RLEB_LT_operator_space_research_asset_v1/RLEB_LT_operator_space_research_asset_v1/01_CANONICAL_HANDOFF/mathematician_handoff/04_research_ideas.md	87	87	LF87-87	organization	空行/排版分隔	nonmathematical	nonmathematical	research/canonical/operator_space_construction_frontier.md#ocf-a		标题/排版/来源优先级；没有独立数学真值	无本单元数学义务；不关闭邻接断言
OI-U082	history/sources/次单调论文研究/分类集研究/RLEB_LT_operator_space_research_asset_v1/RLEB_LT_operator_space_research_asset_v1/01_CANONICAL_HANDOFF/mathematician_handoff/04_research_ideas.md	88	88	LF88-88	organization	### A.3 同时容纳真实全纤维 EB	nonmathematical	nonmathematical	research/canonical/operator_space_construction_frontier.md#ocf-a		标题/排版/来源优先级；没有独立数学真值	无本单元数学义务；不关闭邻接断言
OI-U083	history/sources/次单调论文研究/分类集研究/RLEB_LT_operator_space_research_asset_v1/RLEB_LT_operator_space_research_asset_v1/01_CANONICAL_HANDOFF/mathematician_handoff/04_research_ideas.md	89	89	LF89-89	organization	空行/排版分隔	nonmathematical	nonmathematical	research/canonical/operator_space_construction_frontier.md#ocf-a		标题/排版/来源优先级；没有独立数学真值	无本单元数学义务；不关闭邻接断言
OI-U084	history/sources/次单调论文研究/分类集研究/RLEB_LT_operator_space_research_asset_v1/RLEB_LT_operator_space_research_asset_v1/01_CANONICAL_HANDOFF/mathematician_handoff/04_research_ideas.md	90	90	LF90-90	definition	在完整紧源图卡内定义	derived-checked	rewritten	research/operator_space.md#os-fiber-eb	C132-v1	完整紧源逆纤维取到残差，由每输入步界直接转真EB；新关系身份明确	既有原关系的源外输入与额外纤维另核
OI-U085	history/sources/次单调论文研究/分类集研究/RLEB_LT_operator_space_research_asset_v1/RLEB_LT_operator_space_research_asset_v1/01_CANONICAL_HANDOFF/mathematician_handoff/04_research_ideas.md	91	91	LF91-91	organization	空行/排版分隔	nonmathematical	nonmathematical	research/canonical/operator_space_construction_frontier.md#ocf-a		标题/排版/来源优先级；没有独立数学真值	无本单元数学义务；不关闭邻接断言
OI-U086	history/sources/次单调论文研究/分类集研究/RLEB_LT_operator_space_research_asset_v1/RLEB_LT_operator_space_research_asset_v1/01_CANONICAL_HANDOFF/mathematician_handoff/04_research_ideas.md	92	95	LF92-95	definition	\[ F_U(u)=\{(x-u)/\lambda:x\in K,\ Ux=u\}. \tag{A6} \]	derived-checked	rewritten	research/operator_space.md#os-fiber-eb	C132-v1	完整紧源逆纤维取到残差，由每输入步界直接转真EB；新关系身份明确	既有原关系的源外输入与额外纤维另核
OI-U087	history/sources/次单调论文研究/分类集研究/RLEB_LT_operator_space_research_asset_v1/RLEB_LT_operator_space_research_asset_v1/01_CANONICAL_HANDOFF/mathematician_handoff/04_research_ideas.md	96	96	LF96-96	organization	空行/排版分隔	nonmathematical	nonmathematical	research/canonical/operator_space_construction_frontier.md#ocf-a		标题/排版/来源优先级；没有独立数学真值	无本单元数学义务；不关闭邻接断言
OI-U088	history/sources/次单调论文研究/分类集研究/RLEB_LT_operator_space_research_asset_v1/RLEB_LT_operator_space_research_asset_v1/01_CANONICAL_HANDOFF/mathematician_handoff/04_research_ideas.md	97	97	LF97-97	proof-step	设 \(\psi\) 连续非降且 \(\psi(0)=0\)。	derived-checked	rewritten	research/operator_space.md#os-fiber-eb	C132-v1	完整紧源逆纤维取到残差，由每输入步界直接转真EB；新关系身份明确	既有原关系的源外输入与额外纤维另核
OI-U089	history/sources/次单调论文研究/分类集研究/RLEB_LT_operator_space_research_asset_v1/RLEB_LT_operator_space_research_asset_v1/01_CANONICAL_HANDOFF/mathematician_handoff/04_research_ideas.md	97	97	LF97-97	proof-step	在 (A4) 外，对所有输入要求	derived-checked	rewritten	research/operator_space.md#os-fiber-eb	C132-v1	完整紧源逆纤维取到残差，由每输入步界直接转真EB；新关系身份明确	既有原关系的源外输入与额外纤维另核
OI-U090	history/sources/次单调论文研究/分类集研究/RLEB_LT_operator_space_research_asset_v1/RLEB_LT_operator_space_research_asset_v1/01_CANONICAL_HANDOFF/mathematician_handoff/04_research_ideas.md	98	98	LF98-98	organization	空行/排版分隔	nonmathematical	nonmathematical	research/canonical/operator_space_construction_frontier.md#ocf-a		标题/排版/来源优先级；没有独立数学真值	无本单元数学义务；不关闭邻接断言
OI-U091	history/sources/次单调论文研究/分类集研究/RLEB_LT_operator_space_research_asset_v1/RLEB_LT_operator_space_research_asset_v1/01_CANONICAL_HANDOFF/mathematician_handoff/04_research_ideas.md	99	102	LF99-102	proof-step	\[ d(Ux,S)\le\psi(\|x-Ux\|/\lambda). \tag{A7} \]	derived-checked	rewritten	research/operator_space.md#os-fiber-eb	C132-v1	完整紧源逆纤维取到残差，由每输入步界直接转真EB；新关系身份明确	既有原关系的源外输入与额外纤维另核
OI-U092	history/sources/次单调论文研究/分类集研究/RLEB_LT_operator_space_research_asset_v1/RLEB_LT_operator_space_research_asset_v1/01_CANONICAL_HANDOFF/mathematician_handoff/04_research_ideas.md	103	103	LF103-103	organization	空行/排版分隔	nonmathematical	nonmathematical	research/canonical/operator_space_construction_frontier.md#ocf-a		标题/排版/来源优先级；没有独立数学真值	无本单元数学义务；不关闭邻接断言
OI-U093	history/sources/次单调论文研究/分类集研究/RLEB_LT_operator_space_research_asset_v1/RLEB_LT_operator_space_research_asset_v1/01_CANONICAL_HANDOFF/mathematician_handoff/04_research_ideas.md	104	104	LF104-104	proof-step	则对每个完整输出纤维取下确界，得到	derived-checked	rewritten	research/operator_space.md#os-fiber-eb	C132-v1	完整紧源逆纤维取到残差，由每输入步界直接转真EB；新关系身份明确	既有原关系的源外输入与额外纤维另核
OI-U094	history/sources/次单调论文研究/分类集研究/RLEB_LT_operator_space_research_asset_v1/RLEB_LT_operator_space_research_asset_v1/01_CANONICAL_HANDOFF/mathematician_handoff/04_research_ideas.md	105	105	LF105-105	organization	空行/排版分隔	nonmathematical	nonmathematical	research/canonical/operator_space_construction_frontier.md#ocf-a		标题/排版/来源优先级；没有独立数学真值	无本单元数学义务；不关闭邻接断言
OI-U095	history/sources/次单调论文研究/分类集研究/RLEB_LT_operator_space_research_asset_v1/RLEB_LT_operator_space_research_asset_v1/01_CANONICAL_HANDOFF/mathematician_handoff/04_research_ideas.md	106	109	LF106-109	proof-step	\[ d(u,S)\le\psi\bigl(\operatorname{dist}(0,F_U(u))\bigr). \tag{A8} \]	derived-checked	rewritten	research/operator_space.md#os-fiber-eb	C132-v1	完整紧源逆纤维取到残差，由每输入步界直接转真EB；新关系身份明确	既有原关系的源外输入与额外纤维另核
OI-U096	history/sources/次单调论文研究/分类集研究/RLEB_LT_operator_space_research_asset_v1/RLEB_LT_operator_space_research_asset_v1/01_CANONICAL_HANDOFF/mathematician_handoff/04_research_ideas.md	110	110	LF110-110	organization	空行/排版分隔	nonmathematical	nonmathematical	research/canonical/operator_space_construction_frontier.md#ocf-a		标题/排版/来源优先级；没有独立数学真值	无本单元数学义务；不关闭邻接断言
OI-U097	history/sources/次单调论文研究/分类集研究/RLEB_LT_operator_space_research_asset_v1/RLEB_LT_operator_space_research_asset_v1/01_CANONICAL_HANDOFF/mathematician_handoff/04_research_ideas.md	111	111	LF111-111	definition	因此可定义逐点闭可行对应	derived-checked	rewritten	research/canonical/operator_space_construction_frontier.md#ocf-a		固定同一K/T/塔并保ψ连续的可行对应；闭性不扩给任意非减函数	连续非平凡选择、下半连续及丰富性未证
OI-U098	history/sources/次单调论文研究/分类集研究/RLEB_LT_operator_space_research_asset_v1/RLEB_LT_operator_space_research_asset_v1/01_CANONICAL_HANDOFF/mathematician_handoff/04_research_ideas.md	112	112	LF112-112	organization	空行/排版分隔	nonmathematical	nonmathematical	research/canonical/operator_space_construction_frontier.md#ocf-a		标题/排版/来源优先级；没有独立数学真值	无本单元数学义务；不关闭邻接断言
OI-U099	history/sources/次单调论文研究/分类集研究/RLEB_LT_operator_space_research_asset_v1/RLEB_LT_operator_space_research_asset_v1/01_CANONICAL_HANDOFF/mathematician_handoff/04_research_ideas.md	113	121	LF113-121	definition	\[ \begin{aligned} Q_{T,\psi}(x)=\{y\in K: &\ \|y-x\|+V_0^T(y)\le V_0^T(x),\\ &\ V_j^T(y)\le V_{j+1}^T(x)\quad(\forall j),\\ &\ d(y,S)\le\psi(\|x-y\|/\lambda)\}. \end{aligned} \tag{A9} \]	derived-checked	rewritten	research/canonical/operator_space_construction_frontier.md#ocf-a		固定同一K/T/塔并保ψ连续的可行对应；闭性不扩给任意非减函数	连续非平凡选择、下半连续及丰富性未证
OI-U100	history/sources/次单调论文研究/分类集研究/RLEB_LT_operator_space_research_asset_v1/RLEB_LT_operator_space_research_asset_v1/01_CANONICAL_HANDOFF/mathematician_handoff/04_research_ideas.md	122	122	LF122-122	organization	空行/排版分隔	nonmathematical	nonmathematical	research/canonical/operator_space_construction_frontier.md#ocf-a		标题/排版/来源优先级；没有独立数学真值	无本单元数学义务；不关闭邻接断言
OI-U101	history/sources/次单调论文研究/分类集研究/RLEB_LT_operator_space_research_asset_v1/RLEB_LT_operator_space_research_asset_v1/01_CANONICAL_HANDOFF/mathematician_handoff/04_research_ideas.md	123	123	LF123-123	scope-contract	问题成为：\(Q_{T,\psi}\) 是否存在足够丰富的连续/Hölder 选择？	open	rewritten	research/canonical/operator_space_construction_frontier.md#ocf-a		将该具体构造/范围义务重写为规范开放接口；不声称成功目标或失败条件已经实现	该路线答案仍open；逐项构造同对象、同拓扑、同预算的桥，不以来源任务标题或定理名称升级
OI-U102	history/sources/次单调论文研究/分类集研究/RLEB_LT_operator_space_research_asset_v1/RLEB_LT_operator_space_research_asset_v1/01_CANONICAL_HANDOFF/mathematician_handoff/04_research_ideas.md	123	123	LF123-123	scope-contract	在一个共同的 all-pairs 模预算中，这个选择空间是否能击穿有界 LT 认证块？	open	rewritten	research/canonical/operator_space_construction_frontier.md#ocf-a		将该具体构造/范围义务重写为规范开放接口；不声称成功目标或失败条件已经实现	该路线答案仍open；逐项构造同对象、同拓扑、同预算的桥，不以来源任务标题或定理名称升级
OI-U103	history/sources/次单调论文研究/分类集研究/RLEB_LT_operator_space_research_asset_v1/RLEB_LT_operator_space_research_asset_v1/01_CANONICAL_HANDOFF/mathematician_handoff/04_research_ideas.md	124	124	LF124-124	organization	空行/排版分隔	nonmathematical	nonmathematical	research/canonical/operator_space_construction_frontier.md#ocf-a		标题/排版/来源优先级；没有独立数学真值	无本单元数学义务；不关闭邻接断言
OI-U104	history/sources/次单调论文研究/分类集研究/RLEB_LT_operator_space_research_asset_v1/RLEB_LT_operator_space_research_asset_v1/01_CANONICAL_HANDOFF/mathematician_handoff/04_research_ideas.md	125	125	LF125-125	scope-contract	原全局图版本不能将外部逆像裁掉。	open	rewritten	research/canonical/operator_space_construction_frontier.md#ocf-a		将该具体构造/范围义务重写为规范开放接口；不声称成功目标或失败条件已经实现	该路线答案仍open；逐项构造同对象、同拓扑、同预算的桥，不以来源任务标题或定理名称升级
OI-U105	history/sources/次单调论文研究/分类集研究/RLEB_LT_operator_space_research_asset_v1/RLEB_LT_operator_space_research_asset_v1/01_CANONICAL_HANDOFF/mathematician_handoff/04_research_ideas.md	125	125	LF125-125	scope-contract	可采用“在紧输入 collar 内改变完整 \(T\)，边界和外部保原值”的方式；	open	rewritten	research/canonical/operator_space_construction_frontier.md#ocf-a		将该具体构造/范围义务重写为规范开放接口；不声称成功目标或失败条件已经实现	该路线答案仍open；逐项构造同对象、同拓扑、同预算的桥，不以来源任务标题或定理名称升级
OI-U106	history/sources/次单调论文研究/分类集研究/RLEB_LT_operator_space_research_asset_v1/RLEB_LT_operator_space_research_asset_v1/01_CANONICAL_HANDOFF/mathematician_handoff/04_research_ideas.md	125	125	LF125-125	scope-contract	对所有改变的输入验证 (A7)，对所有未改的输入保留原 EB。	open	rewritten	research/canonical/operator_space_construction_frontier.md#ocf-a		将该具体构造/范围义务重写为规范开放接口；不声称成功目标或失败条件已经实现	该路线答案仍open；逐项构造同对象、同拓扑、同预算的桥，不以来源任务标题或定理名称升级
OI-U107	history/sources/次单调论文研究/分类集研究/RLEB_LT_operator_space_research_asset_v1/RLEB_LT_operator_space_research_asset_v1/01_CANONICAL_HANDOFF/mathematician_handoff/04_research_ideas.md	125	125	LF125-125	scope-contract	若不是全域单值图表，则必须改用完整图上的逐图点 EB 约束，并重新证明拼接后完整覆盖。	open	rewritten	research/canonical/operator_space_construction_frontier.md#ocf-a		将该具体构造/范围义务重写为规范开放接口；不声称成功目标或失败条件已经实现	该路线答案仍open；逐项构造同对象、同拓扑、同预算的桥，不以来源任务标题或定理名称升级
OI-U108	history/sources/次单调论文研究/分类集研究/RLEB_LT_operator_space_research_asset_v1/RLEB_LT_operator_space_research_asset_v1/01_CANONICAL_HANDOFF/mathematician_handoff/04_research_ideas.md	126	126	LF126-126	organization	空行/排版分隔	nonmathematical	nonmathematical	research/canonical/operator_space_construction_frontier.md#ocf-a		标题/排版/来源优先级；没有独立数学真值	无本单元数学义务；不关闭邻接断言
OI-U109	history/sources/次单调论文研究/分类集研究/RLEB_LT_operator_space_research_asset_v1/RLEB_LT_operator_space_research_asset_v1/01_CANONICAL_HANDOFF/mathematician_handoff/04_research_ideas.md	127	127	LF127-127	organization	### A.4 精确 Cauchy 尾而非长度尾：第二个种子引理	nonmathematical	nonmathematical	research/canonical/operator_space_construction_frontier.md#ocf-a		标题/排版/来源优先级；没有独立数学真值	无本单元数学义务；不关闭邻接断言
OI-U110	history/sources/次单调论文研究/分类集研究/RLEB_LT_operator_space_research_asset_v1/RLEB_LT_operator_space_research_asset_v1/01_CANONICAL_HANDOFF/mathematician_handoff/04_research_ideas.md	128	128	LF128-128	organization	空行/排版分隔	nonmathematical	nonmathematical	research/canonical/operator_space_construction_frontier.md#ocf-a		标题/排版/来源优先级；没有独立数学真值	无本单元数学义务；不关闭邻接断言
OI-U111	history/sources/次单调论文研究/分类集研究/RLEB_LT_operator_space_research_asset_v1/RLEB_LT_operator_space_research_asset_v1/01_CANONICAL_HANDOFF/mathematician_handoff/04_research_ideas.md	129	129	LF129-129	definition	若只已知共同 Cauchy 尾 \(e_n\)，定义轨道后继集	derived-checked	rewritten	research/operator_space.md#os-successor-proof	C133-v1;C133-v2	后继闭包与连续选择的转移归纳已有完整C133证明；同极限加强另列v2	非平凡选择和完整原关系EB另证
OI-U112	history/sources/次单调论文研究/分类集研究/RLEB_LT_operator_space_research_asset_v1/RLEB_LT_operator_space_research_asset_v1/01_CANONICAL_HANDOFF/mathematician_handoff/04_research_ideas.md	130	130	LF130-130	organization	空行/排版分隔	nonmathematical	nonmathematical	research/canonical/operator_space_construction_frontier.md#ocf-a		标题/排版/来源优先级；没有独立数学真值	无本单元数学义务；不关闭邻接断言
OI-U113	history/sources/次单调论文研究/分类集研究/RLEB_LT_operator_space_research_asset_v1/RLEB_LT_operator_space_research_asset_v1/01_CANONICAL_HANDOFF/mathematician_handoff/04_research_ideas.md	131	134	LF131-134	definition	\[ O_T^+(x)=\overline{\{T^mx:m\ge1\}}. \tag{A10} \]	derived-checked	rewritten	research/operator_space.md#os-successor-proof	C133-v1;C133-v2	后继闭包与连续选择的转移归纳已有完整C133证明；同极限加强另列v2	非平凡选择和完整原关系EB另证
OI-U114	history/sources/次单调论文研究/分类集研究/RLEB_LT_operator_space_research_asset_v1/RLEB_LT_operator_space_research_asset_v1/01_CANONICAL_HANDOFF/mathematician_handoff/04_research_ideas.md	135	135	LF135-135	organization	空行/排版分隔	nonmathematical	nonmathematical	research/canonical/operator_space_construction_frontier.md#ocf-a		标题/排版/来源优先级；没有独立数学真值	无本单元数学义务；不关闭邻接断言
OI-U115	history/sources/次单调论文研究/分类集研究/RLEB_LT_operator_space_research_asset_v1/RLEB_LT_operator_space_research_asset_v1/01_CANONICAL_HANDOFF/mathematician_handoff/04_research_ideas.md	136	136	LF136-136	proof-step	对一个连续选择 \(Ux\in O_T^+(x)\)，其轨道或者在某一步到达 \(\Pi_Tx\)，或者逐步跳到原轨道更晚的时刻。	derived-checked	rewritten	research/operator_space.md#os-successor-proof	C133-v1;C133-v2	后继闭包与连续选择的转移归纳已有完整C133证明；同极限加强另列v2	非平凡选择和完整原关系EB另证
OI-U116	history/sources/次单调论文研究/分类集研究/RLEB_LT_operator_space_research_asset_v1/RLEB_LT_operator_space_research_asset_v1/01_CANONICAL_HANDOFF/mathematician_handoff/04_research_ideas.md	136	136	LF136-136	proof-step	因而	derived-checked	rewritten	research/operator_space.md#os-successor-proof	C133-v1;C133-v2	后继闭包与连续选择的转移归纳已有完整C133证明；同极限加强另列v2	非平凡选择和完整原关系EB另证
OI-U117	history/sources/次单调论文研究/分类集研究/RLEB_LT_operator_space_research_asset_v1/RLEB_LT_operator_space_research_asset_v1/01_CANONICAL_HANDOFF/mathematician_handoff/04_research_ideas.md	137	137	LF137-137	organization	空行/排版分隔	nonmathematical	nonmathematical	research/canonical/operator_space_construction_frontier.md#ocf-a		标题/排版/来源优先级；没有独立数学真值	无本单元数学义务；不关闭邻接断言
OI-U118	history/sources/次单调论文研究/分类集研究/RLEB_LT_operator_space_research_asset_v1/RLEB_LT_operator_space_research_asset_v1/01_CANONICAL_HANDOFF/mathematician_handoff/04_research_ideas.md	138	142	LF138-142	proof-step	\[ \|U^mx-U^nx\|\le e_n\quad(m\ge n), \qquad \operatorname{Fix}U=S. \tag{A11} \]	derived-checked	rewritten	research/operator_space.md#os-successor-proof	C133-v1;C133-v2	后继闭包与连续选择的转移归纳已有完整C133证明；同极限加强另列v2	非平凡选择和完整原关系EB另证
OI-U119	history/sources/次单调论文研究/分类集研究/RLEB_LT_operator_space_research_asset_v1/RLEB_LT_operator_space_research_asset_v1/01_CANONICAL_HANDOFF/mathematician_handoff/04_research_ideas.md	143	143	LF143-143	organization	空行/排版分隔	nonmathematical	nonmathematical	research/canonical/operator_space_construction_frontier.md#ocf-a		标题/排版/来源优先级；没有独立数学真值	无本单元数学义务；不关闭邻接断言
OI-U120	history/sources/次单调论文研究/分类集研究/RLEB_LT_operator_space_research_asset_v1/RLEB_LT_operator_space_research_asset_v1/01_CANONICAL_HANDOFF/mathematician_handoff/04_research_ideas.md	144	144	LF144-144	scope-contract	如果还对所有选择的 transition 加 (A7)，同样保真实 EB。	open	rewritten	research/canonical/operator_space_construction_frontier.md#ocf-a		将该具体构造/范围义务重写为规范开放接口；不声称成功目标或失败条件已经实现	该路线答案仍open；逐项构造同对象、同拓扑、同预算的桥，不以来源任务标题或定理名称升级
OI-U121	history/sources/次单调论文研究/分类集研究/RLEB_LT_operator_space_research_asset_v1/RLEB_LT_operator_space_research_asset_v1/01_CANONICAL_HANDOFF/mathematician_handoff/04_research_ideas.md	144	144	LF144-144	scope-contract	此方案精确保原 Cauchy 尾，但后继集可能只是一个收敛序列，连续选择会非常刚性。	open	rewritten	research/canonical/operator_space_construction_frontier.md#ocf-a		将该具体构造/范围义务重写为规范开放接口；不声称成功目标或失败条件已经实现	该路线答案仍open；逐项构造同对象、同拓扑、同预算的桥，不以来源任务标题或定理名称升级
OI-U122	history/sources/次单调论文研究/分类集研究/RLEB_LT_operator_space_research_asset_v1/RLEB_LT_operator_space_research_asset_v1/01_CANONICAL_HANDOFF/mathematician_handoff/04_research_ideas.md	144	144	LF144-144	scope-contract	首个真正研究问题是能否构造连续的、嵌套且转移不变的 orbit funnels 扩大 (A10)，同时保持其直径为原来的 \(e_n\)。	open	rewritten	research/canonical/operator_space_construction_frontier.md#ocf-a		将该具体构造/范围义务重写为规范开放接口；不声称成功目标或失败条件已经实现	该路线答案仍open；逐项构造同对象、同拓扑、同预算的桥，不以来源任务标题或定理名称升级
OI-U123	history/sources/次单调论文研究/分类集研究/RLEB_LT_operator_space_research_asset_v1/RLEB_LT_operator_space_research_asset_v1/01_CANONICAL_HANDOFF/mathematician_handoff/04_research_ideas.md	145	145	LF145-145	organization	空行/排版分隔	nonmathematical	nonmathematical	research/canonical/operator_space_construction_frontier.md#ocf-a		标题/排版/来源优先级；没有独立数学真值	无本单元数学义务；不关闭邻接断言
OI-U124	history/sources/次单调论文研究/分类集研究/RLEB_LT_operator_space_research_asset_v1/RLEB_LT_operator_space_research_asset_v1/01_CANONICAL_HANDOFF/mathematician_handoff/04_research_ideas.md	146	146	LF146-146	organization	### A.5 所需假设、工具、成功与失败的产出	nonmathematical	nonmathematical	research/canonical/operator_space_construction_frontier.md#ocf-a		标题/排版/来源优先级；没有独立数学真值	无本单元数学义务；不关闭邻接断言
OI-U125	history/sources/次单调论文研究/分类集研究/RLEB_LT_operator_space_research_asset_v1/RLEB_LT_operator_space_research_asset_v1/01_CANONICAL_HANDOFF/mathematician_handoff/04_research_ideas.md	147	147	LF147-147	organization	空行/排版分隔	nonmathematical	nonmathematical	research/canonical/operator_space_construction_frontier.md#ocf-a		标题/排版/来源优先级；没有独立数学真值	无本单元数学义务；不关闭邻接断言
OI-U126	history/sources/次单调论文研究/分类集研究/RLEB_LT_operator_space_research_asset_v1/RLEB_LT_operator_space_research_asset_v1/01_CANONICAL_HANDOFF/mathematician_handoff/04_research_ideas.md	148	148	LF148-148	scope-contract	- 所需假设：A.2 用一致有限长度尾；	open	rewritten	research/canonical/operator_space_construction_frontier.md#ocf-a		将该具体构造/范围义务重写为规范开放接口；不声称成功目标或失败条件已经实现	该路线答案仍open；逐项构造同对象、同拓扑、同预算的桥，不以来源任务标题或定理名称升级
OI-U127	history/sources/次单调论文研究/分类集研究/RLEB_LT_operator_space_research_asset_v1/RLEB_LT_operator_space_research_asset_v1/01_CANONICAL_HANDOFF/mathematician_handoff/04_research_ideas.md	148	148	LF148-148	scope-contract	A.4 只用一致点收敛与共同实际尾。	open	rewritten	research/canonical/operator_space_construction_frontier.md#ocf-a		将该具体构造/范围义务重写为规范开放接口；不声称成功目标或失败条件已经实现	该路线答案仍open；逐项构造同对象、同拓扑、同预算的桥，不以来源任务标题或定理名称升级
OI-U128	history/sources/次单调论文研究/分类集研究/RLEB_LT_operator_space_research_asset_v1/RLEB_LT_operator_space_research_asset_v1/01_CANONICAL_HANDOFF/mathematician_handoff/04_research_ideas.md	148	148	LF148-148	scope-contract	共同域必须保持，完整图需有可拼接接口。	open	rewritten	research/canonical/operator_space_construction_frontier.md#ocf-a		将该具体构造/范围义务重写为规范开放接口；不声称成功目标或失败条件已经实现	该路线答案仍open；逐项构造同对象、同拓扑、同预算的桥，不以来源任务标题或定理名称升级
OI-U129	history/sources/次单调论文研究/分类集研究/RLEB_LT_operator_space_research_asset_v1/RLEB_LT_operator_space_research_asset_v1/01_CANONICAL_HANDOFF/mathematician_handoff/04_research_ideas.md	149	149	LF149-149	method-proposal	- 可用工具：多值分析、连续选择、viability、Lyapunov converse 理论；	open	rewritten	research/canonical/operator_space_construction_frontier.md#ocf-a		工具清单是研究种子，不作为未核定理导入或成功证据	该路线答案仍open；逐项构造同对象、同拓扑、同预算的桥，不以来源任务标题或定理名称升级
OI-U130	history/sources/次单调论文研究/分类集研究/RLEB_LT_operator_space_research_asset_v1/RLEB_LT_operator_space_research_asset_v1/01_CANONICAL_HANDOFF/mathematician_handoff/04_research_ideas.md	149	149	LF149-149	scope-contract	但 \(Q_{T,\psi}(x)\) 通常非凸、未证下半连续，不能直接援引 Michael 选择定理。	open	rewritten	research/canonical/operator_space_construction_frontier.md#ocf-a		将该具体构造/范围义务重写为规范开放接口；不声称成功目标或失败条件已经实现	该路线答案仍open；逐项构造同对象、同拓扑、同预算的桥，不以来源任务标题或定理名称升级
OI-U131	history/sources/次单调论文研究/分类集研究/RLEB_LT_operator_space_research_asset_v1/RLEB_LT_operator_space_research_asset_v1/01_CANONICAL_HANDOFF/mathematician_handoff/04_research_ideas.md	150	150	LF150-150	scope-contract	- 成功定理：在由实际轨道内生定义、覆盖非第一纲中立区域的可行选择层中，建立保精确尾和全纤维 EB 的同层修改定理，再作 LT/RLEB 比较。	open	rewritten	research/canonical/operator_space_construction_frontier.md#ocf-a		将该具体构造/范围义务重写为规范开放接口；不声称成功目标或失败条件已经实现	该路线答案仍open；逐项构造同对象、同拓扑、同预算的桥，不以来源任务标题或定理名称升级
OI-U132	history/sources/次单调论文研究/分类集研究/RLEB_LT_operator_space_research_asset_v1/RLEB_LT_operator_space_research_asset_v1/01_CANONICAL_HANDOFF/mathematician_handoff/04_research_ideas.md	151	151	LF151-151	scope-contract	- 失败反定理：找出 \(Q_{T,\psi}(x)\) 退化为单点、缺连续选择，或所有选择均满足 LT 必要正则性的条件；	open	rewritten	research/canonical/operator_space_construction_frontier.md#ocf-a		将该具体构造/范围义务重写为规范开放接口；不声称成功目标或失败条件已经实现	该路线答案仍open；逐项构造同对象、同拓扑、同预算的桥，不以来源任务标题或定理名称升级
OI-U133	history/sources/次单调论文研究/分类集研究/RLEB_LT_operator_space_research_asset_v1/RLEB_LT_operator_space_research_asset_v1/01_CANONICAL_HANDOFF/mathematician_handoff/04_research_ideas.md	151	151	LF151-151	scope-contract	这只说明该特定塔选择路线刚性或失效，不能据此认定同实际尾层没有别的修改。	open	rewritten	research/canonical/operator_space_construction_frontier.md#ocf-a		将该具体构造/范围义务重写为规范开放接口；不声称成功目标或失败条件已经实现	该路线答案仍open；逐项构造同对象、同拓扑、同预算的桥，不以来源任务标题或定理名称升级
OI-U134	history/sources/次单调论文研究/分类集研究/RLEB_LT_operator_space_research_asset_v1/RLEB_LT_operator_space_research_asset_v1/01_CANONICAL_HANDOFF/mathematician_handoff/04_research_ideas.md	151	151	LF151-151	scope-contract	若要推出整个动力学预算层刚性，必须另证这些选择条件的必要性，或给独立不可能定理。	open	rewritten	research/canonical/operator_space_construction_frontier.md#ocf-a		将该具体构造/范围义务重写为规范开放接口；不声称成功目标或失败条件已经实现	该路线答案仍open；逐项构造同对象、同拓扑、同预算的桥，不以来源任务标题或定理名称升级
OI-U135	history/sources/次单调论文研究/分类集研究/RLEB_LT_operator_space_research_asset_v1/RLEB_LT_operator_space_research_asset_v1/01_CANONICAL_HANDOFF/mathematician_handoff/04_research_ideas.md	152	152	LF152-152	organization	- 风险：种子引理低；	nonmathematical	nonmathematical	research/canonical/operator_space_construction_frontier.md#ocf-a		标题/排版/来源优先级；没有独立数学真值	无本单元数学义务；不关闭邻接断言
OI-U136	history/sources/次单调论文研究/分类集研究/RLEB_LT_operator_space_research_asset_v1/RLEB_LT_operator_space_research_asset_v1/01_CANONICAL_HANDOFF/mathematician_handoff/04_research_ideas.md	152	152	LF152-152	scope-contract	选择自由度及其母空间位置高。	open	rewritten	research/canonical/operator_space_construction_frontier.md#ocf-a		将该具体构造/范围义务重写为规范开放接口；不声称成功目标或失败条件已经实现	该路线答案仍open；逐项构造同对象、同拓扑、同预算的桥，不以来源任务标题或定理名称升级
OI-U137	history/sources/次单调论文研究/分类集研究/RLEB_LT_operator_space_research_asset_v1/RLEB_LT_operator_space_research_asset_v1/01_CANONICAL_HANDOFF/mathematician_handoff/04_research_ideas.md	153	153	LF153-153	organization	空行/排版分隔	nonmathematical	nonmathematical	research/canonical/operator_space_construction_frontier.md#ocf-a		标题/排版/来源优先级；没有独立数学真值	无本单元数学义务；不关闭邻接断言
OI-U138	history/sources/次单调论文研究/分类集研究/RLEB_LT_operator_space_research_asset_v1/RLEB_LT_operator_space_research_asset_v1/01_CANONICAL_HANDOFF/mathematician_handoff/04_research_ideas.md	154	154	LF154-154	scope-contract	必须保留两条边界：\(L_n(T)\) 是长度尾，不是原最小 Cauchy 尾，二者不得混称；	open	rewritten	research/canonical/operator_space_construction_frontier.md#ocf-a		将该具体构造/范围义务重写为规范开放接口；不声称成功目标或失败条件已经实现	该路线答案仍open；逐项构造同对象、同拓扑、同预算的桥，不以来源任务标题或定理名称升级
OI-U139	history/sources/次单调论文研究/分类集研究/RLEB_LT_operator_space_research_asset_v1/RLEB_LT_operator_space_research_asset_v1/01_CANONICAL_HANDOFF/mathematician_handoff/04_research_ideas.md	154	154	LF154-154	scope-contract	保原线性 EB 也不自动保粗糙 \(\gamma<1\) 的严格 RLEB 兼容。	open	rewritten	research/canonical/operator_space_construction_frontier.md#ocf-a		将该具体构造/范围义务重写为规范开放接口；不声称成功目标或失败条件已经实现	该路线答案仍open；逐项构造同对象、同拓扑、同预算的桥，不以来源任务标题或定理名称升级
OI-U140	history/sources/次单调论文研究/分类集研究/RLEB_LT_operator_space_research_asset_v1/RLEB_LT_operator_space_research_asset_v1/01_CANONICAL_HANDOFF/mathematician_handoff/04_research_ideas.md	154	154	LF154-154	scope-contract	若改用更强的目标 \(\psi\)，\(T\) 本身甚至可能不属于新的可行选择空间，必须先证其非空。	open	rewritten	research/canonical/operator_space_construction_frontier.md#ocf-a		将该具体构造/范围义务重写为规范开放接口；不声称成功目标或失败条件已经实现	该路线答案仍open；逐项构造同对象、同拓扑、同预算的桥，不以来源任务标题或定理名称升级
OI-U141	history/sources/次单调论文研究/分类集研究/RLEB_LT_operator_space_research_asset_v1/RLEB_LT_operator_space_research_asset_v1/01_CANONICAL_HANDOFF/mathematician_handoff/04_research_ideas.md	155	155	LF155-155	organization	空行/排版分隔	nonmathematical	nonmathematical	research/canonical/operator_space_construction_frontier.md#ocf-a		标题/排版/来源优先级；没有独立数学真值	无本单元数学义务；不关闭邻接断言
OI-U142	history/sources/次单调论文研究/分类集研究/RLEB_LT_operator_space_research_asset_v1/RLEB_LT_operator_space_research_asset_v1/01_CANONICAL_HANDOFF/mathematician_handoff/04_research_ideas.md	156	156	LF156-156	organization	### A.6 已审计的最小反例：塔刚性但同尾层仍可变化	nonmathematical	nonmathematical	research/canonical/operator_space_construction_frontier.md#ocf-a		标题/排版/来源优先级；没有独立数学真值	无本单元数学义务；不关闭邻接断言
OI-U143	history/sources/次单调论文研究/分类集研究/RLEB_LT_operator_space_research_asset_v1/RLEB_LT_operator_space_research_asset_v1/01_CANONICAL_HANDOFF/mathematician_handoff/04_research_ideas.md	157	157	LF157-157	organization	空行/排版分隔	nonmathematical	nonmathematical	research/canonical/operator_space_construction_frontier.md#ocf-a		标题/排版/来源优先级；没有独立数学真值	无本单元数学义务；不关闭邻接断言
OI-U144	history/sources/次单调论文研究/分类集研究/RLEB_LT_operator_space_research_asset_v1/RLEB_LT_operator_space_research_asset_v1/01_CANONICAL_HANDOFF/mathematician_handoff/04_research_ideas.md	158	158	LF158-158	example-property	取 \(K=[-1,1]\times[0,1]\)、\(S=[-1,1]\times\{0\}\) 和投影 \(P(s,r)=(s,0)\)。	derived-checked	rewritten	research/operator_space.md#os-tower-rigidity		P与U_a同全窗尾、逐点位移不同的具体反例已重算；只否定塔刚性外推	不否定全部同尾层构造，也不认证原算子类大小
OI-U145	history/sources/次单调论文研究/分类集研究/RLEB_LT_operator_space_research_asset_v1/RLEB_LT_operator_space_research_asset_v1/01_CANONICAL_HANDOFF/mathematician_handoff/04_research_ideas.md	158	158	LF158-158	example-property	其塔为 \(V_0(s,r)=r\)、\(V_j=0\ (j\ge1)\)；	derived-checked	rewritten	research/operator_space.md#os-tower-rigidity		P与U_a同全窗尾、逐点位移不同的具体反例已重算；只否定塔刚性外推	不否定全部同尾层构造，也不认证原算子类大小
OI-U146	history/sources/次单调论文研究/分类集研究/RLEB_LT_operator_space_research_asset_v1/RLEB_LT_operator_space_research_asset_v1/01_CANONICAL_HANDOFF/mathematician_handoff/04_research_ideas.md	158	158	LF158-158	example-property	(A4) 迫使 \(U(s,r)\in S\) 且 \(\|U(s,r)-(s,r)\|\le r\)，故欧氏最近点唯一性给 \(U=P\)。	derived-checked	rewritten	research/operator_space.md#os-tower-rigidity		P与U_a同全窗尾、逐点位移不同的具体反例已重算；只否定塔刚性外推	不否定全部同尾层构造，也不认证原算子类大小
OI-U147	history/sources/次单调论文研究/分类集研究/RLEB_LT_operator_space_research_asset_v1/RLEB_LT_operator_space_research_asset_v1/01_CANONICAL_HANDOFF/mathematician_handoff/04_research_ideas.md	159	159	LF159-159	organization	空行/排版分隔	nonmathematical	nonmathematical	research/canonical/operator_space_construction_frontier.md#ocf-a		标题/排版/来源优先级；没有独立数学真值	无本单元数学义务；不关闭邻接断言
OI-U148	history/sources/次单调论文研究/分类集研究/RLEB_LT_operator_space_research_asset_v1/RLEB_LT_operator_space_research_asset_v1/01_CANONICAL_HANDOFF/mathematician_handoff/04_research_ideas.md	160	160	LF160-160	example-property	但对 \(0<a\le1\)，映射	derived-checked	rewritten	research/operator_space.md#os-tower-rigidity		P与U_a同全窗尾、逐点位移不同的具体反例已重算；只否定塔刚性外推	不否定全部同尾层构造，也不认证原算子类大小
OI-U149	history/sources/次单调论文研究/分类集研究/RLEB_LT_operator_space_research_asset_v1/RLEB_LT_operator_space_research_asset_v1/01_CANONICAL_HANDOFF/mathematician_handoff/04_research_ideas.md	161	161	LF161-161	organization	空行/排版分隔	nonmathematical	nonmathematical	research/canonical/operator_space_construction_frontier.md#ocf-a		标题/排版/来源优先级；没有独立数学真值	无本单元数学义务；不关闭邻接断言
OI-U150	history/sources/次单调论文研究/分类集研究/RLEB_LT_operator_space_research_asset_v1/RLEB_LT_operator_space_research_asset_v1/01_CANONICAL_HANDOFF/mathematician_handoff/04_research_ideas.md	162	165	LF162-165	example-property	\[ U_a(s,r)=\bigl(s+a r(1-r)(1-s^2),0\bigr) \tag{A12} \]	derived-checked	rewritten	research/operator_space.md#os-tower-rigidity		P与U_a同全窗尾、逐点位移不同的具体反例已重算；只否定塔刚性外推	不否定全部同尾层构造，也不认证原算子类大小
OI-U151	history/sources/次单调论文研究/分类集研究/RLEB_LT_operator_space_research_asset_v1/RLEB_LT_operator_space_research_asset_v1/01_CANONICAL_HANDOFF/mathematician_handoff/04_research_ideas.md	166	166	LF166-166	organization	空行/排版分隔	nonmathematical	nonmathematical	research/canonical/operator_space_construction_frontier.md#ocf-a		标题/排版/来源优先级；没有独立数学真值	无本单元数学义务；不关闭邻接断言
OI-U152	history/sources/次单调论文研究/分类集研究/RLEB_LT_operator_space_research_asset_v1/RLEB_LT_operator_space_research_asset_v1/01_CANONICAL_HANDOFF/mathematician_handoff/04_research_ideas.md	167	167	LF167-167	example-property	仍保持值域在 \(S\)、固定 \(S\)、一步终止，而且	derived-checked	rewritten	research/operator_space.md#os-tower-rigidity		P与U_a同全窗尾、逐点位移不同的具体反例已重算；只否定塔刚性外推	不否定全部同尾层构造，也不认证原算子类大小
OI-U153	history/sources/次单调论文研究/分类集研究/RLEB_LT_operator_space_research_asset_v1/RLEB_LT_operator_space_research_asset_v1/01_CANONICAL_HANDOFF/mathematician_handoff/04_research_ideas.md	168	168	LF168-168	organization	空行/排版分隔	nonmathematical	nonmathematical	research/canonical/operator_space_construction_frontier.md#ocf-a		标题/排版/来源优先级；没有独立数学真值	无本单元数学义务；不关闭邻接断言
OI-U154	history/sources/次单调论文研究/分类集研究/RLEB_LT_operator_space_research_asset_v1/RLEB_LT_operator_space_research_asset_v1/01_CANONICAL_HANDOFF/mathematician_handoff/04_research_ideas.md	169	173	LF169-173	example-property	\[ \mathsf w(P)=\mathsf w(U_a)=(1,0,0,\ldots), \qquad L_n(P)=L_n(U_a). \tag{A13} \]	derived-checked	rewritten	research/operator_space.md#os-tower-rigidity		P与U_a同全窗尾、逐点位移不同的具体反例已重算；只否定塔刚性外推	不否定全部同尾层构造，也不认证原算子类大小
OI-U155	history/sources/次单调论文研究/分类集研究/RLEB_LT_operator_space_research_asset_v1/RLEB_LT_operator_space_research_asset_v1/01_CANONICAL_HANDOFF/mathematician_handoff/04_research_ideas.md	174	174	LF174-174	organization	空行/排版分隔	nonmathematical	nonmathematical	research/canonical/operator_space_construction_frontier.md#ocf-a		标题/排版/来源优先级；没有独立数学真值	无本单元数学义务；不关闭邻接断言
OI-U156	history/sources/次单调论文研究/分类集研究/RLEB_LT_operator_space_research_asset_v1/RLEB_LT_operator_space_research_asset_v1/01_CANONICAL_HANDOFF/mathematician_handoff/04_research_ideas.md	175	175	LF175-175	example-property	理由是切向位移不超过 \(1-r\)，故总位移不超过 \(\sqrt{r^2+(1-r)^2}\le1\)，在 \(r=1\) 达到 1。	derived-checked	rewritten	research/operator_space.md#os-tower-rigidity		P与U_a同全窗尾、逐点位移不同的具体反例已重算；只否定塔刚性外推	不否定全部同尾层构造，也不认证原算子类大小
OI-U157	history/sources/次单调论文研究/分类集研究/RLEB_LT_operator_space_research_asset_v1/RLEB_LT_operator_space_research_asset_v1/01_CANONICAL_HANDOFF/mathematician_handoff/04_research_ideas.md	175	175	LF175-175	example-property	另一方面，内点 \(|s|<1,0<r<1\) 的总位移严格大于 \(r\)，所以 \(U_a\) 不满足原投影塔条件。	derived-checked	rewritten	research/operator_space.md#os-tower-rigidity		P与U_a同全窗尾、逐点位移不同的具体反例已重算；只否定塔刚性外推	不否定全部同尾层构造，也不认证原算子类大小
OI-U158	history/sources/次单调论文研究/分类集研究/RLEB_LT_operator_space_research_asset_v1/RLEB_LT_operator_space_research_asset_v1/01_CANONICAL_HANDOFF/mathematician_handoff/04_research_ideas.md	175	175	LF175-175	example-property	此例明确否定从“\(Q_{P,\psi}\) 单点”推出“同精确尾层不可修改”的推理。	derived-checked	rewritten	research/operator_space.md#os-tower-rigidity		P与U_a同全窗尾、逐点位移不同的具体反例已重算；只否定塔刚性外推	不否定全部同尾层构造，也不认证原算子类大小
OI-U159	history/sources/次单调论文研究/分类集研究/RLEB_LT_operator_space_research_asset_v1/RLEB_LT_operator_space_research_asset_v1/01_CANONICAL_HANDOFF/mathematician_handoff/04_research_ideas.md	176	176	LF176-176	organization	空行/排版分隔	nonmathematical	nonmathematical	research/canonical/operator_space_construction_frontier.md#ocf-a		标题/排版/来源优先级；没有独立数学真值	无本单元数学义务；不关闭邻接断言
OI-U160	history/sources/次单调论文研究/分类集研究/RLEB_LT_operator_space_research_asset_v1/RLEB_LT_operator_space_research_asset_v1/01_CANONICAL_HANDOFF/mathematician_handoff/04_research_ideas.md	177	177	LF177-177	organization	## 2. 路线 B：内生尾坐标上的 category disintegration	nonmathematical	nonmathematical	research/canonical/operator_space_construction_frontier.md#ocf-b		标题/排版/来源优先级；没有独立数学真值	无本单元数学义务；不关闭邻接断言
OI-U161	history/sources/次单调论文研究/分类集研究/RLEB_LT_operator_space_research_asset_v1/RLEB_LT_operator_space_research_asset_v1/01_CANONICAL_HANDOFF/mathematician_handoff/04_research_ideas.md	178	178	LF178-178	organization	空行/排版分隔	nonmathematical	nonmathematical	research/canonical/operator_space_construction_frontier.md#ocf-b		标题/排版/来源优先级；没有独立数学真值	无本单元数学义务；不关闭邻接断言
OI-U162	history/sources/次单调论文研究/分类集研究/RLEB_LT_operator_space_research_asset_v1/RLEB_LT_operator_space_research_asset_v1/01_CANONICAL_HANDOFF/mathematician_handoff/04_research_ideas.md	179	179	LF179-179	organization	### B.1 核心 idea	nonmathematical	nonmathematical	research/canonical/operator_space_construction_frontier.md#ocf-b		标题/排版/来源优先级；没有独立数学真值	无本单元数学义务；不关闭邻接断言
OI-U163	history/sources/次单调论文研究/分类集研究/RLEB_LT_operator_space_research_asset_v1/RLEB_LT_operator_space_research_asset_v1/01_CANONICAL_HANDOFF/mathematician_handoff/04_research_ideas.md	180	180	LF180-180	organization	空行/排版分隔	nonmathematical	nonmathematical	research/canonical/operator_space_construction_frontier.md#ocf-b		标题/排版/来源优先级；没有独立数学真值	无本单元数学义务；不关闭邻接断言
OI-U164	history/sources/次单调论文研究/分类集研究/RLEB_LT_operator_space_research_asset_v1/RLEB_LT_operator_space_research_asset_v1/01_CANONICAL_HANDOFF/mathematician_handoff/04_research_ideas.md	181	181	LF181-181	definition	不先固定人为速率清单，而把无速率一致收敛母空间中的对象送到它自身的最小尾：	derived-checked	rewritten	research/canonical/compact_t_observation.md#ct-proper	C06-v1	固定紧K/S的T-only全时间坐标及proper链已有规范完整证明；不是完整全局图层	特定映射的保纲及原对象提升仍未证
OI-U165	history/sources/次单调论文研究/分类集研究/RLEB_LT_operator_space_research_asset_v1/RLEB_LT_operator_space_research_asset_v1/01_CANONICAL_HANDOFF/mathematician_handoff/04_research_ideas.md	182	182	LF182-182	organization	空行/排版分隔	nonmathematical	nonmathematical	research/canonical/operator_space_construction_frontier.md#ocf-b		标题/排版/来源优先级；没有独立数学真值	无本单元数学义务；不关闭邻接断言
OI-U166	history/sources/次单调论文研究/分类集研究/RLEB_LT_operator_space_research_asset_v1/RLEB_LT_operator_space_research_asset_v1/01_CANONICAL_HANDOFF/mathematician_handoff/04_research_ideas.md	183	190	LF183-190	definition	\[ \mathsf w(T)_n= \max\left\{ \sup_{k,\ell\ge n}\|T^k-T^\ell\|_K, \sup_{k\ge n}\|d(T^k\cdot,S)\|_K \right\}. \tag{B1} \]	derived-checked	rewritten	research/canonical/compact_t_observation.md#ct-proper	C06-v1	固定紧K/S的T-only全时间坐标及proper链已有规范完整证明；不是完整全局图层	特定映射的保纲及原对象提升仍未证
OI-U167	history/sources/次单调论文研究/分类集研究/RLEB_LT_operator_space_research_asset_v1/RLEB_LT_operator_space_research_asset_v1/01_CANONICAL_HANDOFF/mathematician_handoff/04_research_ideas.md	191	191	LF191-191	organization	空行/排版分隔	nonmathematical	nonmathematical	research/canonical/operator_space_construction_frontier.md#ocf-b		标题/排版/来源优先级；没有独立数学真值	无本单元数学义务；不关闭邻接断言
OI-U168	history/sources/次单调论文研究/分类集研究/RLEB_LT_operator_space_research_asset_v1/RLEB_LT_operator_space_research_asset_v1/01_CANONICAL_HANDOFF/mathematician_handoff/04_research_ideas.md	192	192	LF192-192	proof-step	在全时间拓扑下，已有	derived-checked	rewritten	research/canonical/compact_t_observation.md#ct-proper	C06-v1	固定紧K/S的T-only全时间坐标及proper链已有规范完整证明；不是完整全局图层	特定映射的保纲及原对象提升仍未证
OI-U169	history/sources/次单调论文研究/分类集研究/RLEB_LT_operator_space_research_asset_v1/RLEB_LT_operator_space_research_asset_v1/01_CANONICAL_HANDOFF/mathematician_handoff/04_research_ideas.md	193	193	LF193-193	organization	空行/排版分隔	nonmathematical	nonmathematical	research/canonical/operator_space_construction_frontier.md#ocf-b		标题/排版/来源优先级；没有独立数学真值	无本单元数学义务；不关闭邻接断言
OI-U170	history/sources/次单调论文研究/分类集研究/RLEB_LT_operator_space_research_asset_v1/RLEB_LT_operator_space_research_asset_v1/01_CANONICAL_HANDOFF/mathematician_handoff/04_research_ideas.md	194	198	LF194-198	proof-step	\[ \|\mathsf w(T)-\mathsf w(U)\|_{\ell^\infty} \le2d_{\rm dyn}(T,U). \tag{B2} \]	derived-checked	rewritten	research/canonical/compact_t_observation.md#ct-proper	C06-v1	固定紧K/S的T-only全时间坐标及proper链已有规范完整证明；不是完整全局图层	特定映射的保纲及原对象提升仍未证
OI-U171	history/sources/次单调论文研究/分类集研究/RLEB_LT_operator_space_research_asset_v1/RLEB_LT_operator_space_research_asset_v1/01_CANONICAL_HANDOFF/mathematician_handoff/04_research_ideas.md	199	199	LF199-199	organization	空行/排版分隔	nonmathematical	nonmathematical	research/canonical/operator_space_construction_frontier.md#ocf-b		标题/排版/来源优先级；没有独立数学真值	无本单元数学义务；不关闭邻接断言
OI-U172	history/sources/次单调论文研究/分类集研究/RLEB_LT_operator_space_research_asset_v1/RLEB_LT_operator_space_research_asset_v1/01_CANONICAL_HANDOFF/mathematician_handoff/04_research_ideas.md	200	200	LF200-200	proof-step	因此精确纤维 \(X_a=\mathsf w^{-1}(a)\) 在 Polish 母空间中闭，而不是有任意标签的证书纤维。	derived-checked	rewritten	research/canonical/compact_t_observation.md#ct-proper	C06-v1	固定紧K/S的T-only全时间坐标及proper链已有规范完整证明；不是完整全局图层	特定映射的保纲及原对象提升仍未证
OI-U173	history/sources/次单调论文研究/分类集研究/RLEB_LT_operator_space_research_asset_v1/RLEB_LT_operator_space_research_asset_v1/01_CANONICAL_HANDOFF/mathematician_handoff/04_research_ideas.md	200	200	LF200-200	proof-step	先问 \(\mathsf w\) 能否在一个有意义的基底上保持纲，再问典型纤维中的两个认证类如何比较。	derived-checked	rewritten	research/canonical/compact_t_observation.md#ct-proper	C06-v1	固定紧K/S的T-only全时间坐标及proper链已有规范完整证明；不是完整全局图层	特定映射的保纲及原对象提升仍未证
OI-U174	history/sources/次单调论文研究/分类集研究/RLEB_LT_operator_space_research_asset_v1/RLEB_LT_operator_space_research_asset_v1/01_CANONICAL_HANDOFF/mathematician_handoff/04_research_ideas.md	201	201	LF201-201	organization	空行/排版分隔	nonmathematical	nonmathematical	research/canonical/operator_space_construction_frontier.md#ocf-b		标题/排版/来源优先级；没有独立数学真值	无本单元数学义务；不关闭邻接断言
OI-U175	history/sources/次单调论文研究/分类集研究/RLEB_LT_operator_space_research_asset_v1/RLEB_LT_operator_space_research_asset_v1/01_CANONICAL_HANDOFF/mathematician_handoff/04_research_ideas.md	202	202	LF202-202	organization	### B.2 第一个真正的 lemma	nonmathematical	nonmathematical	research/canonical/operator_space_construction_frontier.md#ocf-b		标题/排版/来源优先级；没有独立数学真值	无本单元数学义务；不关闭邻接断言
OI-U176	history/sources/次单调论文研究/分类集研究/RLEB_LT_operator_space_research_asset_v1/RLEB_LT_operator_space_research_asset_v1/01_CANONICAL_HANDOFF/mathematician_handoff/04_research_ideas.md	203	203	LF203-203	organization	空行/排版分隔	nonmathematical	nonmathematical	research/canonical/operator_space_construction_frontier.md#ocf-b		标题/排版/来源优先级；没有独立数学真值	无本单元数学义务；不关闭邻接断言
OI-U177	history/sources/次单调论文研究/分类集研究/RLEB_LT_operator_space_research_asset_v1/RLEB_LT_operator_space_research_asset_v1/01_CANONICAL_HANDOFF/mathematician_handoff/04_research_ideas.md	204	204	LF204-204	scope-contract	找出一个不按 LT/RLEB 标签选取的 Polish 区域 \(X_0\) 和 Polish 尾空间 \(W_0\)，使	open	rewritten	research/canonical/operator_space_construction_frontier.md#ocf-b		将该具体构造/范围义务重写为规范开放接口；不声称成功目标或失败条件已经实现	该路线答案仍open；逐项构造同对象、同拓扑、同预算的桥，不以来源任务标题或定理名称升级
OI-U178	history/sources/次单调论文研究/分类集研究/RLEB_LT_operator_space_research_asset_v1/RLEB_LT_operator_space_research_asset_v1/01_CANONICAL_HANDOFF/mathematician_handoff/04_research_ideas.md	205	205	LF205-205	organization	空行/排版分隔	nonmathematical	nonmathematical	research/canonical/operator_space_construction_frontier.md#ocf-b		标题/排版/来源优先级；没有独立数学真值	无本单元数学义务；不关闭邻接断言
OI-U179	history/sources/次单调论文研究/分类集研究/RLEB_LT_operator_space_research_asset_v1/RLEB_LT_operator_space_research_asset_v1/01_CANONICAL_HANDOFF/mathematician_handoff/04_research_ideas.md	206	209	LF206-209	scope-contract	\[ \mathsf w:X_0\to W_0 \tag{B3} \]	open	rewritten	research/canonical/operator_space_construction_frontier.md#ocf-b		将该具体构造/范围义务重写为规范开放接口；不声称成功目标或失败条件已经实现	该路线答案仍open；逐项构造同对象、同拓扑、同预算的桥，不以来源任务标题或定理名称升级
OI-U180	history/sources/次单调论文研究/分类集研究/RLEB_LT_operator_space_research_asset_v1/RLEB_LT_operator_space_research_asset_v1/01_CANONICAL_HANDOFF/mathematician_handoff/04_research_ideas.md	210	210	LF210-210	organization	空行/排版分隔	nonmathematical	nonmathematical	research/canonical/operator_space_construction_frontier.md#ocf-b		标题/排版/来源优先级；没有独立数学真值	无本单元数学义务；不关闭邻接断言
OI-U181	history/sources/次单调论文研究/分类集研究/RLEB_LT_operator_space_research_asset_v1/RLEB_LT_operator_space_research_asset_v1/01_CANONICAL_HANDOFF/mathematician_handoff/04_research_ideas.md	211	211	LF211-211	scope-contract	连续、像稠密，且对每个非空开集 \(O\subset X_0\)，\(\mathsf w(O)\) 在 \(W_0\) 中非第一纲。	open	rewritten	research/canonical/operator_space_construction_frontier.md#ocf-b		将该具体构造/范围义务重写为规范开放接口；不声称成功目标或失败条件已经实现	该路线答案仍open；逐项构造同对象、同拓扑、同预算的桥，不以来源任务标题或定理名称升级
OI-U182	history/sources/次单调论文研究/分类集研究/RLEB_LT_operator_space_research_asset_v1/RLEB_LT_operator_space_research_asset_v1/01_CANONICAL_HANDOFF/mathematician_handoff/04_research_ideas.md	211	211	LF211-211	scope-contract	后一个条件正是 category-preserving 的可检验条件；	open	rewritten	research/canonical/operator_space_construction_frontier.md#ocf-b		将该具体构造/范围义务重写为规范开放接口；不声称成功目标或失败条件已经实现	该路线答案仍open；逐项构造同对象、同拓扑、同预算的桥，不以来源任务标题或定理名称升级
OI-U183	history/sources/次单调论文研究/分类集研究/RLEB_LT_operator_space_research_asset_v1/RLEB_LT_operator_space_research_asset_v1/01_CANONICAL_HANDOFF/mathematician_handoff/04_research_ideas.md	211	211	LF211-211	scope-contract	开放满射是较强的充分条件。	open	rewritten	research/canonical/operator_space_construction_frontier.md#ocf-b		将该具体构造/范围义务重写为规范开放接口；不声称成功目标或失败条件已经实现	该路线答案仍open；逐项构造同对象、同拓扑、同预算的桥，不以来源任务标题或定理名称升级
OI-U184	history/sources/次单调论文研究/分类集研究/RLEB_LT_operator_space_research_asset_v1/RLEB_LT_operator_space_research_asset_v1/01_CANONICAL_HANDOFF/mathematician_handoff/04_research_ideas.md	212	212	LF212-212	organization	空行/排版分隔	nonmathematical	nonmathematical	research/canonical/operator_space_construction_frontier.md#ocf-b		标题/排版/来源优先级；没有独立数学真值	无本单元数学义务；不关闭邻接断言
OI-U185	history/sources/次单调论文研究/分类集研究/RLEB_LT_operator_space_research_asset_v1/RLEB_LT_operator_space_research_asset_v1/01_CANONICAL_HANDOFF/mathematician_handoff/04_research_ideas.md	213	213	LF213-213	scope-contract	不能把 \(\mathsf w(X_0)\) 自动当成 Polish：连续像一般只有 analytic 性。	open	rewritten	research/canonical/operator_space_construction_frontier.md#ocf-b		将该具体构造/范围义务重写为规范开放接口；不声称成功目标或失败条件已经实现	该路线答案仍open；逐项构造同对象、同拓扑、同预算的桥，不以来源任务标题或定理名称升级
OI-U186	history/sources/次单调论文研究/分类集研究/RLEB_LT_operator_space_research_asset_v1/RLEB_LT_operator_space_research_asset_v1/01_CANONICAL_HANDOFF/mathematician_handoff/04_research_ideas.md	213	213	LF213-213	scope-contract	可以先寻找 Borel/Polish 的内生基底分层，并登记其在实际像中的位置。	open	rewritten	research/canonical/operator_space_construction_frontier.md#ocf-b		将该具体构造/范围义务重写为规范开放接口；不声称成功目标或失败条件已经实现	该路线答案仍open；逐项构造同对象、同拓扑、同预算的桥，不以来源任务标题或定理名称升级
OI-U187	history/sources/次单调论文研究/分类集研究/RLEB_LT_operator_space_research_asset_v1/RLEB_LT_operator_space_research_asset_v1/01_CANONICAL_HANDOFF/mathematician_handoff/04_research_ideas.md	214	214	LF214-214	organization	空行/排版分隔	nonmathematical	nonmathematical	research/canonical/operator_space_construction_frontier.md#ocf-b		标题/排版/来源优先级；没有独立数学真值	无本单元数学义务；不关闭邻接断言
OI-U188	history/sources/次单调论文研究/分类集研究/RLEB_LT_operator_space_research_asset_v1/RLEB_LT_operator_space_research_asset_v1/01_CANONICAL_HANDOFF/mathematician_handoff/04_research_ideas.md	215	215	LF215-215	organization	### B.2a 审计后的加强：加入真实反射模时，紧 T-only 版本已是 proper	nonmathematical	nonmathematical	research/canonical/operator_space_construction_frontier.md#ocf-b		标题/排版/来源优先级；没有独立数学真值	无本单元数学义务；不关闭邻接断言
OI-U189	history/sources/次单调论文研究/分类集研究/RLEB_LT_operator_space_research_asset_v1/RLEB_LT_operator_space_research_asset_v1/01_CANONICAL_HANDOFF/mathematician_handoff/04_research_ideas.md	216	216	LF216-216	organization	空行/排版分隔	nonmathematical	nonmathematical	research/canonical/operator_space_construction_frontier.md#ocf-b		标题/排版/来源优先级；没有独立数学真值	无本单元数学义务；不关闭邻接断言
OI-U190	history/sources/次单调论文研究/分类集研究/RLEB_LT_operator_space_research_asset_v1/RLEB_LT_operator_space_research_asset_v1/01_CANONICAL_HANDOFF/mathematician_handoff/04_research_ideas.md	217	217	LF217-217	definition	在固定紧状态空间 \(K\)、固定 \(S\) 的一致收敛连续映射空间 \(X\) 中，令	derived-checked	rewritten	research/canonical/compact_t_observation.md#ct-proper	C06-v1	固定紧K/S的T-only全时间坐标及proper链已有规范完整证明；不是完整全局图层	特定映射的保纲及原对象提升仍未证
OI-U191	history/sources/次单调论文研究/分类集研究/RLEB_LT_operator_space_research_asset_v1/RLEB_LT_operator_space_research_asset_v1/01_CANONICAL_HANDOFF/mathematician_handoff/04_research_ideas.md	218	218	LF218-218	organization	空行/排版分隔	nonmathematical	nonmathematical	research/canonical/operator_space_construction_frontier.md#ocf-b		标题/排版/来源优先级；没有独立数学真值	无本单元数学义务；不关闭邻接断言
OI-U192	history/sources/次单调论文研究/分类集研究/RLEB_LT_operator_space_research_asset_v1/RLEB_LT_operator_space_research_asset_v1/01_CANONICAL_HANDOFF/mathematician_handoff/04_research_ideas.md	219	224	LF219-224	definition	\[ m_j(T)=\sup_{\|x-y\|\le2^{-j}} \|(2T-I)x-(2T-I)y\|, \qquad \Phi(T)=(\mathsf w(T),m(T))\in c_0\times c_0. \tag{B5} \]	derived-checked	rewritten	research/canonical/compact_t_observation.md#ct-proper	C06-v1	固定紧K/S的T-only全时间坐标及proper链已有规范完整证明；不是完整全局图层	特定映射的保纲及原对象提升仍未证
OI-U193	history/sources/次单调论文研究/分类集研究/RLEB_LT_operator_space_research_asset_v1/RLEB_LT_operator_space_research_asset_v1/01_CANONICAL_HANDOFF/mathematician_handoff/04_research_ideas.md	225	225	LF225-225	organization	空行/排版分隔	nonmathematical	nonmathematical	research/canonical/operator_space_construction_frontier.md#ocf-b		标题/排版/来源优先级；没有独立数学真值	无本单元数学义务；不关闭邻接断言
OI-U194	history/sources/次单调论文研究/分类集研究/RLEB_LT_operator_space_research_asset_v1/RLEB_LT_operator_space_research_asset_v1/01_CANONICAL_HANDOFF/mathematician_handoff/04_research_ideas.md	226	226	LF226-226	proof-step	两份 \(c_0\) 都用上确界范数。	derived-checked	rewritten	research/canonical/compact_t_observation.md#ct-proper	C06-v1	固定紧K/S的T-only全时间坐标及proper链已有规范完整证明；不是完整全局图层	特定映射的保纲及原对象提升仍未证
OI-U195	history/sources/次单调论文研究/分类集研究/RLEB_LT_operator_space_research_asset_v1/RLEB_LT_operator_space_research_asset_v1/01_CANONICAL_HANDOFF/mathematician_handoff/04_research_ideas.md	226	226	LF226-226	historical-evidence	`06_math_audit.md` §1 已证明：\(\Phi\) 连续、proper、闭像、紧纤维；	source-report	deferred	research/canonical/operator_space_construction_frontier.md#ocf-source		源稿的依赖/旧审查或阅读行为报告，与本次规范证明及一手核验分别判定	若需使用历史行为或版本身份，核准确原审计/原页和版本；新证明不自动认证当年过程
OI-U196	history/sources/次单调论文研究/分类集研究/RLEB_LT_operator_space_research_asset_v1/RLEB_LT_operator_space_research_asset_v1/01_CANONICAL_HANDOFF/mathematician_handoff/04_research_ideas.md	226	226	LF226-226	proof-step	其实际像 \(Z=\Phi(X)\) 为 Polish，\(\Phi:X\to Z\) 为 perfect/quotient，非空纤维为 Baire。	derived-checked	rewritten	research/canonical/compact_t_observation.md#ct-proper	C06-v1	固定紧K/S的T-only全时间坐标及proper链已有规范完整证明；不是完整全局图层	特定映射的保纲及原对象提升仍未证
OI-U197	history/sources/次单调论文研究/分类集研究/RLEB_LT_operator_space_research_asset_v1/RLEB_LT_operator_space_research_asset_v1/01_CANONICAL_HANDOFF/mathematician_handoff/04_research_ideas.md	226	226	LF226-226	proof-step	共同尾控制全时间，反射模控制等度连续，二者一起给 Arzelà–Ascoli 紧性。	derived-checked	rewritten	research/canonical/compact_t_observation.md#ct-proper	C06-v1	固定紧K/S的T-only全时间坐标及proper链已有规范完整证明；不是完整全局图层	特定映射的保纲及原对象提升仍未证
OI-U198	history/sources/次单调论文研究/分类集研究/RLEB_LT_operator_space_research_asset_v1/RLEB_LT_operator_space_research_asset_v1/01_CANONICAL_HANDOFF/mathematician_handoff/04_research_ideas.md	226	226	LF226-226	proof-step	仅尾坐标 \(\mathsf w\) 的精确纤维已闭且 Polish/Baire，但不能照此证明紧纤维和闭像。	derived-checked	rewritten	research/canonical/compact_t_observation.md#ct-proper	C06-v1	固定紧K/S的T-only全时间坐标及proper链已有规范完整证明；不是完整全局图层	特定映射的保纲及原对象提升仍未证
OI-U199	history/sources/次单调论文研究/分类集研究/RLEB_LT_operator_space_research_asset_v1/RLEB_LT_operator_space_research_asset_v1/01_CANONICAL_HANDOFF/mathematician_handoff/04_research_ideas.md	227	227	LF227-227	organization	空行/排版分隔	nonmathematical	nonmathematical	research/canonical/operator_space_construction_frontier.md#ocf-b		标题/排版/来源优先级；没有独立数学真值	无本单元数学义务；不关闭邻接断言
OI-U200	history/sources/次单调论文研究/分类集研究/RLEB_LT_operator_space_research_asset_v1/RLEB_LT_operator_space_research_asset_v1/01_CANONICAL_HANDOFF/mathematician_handoff/04_research_ideas.md	228	228	LF228-228	counterexample	所以对 \(\Phi\) 的紧 T-only 版本，首攻缺口是 **category-preserving**，不是 properness 或像的 Polish 性。	derived-checked	rewritten	research/operator_space.md#local-loss	C06-v1	proper不保纲及域外r=2失紧已有两个精确规范反例	局部观测不足以认证完整F纤维；特定Φ保纲仍未证
OI-U201	history/sources/次单调论文研究/分类集研究/RLEB_LT_operator_space_research_asset_v1/RLEB_LT_operator_space_research_asset_v1/01_CANONICAL_HANDOFF/mathematician_handoff/04_research_ideas.md	228	228	LF228-228	counterexample	proper/closed/quotient 不推出保纲，例如 \(p:[-1,1]\to[0,1]\)、\(p(x)=\max\{x,0\}\) 就是反例。	derived-checked	rewritten	research/operator_space.md#local-loss	C06-v1	proper不保纲及域外r=2失紧已有两个精确规范反例	局部观测不足以认证完整F纤维；特定Φ保纲仍未证
OI-U202	history/sources/次单调论文研究/分类集研究/RLEB_LT_operator_space_research_asset_v1/RLEB_LT_operator_space_research_asset_v1/01_CANONICAL_HANDOFF/mathematician_handoff/04_research_ideas.md	229	229	LF229-229	organization	空行/排版分隔	nonmathematical	nonmathematical	research/canonical/operator_space_construction_frontier.md#ocf-b		标题/排版/来源优先级；没有独立数学真值	无本单元数学义务；不关闭邻接断言
OI-U203	history/sources/次单调论文研究/分类集研究/RLEB_LT_operator_space_research_asset_v1/RLEB_LT_operator_space_research_asset_v1/01_CANONICAL_HANDOFF/mathematician_handoff/04_research_ideas.md	230	230	LF230-230	counterexample	此加强仅适用于 \(T\) 决定全部原图的完整紧源图卡。	derived-checked	rewritten	research/operator_space.md#local-loss	C06-v1	proper不保纲及域外r=2失紧已有两个精确规范反例	局部观测不足以认证完整F纤维；特定Φ保纲仍未证
OI-U204	history/sources/次单调论文研究/分类集研究/RLEB_LT_operator_space_research_asset_v1/RLEB_LT_operator_space_research_asset_v1/01_CANONICAL_HANDOFF/mathematician_handoff/04_research_ideas.md	230	230	LF230-230	counterexample	完整 \(F\) 层中，局部 \(\Phi_K\) 看不见域外图，纤维可非紧。	derived-checked	rewritten	research/operator_space.md#local-loss	C06-v1	proper不保纲及域外r=2失紧已有两个精确规范反例	局部观测不足以认证完整F纤维；特定Φ保纲仍未证
OI-U205	history/sources/次单调论文研究/分类集研究/RLEB_LT_operator_space_research_asset_v1/RLEB_LT_operator_space_research_asset_v1/01_CANONICAL_HANDOFF/mathematician_handoff/04_research_ideas.md	230	230	LF230-230	counterexample	审计给出的具体见证为	derived-checked	rewritten	research/operator_space.md#local-loss	C06-v1	proper不保纲及域外r=2失紧已有两个精确规范反例	局部观测不足以认证完整F纤维；特定Φ保纲仍未证
OI-U206	history/sources/次单调论文研究/分类集研究/RLEB_LT_operator_space_research_asset_v1/RLEB_LT_operator_space_research_asset_v1/01_CANONICAL_HANDOFF/mathematician_handoff/04_research_ideas.md	231	231	LF231-231	organization	空行/排版分隔	nonmathematical	nonmathematical	research/canonical/operator_space_construction_frontier.md#ocf-b		标题/排版/来源优先级；没有独立数学真值	无本单元数学义务；不关闭邻接断言
OI-U207	history/sources/次单调论文研究/分类集研究/RLEB_LT_operator_space_research_asset_v1/RLEB_LT_operator_space_research_asset_v1/01_CANONICAL_HANDOFF/mathematician_handoff/04_research_ideas.md	232	236	LF232-236	counterexample	\[ T_N(s,r)=\bigl(s,-\min\{1,N(r-2)_+\}\bigr), \qquad K=[-1,1]^2. \tag{B6} \]	derived-checked	rewritten	research/operator_space.md#local-loss	C06-v1	proper不保纲及域外r=2失紧已有两个精确规范反例	局部观测不足以认证完整F纤维；特定Φ保纲仍未证
OI-U208	history/sources/次单调论文研究/分类集研究/RLEB_LT_operator_space_research_asset_v1/RLEB_LT_operator_space_research_asset_v1/01_CANONICAL_HANDOFF/mathematician_handoff/04_research_ideas.md	237	237	LF237-237	organization	空行/排版分隔	nonmathematical	nonmathematical	research/canonical/operator_space_construction_frontier.md#ocf-b		标题/排版/来源优先级；没有独立数学真值	无本单元数学义务；不关闭邻接断言
OI-U209	history/sources/次单调论文研究/分类集研究/RLEB_LT_operator_space_research_asset_v1/RLEB_LT_operator_space_research_asset_v1/01_CANONICAL_HANDOFF/mathematician_handoff/04_research_ideas.md	238	238	LF238-238	counterexample	所有 \(T_N\) 在 \(K\) 上都是投影、全域两步终止、固定同一个 \(\mathbb R\times\{0\}\)，且 \(F_N(u)=\{x-u:T_Nx=u\}\) 的完整 resolvent 就是 \(T_N\)。	derived-checked	rewritten	research/operator_space.md#local-loss	C06-v1	proper不保纲及域外r=2失紧已有两个精确规范反例	局部观测不足以认证完整F纤维；特定Φ保纲仍未证
OI-U210	history/sources/次单调论文研究/分类集研究/RLEB_LT_operator_space_research_asset_v1/RLEB_LT_operator_space_research_asset_v1/01_CANONICAL_HANDOFF/mathematician_handoff/04_research_ideas.md	238	238	LF238-238	counterexample	但 \(r=2\) 附近没有局部一致收敛子列；	derived-checked	rewritten	research/operator_space.md#local-loss	C06-v1	proper不保纲及域外r=2失紧已有两个精确规范反例	局部观测不足以认证完整F纤维；特定Φ保纲仍未证
OI-U211	history/sources/次单调论文研究/分类集研究/RLEB_LT_operator_space_research_asset_v1/RLEB_LT_operator_space_research_asset_v1/01_CANONICAL_HANDOFF/mathematician_handoff/04_research_ideas.md	238	238	LF238-238	counterexample	图极限在该输入处出现多输出，不在全域单值良定图卡中。	derived-checked	rewritten	research/operator_space.md#local-loss	C06-v1	proper不保纲及域外r=2失紧已有两个精确规范反例	局部观测不足以认证完整F纤维；特定Φ保纲仍未证
OI-U212	history/sources/次单调论文研究/分类集研究/RLEB_LT_operator_space_research_asset_v1/RLEB_LT_operator_space_research_asset_v1/01_CANONICAL_HANDOFF/mathematician_handoff/04_research_ideas.md	238	238	LF238-238	counterexample	故完整 \(F\) 的 proper 观测需要加入域外原图控制或全紧耗尽上的尾/模，并重新证明相容性，不能直接外推 T-only 结论。	derived-checked	rewritten	research/operator_space.md#local-loss	C06-v1	proper不保纲及域外r=2失紧已有两个精确规范反例	局部观测不足以认证完整F纤维；特定Φ保纲仍未证
OI-U213	history/sources/次单调论文研究/分类集研究/RLEB_LT_operator_space_research_asset_v1/RLEB_LT_operator_space_research_asset_v1/01_CANONICAL_HANDOFF/mathematician_handoff/04_research_ideas.md	239	239	LF239-239	organization	空行/排版分隔	nonmathematical	nonmathematical	research/canonical/operator_space_construction_frontier.md#ocf-b		标题/排版/来源优先级；没有独立数学真值	无本单元数学义务；不关闭邻接断言
OI-U214	history/sources/次单调论文研究/分类集研究/RLEB_LT_operator_space_research_asset_v1/RLEB_LT_operator_space_research_asset_v1/01_CANONICAL_HANDOFF/mathematician_handoff/04_research_ideas.md	240	240	LF240-240	organization	### B.3 已有工具与目标结论	nonmathematical	nonmathematical	research/canonical/operator_space_construction_frontier.md#ocf-b		标题/排版/来源优先级；没有独立数学真值	无本单元数学义务；不关闭邻接断言
OI-U215	history/sources/次单调论文研究/分类集研究/RLEB_LT_operator_space_research_asset_v1/RLEB_LT_operator_space_research_asset_v1/01_CANONICAL_HANDOFF/mathematician_handoff/04_research_ideas.md	241	241	LF241-241	organization	空行/排版分隔	nonmathematical	nonmathematical	research/canonical/operator_space_construction_frontier.md#ocf-b		标题/排版/来源优先级；没有独立数学真值	无本单元数学义务；不关闭邻接断言
OI-U216	history/sources/次单调论文研究/分类集研究/RLEB_LT_operator_space_research_asset_v1/RLEB_LT_operator_space_research_asset_v1/01_CANONICAL_HANDOFF/mathematician_handoff/04_research_ideas.md	242	242	LF242-242	literature-fact	Melleray–Tsankov, *Generic representations of abelian groups and extreme amenability*, Appendix A 的 Proposition A.3 和 Theorem A.5，给出了连续 category-preserving 映射的判据与纤维版 Kuratowski–Ulam 定理。	paper-fact	rewritten	research/canonical/operator_space_construction_frontier.md#ocf-category-import		本轮作者PDF印刷p25直接核PropA.3/ThA.5；应用仍需Polish/连续/保纲/Baire可测	不是特定Φ保纲或历史阅读行为的证明
OI-U217	history/sources/次单调论文研究/分类集研究/RLEB_LT_operator_space_research_asset_v1/RLEB_LT_operator_space_research_asset_v1/01_CANONICAL_HANDOFF/mathematician_handoff/04_research_ideas.md	242	242	LF242-242	literature-fact	对具有 Baire 性的 \(A\subset X_0\)，	paper-fact	rewritten	research/canonical/operator_space_construction_frontier.md#ocf-category-import		本轮作者PDF印刷p25直接核PropA.3/ThA.5；应用仍需Polish/连续/保纲/Baire可测	不是特定Φ保纲或历史阅读行为的证明
OI-U218	history/sources/次单调论文研究/分类集研究/RLEB_LT_operator_space_research_asset_v1/RLEB_LT_operator_space_research_asset_v1/01_CANONICAL_HANDOFF/mathematician_handoff/04_research_ideas.md	243	243	LF243-243	organization	空行/排版分隔	nonmathematical	nonmathematical	research/canonical/operator_space_construction_frontier.md#ocf-b		标题/排版/来源优先级；没有独立数学真值	无本单元数学义务；不关闭邻接断言
OI-U219	history/sources/次单调论文研究/分类集研究/RLEB_LT_operator_space_research_asset_v1/RLEB_LT_operator_space_research_asset_v1/01_CANONICAL_HANDOFF/mathematician_handoff/04_research_ideas.md	244	249	LF244-249	literature-fact	\[ A\text{ 在 }X_0\text{ 中余稀} \iff A\cap X_a\text{ 在 }X_a\text{ 中余稀，对余稀的 }a. \tag{B4} \]	paper-fact	rewritten	research/canonical/operator_space_construction_frontier.md#ocf-category-import		本轮作者PDF印刷p25直接核PropA.3/ThA.5；应用仍需Polish/连续/保纲/Baire可测	不是特定Φ保纲或历史阅读行为的证明
OI-U220	history/sources/次单调论文研究/分类集研究/RLEB_LT_operator_space_research_asset_v1/RLEB_LT_operator_space_research_asset_v1/01_CANONICAL_HANDOFF/mathematician_handoff/04_research_ideas.md	250	250	LF250-250	organization	空行/排版分隔	nonmathematical	nonmathematical	research/canonical/operator_space_construction_frontier.md#ocf-b		标题/排版/来源优先级；没有独立数学真值	无本单元数学义务；不关闭邻接断言
OI-U221	history/sources/次单调论文研究/分类集研究/RLEB_LT_operator_space_research_asset_v1/RLEB_LT_operator_space_research_asset_v1/01_CANONICAL_HANDOFF/mathematician_handoff/04_research_ideas.md	251	251	LF251-251	historical-evidence	已读[作者原稿 Appendix A](https://math.univ-lyon1.fr/~melleray/ext-amenability.pdf)；	source-report	deferred	research/canonical/operator_space_construction_frontier.md#ocf-source		源稿的依赖/旧审查或阅读行为报告，与本次规范证明及一手核验分别判定	若需使用历史行为或版本身份，核准确原审计/原页和版本；新证明不自动认证当年过程
OI-U222	history/sources/次单调论文研究/分类集研究/RLEB_LT_operator_space_research_asset_v1/RLEB_LT_operator_space_research_asset_v1/01_CANONICAL_HANDOFF/mathematician_handoff/04_research_ideas.md	251	251	LF251-251	literature-evidence	也可用 [Melleray 2014, Theorem 2.9](https://arxiv.org/html/1201.4447v2)。	source-report	deferred	research/canonical/operator_space_construction_frontier.md#ocf-category-import		Melleray另一版本Theorem2.9及旧访问行为未由MT作者PDF核验覆盖	读取该指定版本/定理并核对应；不要以不同论文同类结果替代
OI-U223	history/sources/次单调论文研究/分类集研究/RLEB_LT_operator_space_research_asset_v1/RLEB_LT_operator_space_research_asset_v1/01_CANONICAL_HANDOFF/mathematician_handoff/04_research_ideas.md	251	251	LF251-251	literature-evidence	这些是类别转移的现成工具，不是本项目的新颖性。	source-report	deferred	research/canonical/operator_space_construction_frontier.md#ocf-category-import		Melleray另一版本Theorem2.9及旧访问行为未由MT作者PDF核验覆盖	读取该指定版本/定理并核对应；不要以不同论文同类结果替代
OI-U224	history/sources/次单调论文研究/分类集研究/RLEB_LT_operator_space_research_asset_v1/RLEB_LT_operator_space_research_asset_v1/01_CANONICAL_HANDOFF/mathematician_handoff/04_research_ideas.md	252	252	LF252-252	organization	空行/排版分隔	nonmathematical	nonmathematical	research/canonical/operator_space_construction_frontier.md#ocf-b		标题/排版/来源优先级；没有独立数学真值	无本单元数学义务；不关闭邻接断言
OI-U225	history/sources/次单调论文研究/分类集研究/RLEB_LT_operator_space_research_asset_v1/RLEB_LT_operator_space_research_asset_v1/01_CANONICAL_HANDOFF/mathematician_handoff/04_research_ideas.md	253	253	LF253-253	organization	### B.4 成败解释	nonmathematical	nonmathematical	research/canonical/operator_space_construction_frontier.md#ocf-b		标题/排版/来源优先级；没有独立数学真值	无本单元数学义务；不关闭邻接断言
OI-U226	history/sources/次单调论文研究/分类集研究/RLEB_LT_operator_space_research_asset_v1/RLEB_LT_operator_space_research_asset_v1/01_CANONICAL_HANDOFF/mathematician_handoff/04_research_ideas.md	254	254	LF254-254	organization	空行/排版分隔	nonmathematical	nonmathematical	research/canonical/operator_space_construction_frontier.md#ocf-b		标题/排版/来源优先级；没有独立数学真值	无本单元数学义务；不关闭邻接断言
OI-U227	history/sources/次单调论文研究/分类集研究/RLEB_LT_operator_space_research_asset_v1/RLEB_LT_operator_space_research_asset_v1/01_CANONICAL_HANDOFF/mathematician_handoff/04_research_ideas.md	255	255	LF255-255	scope-contract	- 所需假设：Polish 对象母空间与尾基底；	open	rewritten	research/canonical/operator_space_construction_frontier.md#ocf-b		将该具体构造/范围义务重写为规范开放接口；不声称成功目标或失败条件已经实现	该路线答案仍open；逐项构造同对象、同拓扑、同预算的桥，不以来源任务标题或定理名称升级
OI-U228	history/sources/次单调论文研究/分类集研究/RLEB_LT_operator_space_research_asset_v1/RLEB_LT_operator_space_research_asset_v1/01_CANONICAL_HANDOFF/mathematician_handoff/04_research_ideas.md	255	255	LF255-255	scope-contract	真实 \(\mathsf w\) 连续；	open	rewritten	research/canonical/operator_space_construction_frontier.md#ocf-b		将该具体构造/范围义务重写为规范开放接口；不声称成功目标或失败条件已经实现	该路线答案仍open；逐项构造同对象、同拓扑、同预算的桥，不以来源任务标题或定理名称升级
OI-U229	history/sources/次单调论文研究/分类集研究/RLEB_LT_operator_space_research_asset_v1/RLEB_LT_operator_space_research_asset_v1/01_CANONICAL_HANDOFF/mathematician_handoff/04_research_ideas.md	255	255	LF255-255	scope-contract	category-preserving 是实质构建任务，不能由连续性代替。	open	rewritten	research/canonical/operator_space_construction_frontier.md#ocf-b		将该具体构造/范围义务重写为规范开放接口；不声称成功目标或失败条件已经实现	该路线答案仍open；逐项构造同对象、同拓扑、同预算的桥，不以来源任务标题或定理名称升级
OI-U230	history/sources/次单调论文研究/分类集研究/RLEB_LT_operator_space_research_asset_v1/RLEB_LT_operator_space_research_asset_v1/01_CANONICAL_HANDOFF/mathematician_handoff/04_research_ideas.md	256	256	LF256-256	scope-contract	- 成功定理：把“典型实际动力学速率纤维内的认证差异”提升为母空间中的真实分类结论，避免只在任意 \(\mathfrak D_e\) 内讲话。	open	rewritten	research/canonical/operator_space_construction_frontier.md#ocf-b		将该具体构造/范围义务重写为规范开放接口；不声称成功目标或失败条件已经实现	该路线答案仍open；逐项构造同对象、同拓扑、同预算的桥，不以来源任务标题或定理名称升级
OI-U231	history/sources/次单调论文研究/分类集研究/RLEB_LT_operator_space_research_asset_v1/RLEB_LT_operator_space_research_asset_v1/01_CANONICAL_HANDOFF/mathematician_handoff/04_research_ideas.md	257	257	LF257-257	scope-contract	- 失败反定理：存在中立开集 \(O\)，但 \(\mathsf w(O)\) 落在尾基底的第一纲薄片；	open	rewritten	research/canonical/operator_space_construction_frontier.md#ocf-b		将该具体构造/范围义务重写为规范开放接口；不声称成功目标或失败条件已经实现	该路线答案仍open；逐项构造同对象、同拓扑、同预算的桥，不以来源任务标题或定理名称升级
OI-U232	history/sources/次单调论文研究/分类集研究/RLEB_LT_operator_space_research_asset_v1/RLEB_LT_operator_space_research_asset_v1/01_CANONICAL_HANDOFF/mathematician_handoff/04_research_ideas.md	257	257	LF257-257	scope-contract	这说明尾坐标有奇异纤维化，不能用一个普通 category 积分概括，需要进一步分层。	open	rewritten	research/canonical/operator_space_construction_frontier.md#ocf-b		将该具体构造/范围义务重写为规范开放接口；不声称成功目标或失败条件已经实现	该路线答案仍open；逐项构造同对象、同拓扑、同预算的桥，不以来源任务标题或定理名称升级
OI-U233	history/sources/次单调论文研究/分类集研究/RLEB_LT_operator_space_research_asset_v1/RLEB_LT_operator_space_research_asset_v1/01_CANONICAL_HANDOFF/mathematician_handoff/04_research_ideas.md	258	258	LF258-258	organization	- 风险：高；	nonmathematical	nonmathematical	research/canonical/operator_space_construction_frontier.md#ocf-b		标题/排版/来源优先级；没有独立数学真值	无本单元数学义务；不关闭邻接断言
OI-U234	history/sources/次单调论文研究/分类集研究/RLEB_LT_operator_space_research_asset_v1/RLEB_LT_operator_space_research_asset_v1/01_CANONICAL_HANDOFF/mathematician_handoff/04_research_ideas.md	258	258	LF258-258	scope-contract	但它最直接检验目前欠缺的“结构层到理想体系”的桥。	open	rewritten	research/canonical/operator_space_construction_frontier.md#ocf-b		将该具体构造/范围义务重写为规范开放接口；不声称成功目标或失败条件已经实现	该路线答案仍open；逐项构造同对象、同拓扑、同预算的桥，不以来源任务标题或定理名称升级
OI-U235	history/sources/次单调论文研究/分类集研究/RLEB_LT_operator_space_research_asset_v1/RLEB_LT_operator_space_research_asset_v1/01_CANONICAL_HANDOFF/mathematician_handoff/04_research_ideas.md	259	259	LF259-259	organization	空行/排版分隔	nonmathematical	nonmathematical	research/canonical/operator_space_construction_frontier.md#ocf-b		标题/排版/来源优先级；没有独立数学真值	无本单元数学义务；不关闭邻接断言
OI-U236	history/sources/次单调论文研究/分类集研究/RLEB_LT_operator_space_research_asset_v1/RLEB_LT_operator_space_research_asset_v1/01_CANONICAL_HANDOFF/mathematician_handoff/04_research_ideas.md	260	260	LF260-260	scope-contract	“direct integral”只能作为直觉，不能冒称已有自然测度。	open	rewritten	research/canonical/operator_space_construction_frontier.md#ocf-b		将该具体构造/范围义务重写为规范开放接口；不声称成功目标或失败条件已经实现	该路线答案仍open；逐项构造同对象、同拓扑、同预算的桥，不以来源任务标题或定理名称升级
OI-U237	history/sources/次单调论文研究/分类集研究/RLEB_LT_operator_space_research_asset_v1/RLEB_LT_operator_space_research_asset_v1/01_CANONICAL_HANDOFF/mathematician_handoff/04_research_ideas.md	260	260	LF260-260	scope-contract	这里的严格工具是类别分解，不是概率分解。	open	rewritten	research/canonical/operator_space_construction_frontier.md#ocf-b		将该具体构造/范围义务重写为规范开放接口；不声称成功目标或失败条件已经实现	该路线答案仍open；逐项构造同对象、同拓扑、同预算的桥，不以来源任务标题或定理名称升级
OI-U238	history/sources/次单调论文研究/分类集研究/RLEB_LT_operator_space_research_asset_v1/RLEB_LT_operator_space_research_asset_v1/01_CANONICAL_HANDOFF/mathematician_handoff/04_research_ideas.md	261	261	LF261-261	organization	空行/排版分隔	nonmathematical	nonmathematical	research/canonical/operator_space_construction_frontier.md#ocf-b		标题/排版/来源优先级；没有独立数学真值	无本单元数学义务；不关闭邻接断言
OI-U239	history/sources/次单调论文研究/分类集研究/RLEB_LT_operator_space_research_asset_v1/RLEB_LT_operator_space_research_asset_v1/01_CANONICAL_HANDOFF/mathematician_handoff/04_research_ideas.md	262	262	LF262-262	organization	## 3. 路线 C：σ紧认证像的内生 Baire 核心与 Choquet 诊断	nonmathematical	nonmathematical	research/canonical/operator_space_construction_frontier.md#ocf-c		标题/排版/来源优先级；没有独立数学真值	无本单元数学义务；不关闭邻接断言
OI-U240	history/sources/次单调论文研究/分类集研究/RLEB_LT_operator_space_research_asset_v1/RLEB_LT_operator_space_research_asset_v1/01_CANONICAL_HANDOFF/mathematician_handoff/04_research_ideas.md	263	263	LF263-263	organization	空行/排版分隔	nonmathematical	nonmathematical	research/canonical/operator_space_construction_frontier.md#ocf-c		标题/排版/来源优先级；没有独立数学真值	无本单元数学义务；不关闭邻接断言
OI-U241	history/sources/次单调论文研究/分类集研究/RLEB_LT_operator_space_research_asset_v1/RLEB_LT_operator_space_research_asset_v1/01_CANONICAL_HANDOFF/mathematician_handoff/04_research_ideas.md	264	264	LF264-264	organization	### C.1 核心 idea	nonmathematical	nonmathematical	research/canonical/operator_space_construction_frontier.md#ocf-c		标题/排版/来源优先级；没有独立数学真值	无本单元数学义务；不关闭邻接断言
OI-U242	history/sources/次单调论文研究/分类集研究/RLEB_LT_operator_space_research_asset_v1/RLEB_LT_operator_space_research_asset_v1/01_CANONICAL_HANDOFF/mathematician_handoff/04_research_ideas.md	265	265	LF265-265	organization	空行/排版分隔	nonmathematical	nonmathematical	research/canonical/operator_space_construction_frontier.md#ocf-c		标题/排版/来源优先级；没有独立数学真值	无本单元数学义务；不关闭邻接断言
OI-U243	history/sources/次单调论文研究/分类集研究/RLEB_LT_operator_space_research_asset_v1/RLEB_LT_operator_space_research_asset_v1/01_CANONICAL_HANDOFF/mathematician_handoff/04_research_ideas.md	266	266	LF266-266	scope-contract	先不要证明 LT 小，先精确判断 RLEB 对象像有没有足以容纳“典型 RLEB”语言的 Baire 部分。	open	rewritten	research/canonical/operator_space_construction_frontier.md#ocf-c		将该具体构造/范围义务重写为规范开放接口；不声称成功目标或失败条件已经实现	该路线答案仍open；逐项构造同对象、同拓扑、同预算的桥，不以来源任务标题或定理名称升级
OI-U244	history/sources/次单调论文研究/分类集研究/RLEB_LT_operator_space_research_asset_v1/RLEB_LT_operator_space_research_asset_v1/01_CANONICAL_HANDOFF/mathematician_handoff/04_research_ideas.md	266	266	LF266-266	scope-contract	已有紧图卡结果 \(\mathcal R=\bigcup_n K_n\) 提供一个很强的诊断入口。	open	rewritten	research/canonical/operator_space_construction_frontier.md#ocf-c		将该具体构造/范围义务重写为规范开放接口；不声称成功目标或失败条件已经实现	该路线答案仍open；逐项构造同对象、同拓扑、同预算的桥，不以来源任务标题或定理名称升级
OI-U245	history/sources/次单调论文研究/分类集研究/RLEB_LT_operator_space_research_asset_v1/RLEB_LT_operator_space_research_asset_v1/01_CANONICAL_HANDOFF/mathematician_handoff/04_research_ideas.md	267	267	LF267-267	organization	空行/排版分隔	nonmathematical	nonmathematical	research/canonical/operator_space_construction_frontier.md#ocf-c		标题/排版/来源优先级；没有独立数学真值	无本单元数学义务；不关闭邻接断言
OI-U246	history/sources/次单调论文研究/分类集研究/RLEB_LT_operator_space_research_asset_v1/RLEB_LT_operator_space_research_asset_v1/01_CANONICAL_HANDOFF/mathematician_handoff/04_research_ideas.md	268	268	LF268-268	organization	### C.2 可直接证明的首引理	nonmathematical	nonmathematical	research/canonical/operator_space_construction_frontier.md#ocf-c		标题/排版/来源优先级；没有独立数学真值	无本单元数学义务；不关闭邻接断言
OI-U247	history/sources/次单调论文研究/分类集研究/RLEB_LT_operator_space_research_asset_v1/RLEB_LT_operator_space_research_asset_v1/01_CANONICAL_HANDOFF/mathematician_handoff/04_research_ideas.md	269	269	LF269-269	organization	空行/排版分隔	nonmathematical	nonmathematical	research/canonical/operator_space_construction_frontier.md#ocf-c		标题/排版/来源优先级；没有独立数学真值	无本单元数学义务；不关闭邻接断言
OI-U248	history/sources/次单调论文研究/分类集研究/RLEB_LT_operator_space_research_asset_v1/RLEB_LT_operator_space_research_asset_v1/01_CANONICAL_HANDOFF/mathematician_handoff/04_research_ideas.md	270	270	LF270-270	proof-step	设度量空间 \(Z=\bigcup_n K_n\)，每个 \(K_n\) 在 \(Z\) 中紧。	derived-checked	rewritten	research/canonical/sigma_compact_baire.md#sc-proof	C128-v1	σ紧度量空间条件等价与局部紧点诊断已在C128独立证明；需先有真实紧覆盖	未决定实际认证像具何母空间位置
OI-U249	history/sources/次单调论文研究/分类集研究/RLEB_LT_operator_space_research_asset_v1/RLEB_LT_operator_space_research_asset_v1/01_CANONICAL_HANDOFF/mathematician_handoff/04_research_ideas.md	270	270	LF270-270	proof-step	则	derived-checked	rewritten	research/canonical/sigma_compact_baire.md#sc-proof	C128-v1	σ紧度量空间条件等价与局部紧点诊断已在C128独立证明；需先有真实紧覆盖	未决定实际认证像具何母空间位置
OI-U250	history/sources/次单调论文研究/分类集研究/RLEB_LT_operator_space_research_asset_v1/RLEB_LT_operator_space_research_asset_v1/01_CANONICAL_HANDOFF/mathematician_handoff/04_research_ideas.md	271	271	LF271-271	organization	空行/排版分隔	nonmathematical	nonmathematical	research/canonical/operator_space_construction_frontier.md#ocf-c		标题/排版/来源优先级；没有独立数学真值	无本单元数学义务；不关闭邻接断言
OI-U251	history/sources/次单调论文研究/分类集研究/RLEB_LT_operator_space_research_asset_v1/RLEB_LT_operator_space_research_asset_v1/01_CANONICAL_HANDOFF/mathematician_handoff/04_research_ideas.md	272	277	LF272-277	proof-step	\[ Z\text{ 是 Baire} \iff \bigcup_n\operatorname{Int}_ZK_n\text{ 在 }Z\text{ 中稠密}. \tag{C1} \]	derived-checked	rewritten	research/canonical/sigma_compact_baire.md#sc-proof	C128-v1	σ紧度量空间条件等价与局部紧点诊断已在C128独立证明；需先有真实紧覆盖	未决定实际认证像具何母空间位置
OI-U252	history/sources/次单调论文研究/分类集研究/RLEB_LT_operator_space_research_asset_v1/RLEB_LT_operator_space_research_asset_v1/01_CANONICAL_HANDOFF/mathematician_handoff/04_research_ideas.md	278	278	LF278-278	organization	空行/排版分隔	nonmathematical	nonmathematical	research/canonical/operator_space_construction_frontier.md#ocf-c		标题/排版/来源优先级；没有独立数学真值	无本单元数学义务；不关闭邻接断言
OI-U253	history/sources/次单调论文研究/分类集研究/RLEB_LT_operator_space_research_asset_v1/RLEB_LT_operator_space_research_asset_v1/01_CANONICAL_HANDOFF/mathematician_handoff/04_research_ideas.md	279	279	LF279-279	proof-step	等价地，\(Z\) 的局部紧点组成的内生开集在 \(Z\) 中稠密。	derived-checked	rewritten	research/canonical/sigma_compact_baire.md#sc-proof	C128-v1	σ紧度量空间条件等价与局部紧点诊断已在C128独立证明；需先有真实紧覆盖	未决定实际认证像具何母空间位置
OI-U254	history/sources/次单调论文研究/分类集研究/RLEB_LT_operator_space_research_asset_v1/RLEB_LT_operator_space_research_asset_v1/01_CANONICAL_HANDOFF/mathematician_handoff/04_research_ideas.md	280	280	LF280-280	organization	空行/排版分隔	nonmathematical	nonmathematical	research/canonical/operator_space_construction_frontier.md#ocf-c		标题/排版/来源优先级；没有独立数学真值	无本单元数学义务；不关闭邻接断言
OI-U255	history/sources/次单调论文研究/分类集研究/RLEB_LT_operator_space_research_asset_v1/RLEB_LT_operator_space_research_asset_v1/01_CANONICAL_HANDOFF/mathematician_handoff/04_research_ideas.md	281	281	LF281-281	proof-step	正向：若一个非空开集避开全部紧块的内部，它被可数个相对闭无处稠密块覆盖，矛盾。	derived-checked	rewritten	research/canonical/sigma_compact_baire.md#sc-proof	C128-v1	σ紧度量空间条件等价与局部紧点诊断已在C128独立证明；需先有真实紧覆盖	未决定实际认证像具何母空间位置
OI-U256	history/sources/次单调论文研究/分类集研究/RLEB_LT_operator_space_research_asset_v1/RLEB_LT_operator_space_research_asset_v1/01_CANONICAL_HANDOFF/mathematician_handoff/04_research_ideas.md	281	281	LF281-281	proof-step	反向：上述稠密开集局部紧、从而 Baire；	derived-checked	rewritten	research/canonical/sigma_compact_baire.md#sc-proof	C128-v1	σ紧度量空间条件等价与局部紧点诊断已在C128独立证明；需先有真实紧覆盖	未决定实际认证像具何母空间位置
OI-U257	history/sources/次单调论文研究/分类集研究/RLEB_LT_operator_space_research_asset_v1/RLEB_LT_operator_space_research_asset_v1/01_CANONICAL_HANDOFF/mathematician_handoff/04_research_ideas.md	281	281	LF281-281	proof-step	包含稠密开 Baire 子空间的空间为 Baire。	derived-checked	rewritten	research/canonical/sigma_compact_baire.md#sc-proof	C128-v1	σ紧度量空间条件等价与局部紧点诊断已在C128独立证明；需先有真实紧覆盖	未决定实际认证像具何母空间位置
OI-U258	history/sources/次单调论文研究/分类集研究/RLEB_LT_operator_space_research_asset_v1/RLEB_LT_operator_space_research_asset_v1/01_CANONICAL_HANDOFF/mathematician_handoff/04_research_ideas.md	281	281	LF281-281	proof-step	这里“局部紧点集合”是内生的，但某一具体紧覆盖的内部并不必与它逐点相同。	derived-checked	rewritten	research/canonical/sigma_compact_baire.md#sc-proof	C128-v1	σ紧度量空间条件等价与局部紧点诊断已在C128独立证明；需先有真实紧覆盖	未决定实际认证像具何母空间位置
OI-U259	history/sources/次单调论文研究/分类集研究/RLEB_LT_operator_space_research_asset_v1/RLEB_LT_operator_space_research_asset_v1/01_CANONICAL_HANDOFF/mathematician_handoff/04_research_ideas.md	282	282	LF282-282	organization	空行/排版分隔	nonmathematical	nonmathematical	research/canonical/operator_space_construction_frontier.md#ocf-c		标题/排版/来源优先级；没有独立数学真值	无本单元数学义务；不关闭邻接断言
OI-U260	history/sources/次单调论文研究/分类集研究/RLEB_LT_operator_space_research_asset_v1/RLEB_LT_operator_space_research_asset_v1/01_CANONICAL_HANDOFF/mathematician_handoff/04_research_ideas.md	283	283	LF283-283	organization	### C.3 数学团队真正要做的测试	nonmathematical	nonmathematical	research/canonical/operator_space_construction_frontier.md#ocf-c		标题/排版/来源优先级；没有独立数学真值	无本单元数学义务；不关闭邻接断言
OI-U261	history/sources/次单调论文研究/分类集研究/RLEB_LT_operator_space_research_asset_v1/RLEB_LT_operator_space_research_asset_v1/01_CANONICAL_HANDOFF/mathematician_handoff/04_research_ideas.md	284	284	LF284-284	organization	空行/排版分隔	nonmathematical	nonmathematical	research/canonical/operator_space_construction_frontier.md#ocf-c		标题/排版/来源优先级；没有独立数学真值	无本单元数学义务；不关闭邻接断言
OI-U262	history/sources/次单调论文研究/分类集研究/RLEB_LT_operator_space_research_asset_v1/RLEB_LT_operator_space_research_asset_v1/01_CANONICAL_HANDOFF/mathematician_handoff/04_research_ideas.md	285	285	LF285-285	scope-contract	对已有对象侧紧预算块，判断：是否存在 \(T\) 与一个原拓扑邻域 \(O\)，使	open	rewritten	research/canonical/operator_space_construction_frontier.md#ocf-c		将该具体构造/范围义务重写为规范开放接口；不声称成功目标或失败条件已经实现	该路线答案仍open；逐项构造同对象、同拓扑、同预算的桥，不以来源任务标题或定理名称升级
OI-U263	history/sources/次单调论文研究/分类集研究/RLEB_LT_operator_space_research_asset_v1/RLEB_LT_operator_space_research_asset_v1/01_CANONICAL_HANDOFF/mathematician_handoff/04_research_ideas.md	286	286	LF286-286	organization	空行/排版分隔	nonmathematical	nonmathematical	research/canonical/operator_space_construction_frontier.md#ocf-c		标题/排版/来源优先级；没有独立数学真值	无本单元数学义务；不关闭邻接断言
OI-U264	history/sources/次单调论文研究/分类集研究/RLEB_LT_operator_space_research_asset_v1/RLEB_LT_operator_space_research_asset_v1/01_CANONICAL_HANDOFF/mathematician_handoff/04_research_ideas.md	287	290	LF287-290	scope-contract	\[ \mathcal R\cap O\subset K_n? \tag{C2} \]	open	rewritten	research/canonical/operator_space_construction_frontier.md#ocf-c		将该具体构造/范围义务重写为规范开放接口；不声称成功目标或失败条件已经实现	该路线答案仍open；逐项构造同对象、同拓扑、同预算的桥，不以来源任务标题或定理名称升级
OI-U265	history/sources/次单调论文研究/分类集研究/RLEB_LT_operator_space_research_asset_v1/RLEB_LT_operator_space_research_asset_v1/01_CANONICAL_HANDOFF/mathematician_handoff/04_research_ideas.md	291	291	LF291-291	organization	空行/排版分隔	nonmathematical	nonmathematical	research/canonical/operator_space_construction_frontier.md#ocf-c		标题/排版/来源优先级；没有独立数学真值	无本单元数学义务；不关闭邻接断言
OI-U266	history/sources/次单调论文研究/分类集研究/RLEB_LT_operator_space_research_asset_v1/RLEB_LT_operator_space_research_asset_v1/01_CANONICAL_HANDOFF/mathematician_handoff/04_research_ideas.md	292	292	LF292-292	scope-contract	这是“认证预算是否局部有界”的对象命题，不是给每个对象附上一份人为证书。	open	rewritten	research/canonical/operator_space_construction_frontier.md#ocf-c		将该具体构造/范围义务重写为规范开放接口；不声称成功目标或失败条件已经实现	该路线答案仍open；逐项构造同对象、同拓扑、同预算的桥，不以来源任务标题或定理名称升级
OI-U267	history/sources/次单调论文研究/分类集研究/RLEB_LT_operator_space_research_asset_v1/RLEB_LT_operator_space_research_asset_v1/01_CANONICAL_HANDOFF/mathematician_handoff/04_research_ideas.md	292	292	LF292-292	scope-contract	若每个相对邻域都存在离开所有给定紧预算的 RLEB 对象，就可能证明 \(\mathcal R\) 处处非局部紧、自第一纲；	open	rewritten	research/canonical/operator_space_construction_frontier.md#ocf-c		将该具体构造/范围义务重写为规范开放接口；不声称成功目标或失败条件已经实现	该路线答案仍open；逐项构造同对象、同拓扑、同预算的桥，不以来源任务标题或定理名称升级
OI-U268	history/sources/次单调论文研究/分类集研究/RLEB_LT_operator_space_research_asset_v1/RLEB_LT_operator_space_research_asset_v1/01_CANONICAL_HANDOFF/mathematician_handoff/04_research_ideas.md	292	292	LF292-292	scope-contract	此时停止使用“LT 在 RLEB 中第一纲”等同“绝大多数 RLEB 不属 LT”的解释。	open	rewritten	research/canonical/operator_space_construction_frontier.md#ocf-c		将该具体构造/范围义务重写为规范开放接口；不声称成功目标或失败条件已经实现	该路线答案仍open；逐项构造同对象、同拓扑、同预算的桥，不以来源任务标题或定理名称升级
OI-U269	history/sources/次单调论文研究/分类集研究/RLEB_LT_operator_space_research_asset_v1/RLEB_LT_operator_space_research_asset_v1/01_CANONICAL_HANDOFF/mathematician_handoff/04_research_ideas.md	293	293	LF293-293	organization	空行/排版分隔	nonmathematical	nonmathematical	research/canonical/operator_space_construction_frontier.md#ocf-c		标题/排版/来源优先级；没有独立数学真值	无本单元数学义务；不关闭邻接断言
OI-U270	history/sources/次单调论文研究/分类集研究/RLEB_LT_operator_space_research_asset_v1/RLEB_LT_operator_space_research_asset_v1/01_CANONICAL_HANDOFF/mathematician_handoff/04_research_ideas.md	294	294	LF294-294	scope-contract	可以使用 strong Choquet game 研究完全可度量性，但它不会凭空修复自第一纲：要证的是原相对拓扑下的赢策略，不能把附证书的更强拓扑当作同一个空间。	open	rewritten	research/canonical/operator_space_construction_frontier.md#ocf-c		将该具体构造/范围义务重写为规范开放接口；不声称成功目标或失败条件已经实现	该路线答案仍open；逐项构造同对象、同拓扑、同预算的桥，不以来源任务标题或定理名称升级
OI-U271	history/sources/次单调论文研究/分类集研究/RLEB_LT_operator_space_research_asset_v1/RLEB_LT_operator_space_research_asset_v1/01_CANONICAL_HANDOFF/mathematician_handoff/04_research_ideas.md	295	295	LF295-295	organization	空行/排版分隔	nonmathematical	nonmathematical	research/canonical/operator_space_construction_frontier.md#ocf-c		标题/排版/来源优先级；没有独立数学真值	无本单元数学义务；不关闭邻接断言
OI-U272	history/sources/次单调论文研究/分类集研究/RLEB_LT_operator_space_research_asset_v1/RLEB_LT_operator_space_research_asset_v1/01_CANONICAL_HANDOFF/mathematician_handoff/04_research_ideas.md	296	296	LF296-296	organization	### C.4 成败解释	nonmathematical	nonmathematical	research/canonical/operator_space_construction_frontier.md#ocf-c		标题/排版/来源优先级；没有独立数学真值	无本单元数学义务；不关闭邻接断言
OI-U273	history/sources/次单调论文研究/分类集研究/RLEB_LT_operator_space_research_asset_v1/RLEB_LT_operator_space_research_asset_v1/01_CANONICAL_HANDOFF/mathematician_handoff/04_research_ideas.md	297	297	LF297-297	organization	空行/排版分隔	nonmathematical	nonmathematical	research/canonical/operator_space_construction_frontier.md#ocf-c		标题/排版/来源优先级；没有独立数学真值	无本单元数学义务；不关闭邻接断言
OI-U274	history/sources/次单调论文研究/分类集研究/RLEB_LT_operator_space_research_asset_v1/RLEB_LT_operator_space_research_asset_v1/01_CANONICAL_HANDOFF/mathematician_handoff/04_research_ideas.md	298	298	LF298-298	scope-contract	- 所需假设：已证对象侧 σ紧表示；	open	rewritten	research/canonical/operator_space_construction_frontier.md#ocf-c		将该具体构造/范围义务重写为规范开放接口；不声称成功目标或失败条件已经实现	该路线答案仍open；逐项构造同对象、同拓扑、同预算的桥，不以来源任务标题或定理名称升级
OI-U275	history/sources/次单调论文研究/分类集研究/RLEB_LT_operator_space_research_asset_v1/RLEB_LT_operator_space_research_asset_v1/01_CANONICAL_HANDOFF/mathematician_handoff/04_research_ideas.md	298	298	LF298-298	scope-contract	当前只对明确紧图卡及相应规范化成立，不可无证推广到任意完整外部图。	open	rewritten	research/canonical/operator_space_construction_frontier.md#ocf-c		将该具体构造/范围义务重写为规范开放接口；不声称成功目标或失败条件已经实现	该路线答案仍open；逐项构造同对象、同拓扑、同预算的桥，不以来源任务标题或定理名称升级
OI-U276	history/sources/次单调论文研究/分类集研究/RLEB_LT_operator_space_research_asset_v1/RLEB_LT_operator_space_research_asset_v1/01_CANONICAL_HANDOFF/mathematician_handoff/04_research_ideas.md	299	299	LF299-299	method-proposal	- 工具：Baire 范畴、局部紧分解、Choquet 游戏、紧预算的 Arzelà–Ascoli 控制。	open	rewritten	research/canonical/operator_space_construction_frontier.md#ocf-c		工具清单是研究种子，不作为未核定理导入或成功证据	该路线答案仍open；逐项构造同对象、同拓扑、同预算的桥，不以来源任务标题或定理名称升级
OI-U277	history/sources/次单调论文研究/分类集研究/RLEB_LT_operator_space_research_asset_v1/RLEB_LT_operator_space_research_asset_v1/01_CANONICAL_HANDOFF/mathematician_handoff/04_research_ideas.md	300	300	LF300-300	scope-contract	- 成功定理：识别一个由原对象拓扑决定的非退化 Baire 核心，并证明该核心在 RLEB 类中的位置；	open	rewritten	research/canonical/operator_space_construction_frontier.md#ocf-c		将该具体构造/范围义务重写为规范开放接口；不声称成功目标或失败条件已经实现	该路线答案仍open；逐项构造同对象、同拓扑、同预算的桥，不以来源任务标题或定理名称升级
OI-U278	history/sources/次单调论文研究/分类集研究/RLEB_LT_operator_space_research_asset_v1/RLEB_LT_operator_space_research_asset_v1/01_CANONICAL_HANDOFF/mathematician_handoff/04_research_ideas.md	300	300	LF300-300	scope-contract	可以在那里做有意义的 LT/RLEB 比较。	open	rewritten	research/canonical/operator_space_construction_frontier.md#ocf-c		将该具体构造/范围义务重写为规范开放接口；不声称成功目标或失败条件已经实现	该路线答案仍open；逐项构造同对象、同拓扑、同预算的桥，不以来源任务标题或定理名称升级
OI-U279	history/sources/次单调论文研究/分类集研究/RLEB_LT_operator_space_research_asset_v1/RLEB_LT_operator_space_research_asset_v1/01_CANONICAL_HANDOFF/mathematician_handoff/04_research_ideas.md	301	301	LF301-301	scope-contract	- 失败反定理：证明 RLEB 认证像整体在自身拓扑中第一纲，并精确说明为什么总体相对纲目标必须改成类别剖面或别的大小语言。	open	rewritten	research/canonical/operator_space_construction_frontier.md#ocf-c		将该具体构造/范围义务重写为规范开放接口；不声称成功目标或失败条件已经实现	该路线答案仍open；逐项构造同对象、同拓扑、同预算的桥，不以来源任务标题或定理名称升级
OI-U280	history/sources/次单调论文研究/分类集研究/RLEB_LT_operator_space_research_asset_v1/RLEB_LT_operator_space_research_asset_v1/01_CANONICAL_HANDOFF/mathematician_handoff/04_research_ideas.md	302	302	LF302-302	organization	- 风险：中等；	nonmathematical	nonmathematical	research/canonical/operator_space_construction_frontier.md#ocf-c		标题/排版/来源优先级；没有独立数学真值	无本单元数学义务；不关闭邻接断言
OI-U281	history/sources/次单调论文研究/分类集研究/RLEB_LT_operator_space_research_asset_v1/RLEB_LT_operator_space_research_asset_v1/01_CANONICAL_HANDOFF/mathematician_handoff/04_research_ideas.md	302	302	LF302-302	scope-contract	成功和失败都有明确价值。	open	rewritten	research/canonical/operator_space_construction_frontier.md#ocf-c		将该具体构造/范围义务重写为规范开放接口；不声称成功目标或失败条件已经实现	该路线答案仍open；逐项构造同对象、同拓扑、同预算的桥，不以来源任务标题或定理名称升级
OI-U282	history/sources/次单调论文研究/分类集研究/RLEB_LT_operator_space_research_asset_v1/RLEB_LT_operator_space_research_asset_v1/01_CANONICAL_HANDOFF/mathematician_handoff/04_research_ideas.md	303	303	LF303-303	organization	空行/排版分隔	nonmathematical	nonmathematical	research/canonical/operator_space_construction_frontier.md#ocf-c		标题/排版/来源优先级；没有独立数学真值	无本单元数学义务；不关闭邻接断言
OI-U283	history/sources/次单调论文研究/分类集研究/RLEB_LT_operator_space_research_asset_v1/RLEB_LT_operator_space_research_asset_v1/01_CANONICAL_HANDOFF/mathematician_handoff/04_research_ideas.md	304	304	LF304-304	scope-contract	禁止做法：找一个漂亮的 Polish envelope 后直接宣布问题已解决。	open	rewritten	research/canonical/operator_space_construction_frontier.md#ocf-c		将该具体构造/范围义务重写为规范开放接口；不声称成功目标或失败条件已经实现	该路线答案仍open；逐项构造同对象、同拓扑、同预算的桥，不以来源任务标题或定理名称升级
OI-U284	history/sources/次单调论文研究/分类集研究/RLEB_LT_operator_space_research_asset_v1/RLEB_LT_operator_space_research_asset_v1/01_CANONICAL_HANDOFF/mathematician_handoff/04_research_ideas.md	304	304	LF304-304	scope-contract	若 envelope 加入了未认证对象，或改变了对象拓扑，必须明确这是另一个研究问题，并证明忘却/嵌入映射的类别转移。	open	rewritten	research/canonical/operator_space_construction_frontier.md#ocf-c		将该具体构造/范围义务重写为规范开放接口；不声称成功目标或失败条件已经实现	该路线答案仍open；逐项构造同对象、同拓扑、同预算的桥，不以来源任务标题或定理名称升级
OI-U285	history/sources/次单调论文研究/分类集研究/RLEB_LT_operator_space_research_asset_v1/RLEB_LT_operator_space_research_asset_v1/01_CANONICAL_HANDOFF/mathematician_handoff/04_research_ideas.md	305	305	LF305-305	organization	空行/排版分隔	nonmathematical	nonmathematical	research/canonical/operator_space_construction_frontier.md#ocf-c		标题/排版/来源优先级；没有独立数学真值	无本单元数学义务；不关闭邻接断言
OI-U286	history/sources/次单调论文研究/分类集研究/RLEB_LT_operator_space_research_asset_v1/RLEB_LT_operator_space_research_asset_v1/01_CANONICAL_HANDOFF/mathematician_handoff/04_research_ideas.md	306	306	LF306-306	organization	## 4. 路线 D：固定预算的逆极限／有限约束相容性	nonmathematical	nonmathematical	research/canonical/operator_space_construction_frontier.md#ocf-d		标题/排版/来源优先级；没有独立数学真值	无本单元数学义务；不关闭邻接断言
OI-U287	history/sources/次单调论文研究/分类集研究/RLEB_LT_operator_space_research_asset_v1/RLEB_LT_operator_space_research_asset_v1/01_CANONICAL_HANDOFF/mathematician_handoff/04_research_ideas.md	307	307	LF307-307	organization	空行/排版分隔	nonmathematical	nonmathematical	research/canonical/operator_space_construction_frontier.md#ocf-d		标题/排版/来源优先级；没有独立数学真值	无本单元数学义务；不关闭邻接断言
OI-U288	history/sources/次单调论文研究/分类集研究/RLEB_LT_operator_space_research_asset_v1/RLEB_LT_operator_space_research_asset_v1/01_CANONICAL_HANDOFF/mathematician_handoff/04_research_ideas.md	308	308	LF308-308	organization	### D.1 核心 idea	nonmathematical	nonmathematical	research/canonical/operator_space_construction_frontier.md#ocf-d		标题/排版/来源优先级；没有独立数学真值	无本单元数学义务；不关闭邻接断言
OI-U289	history/sources/次单调论文研究/分类集研究/RLEB_LT_operator_space_research_asset_v1/RLEB_LT_operator_space_research_asset_v1/01_CANONICAL_HANDOFF/mathematician_handoff/04_research_ideas.md	309	309	LF309-309	organization	空行/排版分隔	nonmathematical	nonmathematical	research/canonical/operator_space_construction_frontier.md#ocf-d		标题/排版/来源优先级；没有独立数学真值	无本单元数学义务；不关闭邻接断言
OI-U290	history/sources/次单调论文研究/分类集研究/RLEB_LT_operator_space_research_asset_v1/RLEB_LT_operator_space_research_asset_v1/01_CANONICAL_HANDOFF/mathematician_handoff/04_research_ideas.md	310	310	LF310-310	construction-proposal	全时间尾与 all-pairs RL、full-fiber EB 都能写成可数族闭约束。	candidate	superseded	research/canonical/operator_space_construction_frontier.md#ocf-d		原句全部条件可数且闭不得无指定对象拓扑前提；规范改为逐约束必须核闭性/完整图	实际预算关系闭性、可数化和等价耗尽待证
OI-U291	history/sources/次单调论文研究/分类集研究/RLEB_LT_operator_space_research_asset_v1/RLEB_LT_operator_space_research_asset_v1/01_CANONICAL_HANDOFF/mathematician_handoff/04_research_ideas.md	310	310	LF310-310	construction-proposal	与其一次猜出闭式变形，不如先研究每一个有限子系统能否同时满足，再由统一紧性得到完整对象。	candidate	superseded	research/canonical/operator_space_construction_frontier.md#ocf-d		原句全部条件可数且闭不得无指定对象拓扑前提；规范改为逐约束必须核闭性/完整图	实际预算关系闭性、可数化和等价耗尽待证
OI-U292	history/sources/次单调论文研究/分类集研究/RLEB_LT_operator_space_research_asset_v1/RLEB_LT_operator_space_research_asset_v1/01_CANONICAL_HANDOFF/mathematician_handoff/04_research_ideas.md	310	310	LF310-310	construction-proposal	这是真正的空间级构建，而不是固定几个参数试例。	candidate	superseded	research/canonical/operator_space_construction_frontier.md#ocf-d		原句全部条件可数且闭不得无指定对象拓扑前提；规范改为逐约束必须核闭性/完整图	实际预算关系闭性、可数化和等价耗尽待证
OI-U293	history/sources/次单调论文研究/分类集研究/RLEB_LT_operator_space_research_asset_v1/RLEB_LT_operator_space_research_asset_v1/01_CANONICAL_HANDOFF/mathematician_handoff/04_research_ideas.md	311	311	LF311-311	organization	空行/排版分隔	nonmathematical	nonmathematical	research/canonical/operator_space_construction_frontier.md#ocf-d		标题/排版/来源优先级；没有独立数学真值	无本单元数学义务；不关闭邻接断言
OI-U294	history/sources/次单调论文研究/分类集研究/RLEB_LT_operator_space_research_asset_v1/RLEB_LT_operator_space_research_asset_v1/01_CANONICAL_HANDOFF/mathematician_handoff/04_research_ideas.md	312	312	LF312-312	organization	### D.2 第一个 lemma：统一紧块中的有限相容性	nonmathematical	nonmathematical	research/canonical/operator_space_construction_frontier.md#ocf-d		标题/排版/来源优先级；没有独立数学真值	无本单元数学义务；不关闭邻接断言
OI-U295	history/sources/次单调论文研究/分类集研究/RLEB_LT_operator_space_research_asset_v1/RLEB_LT_operator_space_research_asset_v1/01_CANONICAL_HANDOFF/mathematician_handoff/04_research_ideas.md	313	313	LF313-313	organization	空行/排版分隔	nonmathematical	nonmathematical	research/canonical/operator_space_construction_frontier.md#ocf-d		标题/排版/来源优先级；没有独立数学真值	无本单元数学义务；不关闭邻接断言
OI-U296	history/sources/次单调论文研究/分类集研究/RLEB_LT_operator_space_research_asset_v1/RLEB_LT_operator_space_research_asset_v1/01_CANONICAL_HANDOFF/mathematician_handoff/04_research_ideas.md	314	314	LF314-314	conditional-tool	先在一个明确且不裁掉原图的紧对象块 \(\mathcal K\) 内工作。	derived-checked	rewritten	research/canonical/operator_profile_tools.md#op-compactness	C167-v1	统一紧块闭约束有限交工具与退化边界已完整证明；实际有限可行/网格升级仍开放	同一原生对象块、全部纤维及每个有限交实际可行须另证
OI-U297	history/sources/次单调论文研究/分类集研究/RLEB_LT_operator_space_research_asset_v1/RLEB_LT_operator_space_research_asset_v1/01_CANONICAL_HANDOFF/mathematician_handoff/04_research_ideas.md	314	314	LF314-314	conditional-tool	块应预先控制共同域、完整覆盖、连续模、边界匹配和精确零集的残差隔离。	derived-checked	rewritten	research/canonical/operator_profile_tools.md#op-compactness	C167-v1	统一紧块闭约束有限交工具与退化边界已完整证明；实际有限可行/网格升级仍开放	同一原生对象块、全部纤维及每个有限交实际可行须另证
OI-U298	history/sources/次单调论文研究/分类集研究/RLEB_LT_operator_space_research_asset_v1/RLEB_LT_operator_space_research_asset_v1/01_CANONICAL_HANDOFF/mathematician_handoff/04_research_ideas.md	314	314	LF314-314	conditional-tool	令 \(C_i\subset\mathcal K\) 是闭约束，包括：	derived-checked	rewritten	research/canonical/operator_profile_tools.md#op-compactness	C167-v1	统一紧块闭约束有限交工具与退化边界已完整证明；实际有限可行/网格升级仍开放	同一原生对象块、全部纤维及每个有限交实际可行须另证
OI-U299	history/sources/次单调论文研究/分类集研究/RLEB_LT_operator_space_research_asset_v1/RLEB_LT_operator_space_research_asset_v1/01_CANONICAL_HANDOFF/mathematician_handoff/04_research_ideas.md	315	315	LF315-315	organization	空行/排版分隔	nonmathematical	nonmathematical	research/canonical/operator_space_construction_frontier.md#ocf-d		标题/排版/来源优先级；没有独立数学真值	无本单元数学义务；不关闭邻接断言
OI-U300	history/sources/次单调论文研究/分类集研究/RLEB_LT_operator_space_research_asset_v1/RLEB_LT_operator_space_research_asset_v1/01_CANONICAL_HANDOFF/mathematician_handoff/04_research_ideas.md	316	320	LF316-320	conditional-tool	\[ \|T^mx-T^nx\|\le e_n\quad (m,n\text{ 有限时刻，}x\text{ 在逐渐加密的网格}), \tag{D1} \]	derived-checked	rewritten	research/canonical/operator_profile_tools.md#op-compactness	C167-v1	统一紧块闭约束有限交工具与退化边界已完整证明；实际有限可行/网格升级仍开放	同一原生对象块、全部纤维及每个有限交实际可行须另证
OI-U301	history/sources/次单调论文研究/分类集研究/RLEB_LT_operator_space_research_asset_v1/RLEB_LT_operator_space_research_asset_v1/01_CANONICAL_HANDOFF/mathematician_handoff/04_research_ideas.md	321	321	LF321-321	organization	空行/排版分隔	nonmathematical	nonmathematical	research/canonical/operator_space_construction_frontier.md#ocf-d		标题/排版/来源优先级；没有独立数学真值	无本单元数学义务；不关闭邻接断言
OI-U302	history/sources/次单调论文研究/分类集研究/RLEB_LT_operator_space_research_asset_v1/RLEB_LT_operator_space_research_asset_v1/01_CANONICAL_HANDOFF/mathematician_handoff/04_research_ideas.md	322	327	LF322-327	conditional-tool	\[ \|R_Tx-R_Ty\|\le L\|x-y\|^\gamma, \qquad d(u,S)\le\psi(\|v\|) \quad((u,v)\in G), \tag{D2} \]	derived-checked	rewritten	research/canonical/operator_profile_tools.md#op-compactness	C167-v1	统一紧块闭约束有限交工具与退化边界已完整证明；实际有限可行/网格升级仍开放	同一原生对象块、全部纤维及每个有限交实际可行须另证
OI-U303	history/sources/次单调论文研究/分类集研究/RLEB_LT_operator_space_research_asset_v1/RLEB_LT_operator_space_research_asset_v1/01_CANONICAL_HANDOFF/mathematician_handoff/04_research_ideas.md	328	328	LF328-328	organization	空行/排版分隔	nonmathematical	nonmathematical	research/canonical/operator_space_construction_frontier.md#ocf-d		标题/排版/来源优先级；没有独立数学真值	无本单元数学义务；不关闭邻接断言
OI-U304	history/sources/次单调论文研究/分类集研究/RLEB_LT_operator_space_research_asset_v1/RLEB_LT_operator_space_research_asset_v1/01_CANONICAL_HANDOFF/mathematician_handoff/04_research_ideas.md	329	329	LF329-329	conditional-tool	以及逐级 LT 越界的带余量有限见证。	derived-checked	rewritten	research/canonical/operator_profile_tools.md#op-compactness	C167-v1	统一紧块闭约束有限交工具与退化边界已完整证明；实际有限可行/网格升级仍开放	同一原生对象块、全部纤维及每个有限交实际可行须另证
OI-U305	history/sources/次单调论文研究/分类集研究/RLEB_LT_operator_space_research_asset_v1/RLEB_LT_operator_space_research_asset_v1/01_CANONICAL_HANDOFF/mathematician_handoff/04_research_ideas.md	329	329	LF329-329	conditional-tool	在固定可实现的见证点上，例如	derived-checked	rewritten	research/canonical/operator_profile_tools.md#op-compactness	C167-v1	统一紧块闭约束有限交工具与退化边界已完整证明；实际有限可行/网格升级仍开放	同一原生对象块、全部纤维及每个有限交实际可行须另证
OI-U306	history/sources/次单调论文研究/分类集研究/RLEB_LT_operator_space_research_asset_v1/RLEB_LT_operator_space_research_asset_v1/01_CANONICAL_HANDOFF/mathematician_handoff/04_research_ideas.md	330	330	LF330-330	organization	空行/排版分隔	nonmathematical	nonmathematical	research/canonical/operator_space_construction_frontier.md#ocf-d		标题/排版/来源优先级；没有独立数学真值	无本单元数学义务；不关闭邻接断言
OI-U307	history/sources/次单调论文研究/分类集研究/RLEB_LT_operator_space_research_asset_v1/RLEB_LT_operator_space_research_asset_v1/01_CANONICAL_HANDOFF/mathematician_handoff/04_research_ideas.md	331	335	LF331-335	conditional-tool	\[ \|Tx_j-x_j\|\ge M_jd(x_j,S)+a_j, \qquad a_j>0,quad x_j\to s, \tag{D3} \]	derived-checked	rewritten	research/canonical/operator_profile_tools.md#op-compactness	C167-v1	统一紧块闭约束有限交工具与退化边界已完整证明；实际有限可行/网格升级仍开放	同一原生对象块、全部纤维及每个有限交实际可行须另证
OI-U308	history/sources/次单调论文研究/分类集研究/RLEB_LT_operator_space_research_asset_v1/RLEB_LT_operator_space_research_asset_v1/01_CANONICAL_HANDOFF/mathematician_handoff/04_research_ideas.md	336	336	LF336-336	organization	空行/排版分隔	nonmathematical	nonmathematical	research/canonical/operator_space_construction_frontier.md#ocf-d		标题/排版/来源优先级；没有独立数学真值	无本单元数学义务；不关闭邻接断言
OI-U309	history/sources/次单调论文研究/分类集研究/RLEB_LT_operator_space_research_asset_v1/RLEB_LT_operator_space_research_asset_v1/01_CANONICAL_HANDOFF/mathematician_handoff/04_research_ideas.md	337	337	LF337-337	conditional-tool	可作为闭约束保留。	derived-checked	rewritten	research/canonical/operator_profile_tools.md#op-compactness	C167-v1	统一紧块闭约束有限交工具与退化边界已完整证明；实际有限可行/网格升级仍开放	同一原生对象块、全部纤维及每个有限交实际可行须另证
OI-U310	history/sources/次单调论文研究/分类集研究/RLEB_LT_operator_space_research_asset_v1/RLEB_LT_operator_space_research_asset_v1/01_CANONICAL_HANDOFF/mathematician_handoff/04_research_ideas.md	337	337	LF337-337	conditional-tool	需要证明	derived-checked	rewritten	research/canonical/operator_profile_tools.md#op-compactness	C167-v1	统一紧块闭约束有限交工具与退化边界已完整证明；实际有限可行/网格升级仍开放	同一原生对象块、全部纤维及每个有限交实际可行须另证
OI-U311	history/sources/次单调论文研究/分类集研究/RLEB_LT_operator_space_research_asset_v1/RLEB_LT_operator_space_research_asset_v1/01_CANONICAL_HANDOFF/mathematician_handoff/04_research_ideas.md	338	338	LF338-338	organization	空行/排版分隔	nonmathematical	nonmathematical	research/canonical/operator_space_construction_frontier.md#ocf-d		标题/排版/来源优先级；没有独立数学真值	无本单元数学义务；不关闭邻接断言
OI-U312	history/sources/次单调论文研究/分类集研究/RLEB_LT_operator_space_research_asset_v1/RLEB_LT_operator_space_research_asset_v1/01_CANONICAL_HANDOFF/mathematician_handoff/04_research_ideas.md	339	342	LF339-342	conditional-tool	\[ \bigcap_{i\le N}C_i\ne\varnothing\quad(\forall N), \tag{D4} \]	derived-checked	rewritten	research/canonical/operator_profile_tools.md#op-compactness	C167-v1	统一紧块闭约束有限交工具与退化边界已完整证明；实际有限可行/网格升级仍开放	同一原生对象块、全部纤维及每个有限交实际可行须另证
OI-U313	history/sources/次单调论文研究/分类集研究/RLEB_LT_operator_space_research_asset_v1/RLEB_LT_operator_space_research_asset_v1/01_CANONICAL_HANDOFF/mathematician_handoff/04_research_ideas.md	343	343	LF343-343	organization	空行/排版分隔	nonmathematical	nonmathematical	research/canonical/operator_space_construction_frontier.md#ocf-d		标题/排版/来源优先级；没有独立数学真值	无本单元数学义务；不关闭邻接断言
OI-U314	history/sources/次单调论文研究/分类集研究/RLEB_LT_operator_space_research_asset_v1/RLEB_LT_operator_space_research_asset_v1/01_CANONICAL_HANDOFF/mathematician_handoff/04_research_ideas.md	344	344	LF344-344	conditional-tool	且所有 \(N\) 使用同一个紧块、相同的严格 RLEB 余量。	derived-checked	rewritten	research/canonical/operator_profile_tools.md#op-compactness	C167-v1	统一紧块闭约束有限交工具与退化边界已完整证明；实际有限可行/网格升级仍开放	同一原生对象块、全部纤维及每个有限交实际可行须另证
OI-U315	history/sources/次单调论文研究/分类集研究/RLEB_LT_operator_space_research_asset_v1/RLEB_LT_operator_space_research_asset_v1/01_CANONICAL_HANDOFF/mathematician_handoff/04_research_ideas.md	344	344	LF344-344	conditional-tool	紧性随后给完整极限对象。	derived-checked	rewritten	research/canonical/operator_profile_tools.md#op-compactness	C167-v1	统一紧块闭约束有限交工具与退化边界已完整证明；实际有限可行/网格升级仍开放	同一原生对象块、全部纤维及每个有限交实际可行须另证
OI-U316	history/sources/次单调论文研究/分类集研究/RLEB_LT_operator_space_research_asset_v1/RLEB_LT_operator_space_research_asset_v1/01_CANONICAL_HANDOFF/mathematician_handoff/04_research_ideas.md	344	344	LF344-344	conditional-tool	此处紧性交定理本身是初等的，创新难点全在 (D4) 的受约束 extension/amalgamation lemma。	derived-checked	rewritten	research/canonical/operator_profile_tools.md#op-compactness	C167-v1	统一紧块闭约束有限交工具与退化边界已完整证明；实际有限可行/网格升级仍开放	同一原生对象块、全部纤维及每个有限交实际可行须另证
OI-U317	history/sources/次单调论文研究/分类集研究/RLEB_LT_operator_space_research_asset_v1/RLEB_LT_operator_space_research_asset_v1/01_CANONICAL_HANDOFF/mathematician_handoff/04_research_ideas.md	345	345	LF345-345	organization	空行/排版分隔	nonmathematical	nonmathematical	research/canonical/operator_space_construction_frontier.md#ocf-d		标题/排版/来源优先级；没有独立数学真值	无本单元数学义务；不关闭邻接断言
OI-U318	history/sources/次单调论文研究/分类集研究/RLEB_LT_operator_space_research_asset_v1/RLEB_LT_operator_space_research_asset_v1/01_CANONICAL_HANDOFF/mathematician_handoff/04_research_ideas.md	346	346	LF346-346	organization	### D.3 为什么这比直接微扰更有用	nonmathematical	nonmathematical	research/canonical/operator_space_construction_frontier.md#ocf-d		标题/排版/来源优先级；没有独立数学真值	无本单元数学义务；不关闭邻接断言
OI-U319	history/sources/次单调论文研究/分类集研究/RLEB_LT_operator_space_research_asset_v1/RLEB_LT_operator_space_research_asset_v1/01_CANONICAL_HANDOFF/mathematician_handoff/04_research_ideas.md	347	347	LF347-347	organization	空行/排版分隔	nonmathematical	nonmathematical	research/canonical/operator_space_construction_frontier.md#ocf-d		标题/排版/来源优先级；没有独立数学真值	无本单元数学义务；不关闭邻接断言
OI-U320	history/sources/次单调论文研究/分类集研究/RLEB_LT_operator_space_research_asset_v1/RLEB_LT_operator_space_research_asset_v1/01_CANONICAL_HANDOFF/mathematician_handoff/04_research_ideas.md	348	348	LF348-348	scope-contract	有限层只需处理有限段轨道、有限个局部片和已经选定的见证；	open	rewritten	research/canonical/operator_space_construction_frontier.md#ocf-d		将该具体构造/范围义务重写为规范开放接口；不声称成功目标或失败条件已经实现	该路线答案仍open；逐项构造同对象、同拓扑、同预算的桥，不以来源任务标题或定理名称升级
OI-U321	history/sources/次单调论文研究/分类集研究/RLEB_LT_operator_space_research_asset_v1/RLEB_LT_operator_space_research_asset_v1/01_CANONICAL_HANDOFF/mathematician_handoff/04_research_ideas.md	348	348	LF348-348	scope-contract	可以应用局部延拓、有限维凸可行性、Michael 型选择或 Whitney 型相容条件。	open	rewritten	research/canonical/operator_space_construction_frontier.md#ocf-d		将该具体构造/范围义务重写为规范开放接口；不声称成功目标或失败条件已经实现	该路线答案仍open；逐项构造同对象、同拓扑、同预算的桥，不以来源任务标题或定理名称升级
OI-U322	history/sources/次单调论文研究/分类集研究/RLEB_LT_operator_space_research_asset_v1/RLEB_LT_operator_space_research_asset_v1/01_CANONICAL_HANDOFF/mathematician_handoff/04_research_ideas.md	348	348	LF348-348	scope-contract	失败则能定位为某一个有限子系统的矛盾，而不再笼统说“全时间太复杂”。	open	rewritten	research/canonical/operator_space_construction_frontier.md#ocf-d		将该具体构造/范围义务重写为规范开放接口；不声称成功目标或失败条件已经实现	该路线答案仍open；逐项构造同对象、同拓扑、同预算的桥，不以来源任务标题或定理名称升级
OI-U323	history/sources/次单调论文研究/分类集研究/RLEB_LT_operator_space_research_asset_v1/RLEB_LT_operator_space_research_asset_v1/01_CANONICAL_HANDOFF/mathematician_handoff/04_research_ideas.md	349	349	LF349-349	organization	空行/排版分隔	nonmathematical	nonmathematical	research/canonical/operator_space_construction_frontier.md#ocf-d		标题/排版/来源优先级；没有独立数学真值	无本单元数学义务；不关闭邻接断言
OI-U324	history/sources/次单调论文研究/分类集研究/RLEB_LT_operator_space_research_asset_v1/RLEB_LT_operator_space_research_asset_v1/01_CANONICAL_HANDOFF/mathematician_handoff/04_research_ideas.md	350	350	LF350-350	conditional-tool	必须防止三个伪紧性：	derived-checked	rewritten	research/canonical/operator_profile_tools.md#op-compactness	C167-v1	统一紧块闭约束有限交工具与退化边界已完整证明；实际有限可行/网格升级仍开放	同一原生对象块、全部纤维及每个有限交实际可行须另证
OI-U325	history/sources/次单调论文研究/分类集研究/RLEB_LT_operator_space_research_asset_v1/RLEB_LT_operator_space_research_asset_v1/01_CANONICAL_HANDOFF/mathematician_handoff/04_research_ideas.md	351	351	LF351-351	organization	空行/排版分隔	nonmathematical	nonmathematical	research/canonical/operator_space_construction_frontier.md#ocf-d		标题/排版/来源优先级；没有独立数学真值	无本单元数学义务；不关闭邻接断言
OI-U326	history/sources/次单调论文研究/分类集研究/RLEB_LT_operator_space_research_asset_v1/RLEB_LT_operator_space_research_asset_v1/01_CANONICAL_HANDOFF/mathematician_handoff/04_research_ideas.md	352	352	LF352-352	conditional-tool	1. 允许 Hölder 常数 \(L_N\to\infty\) 或指数 \(\gamma_N\downarrow0\) 后，极限可能不属 RLEB；	derived-checked	rewritten	research/canonical/operator_profile_tools.md#op-compactness	C167-v1	统一紧块闭约束有限交工具与退化边界已完整证明；实际有限可行/网格升级仍开放	同一原生对象块、全部纤维及每个有限交实际可行须另证
OI-U327	history/sources/次单调论文研究/分类集研究/RLEB_LT_operator_space_research_asset_v1/RLEB_LT_operator_space_research_asset_v1/01_CANONICAL_HANDOFF/mathematician_handoff/04_research_ideas.md	353	353	LF353-353	conditional-tool	2. 允许严格兼容因子 \(\kappa_N\uparrow1\) 后，只剩非严格边界；	derived-checked	rewritten	research/canonical/operator_profile_tools.md#op-compactness	C167-v1	统一紧块闭约束有限交工具与退化边界已完整证明；实际有限可行/网格升级仍开放	同一原生对象块、全部纤维及每个有限交实际可行须另证
OI-U328	history/sources/次单调论文研究/分类集研究/RLEB_LT_operator_space_research_asset_v1/RLEB_LT_operator_space_research_asset_v1/01_CANONICAL_HANDOFF/mathematician_handoff/04_research_ideas.md	354	354	LF354-354	conditional-tool	3. 只在局部 \(T|_U\) 的网格上验 EB，会遗漏域外完整逆像。	derived-checked	rewritten	research/canonical/operator_profile_tools.md#op-compactness	C167-v1	统一紧块闭约束有限交工具与退化边界已完整证明；实际有限可行/网格升级仍开放	同一原生对象块、全部纤维及每个有限交实际可行须另证
OI-U329	history/sources/次单调论文研究/分类集研究/RLEB_LT_operator_space_research_asset_v1/RLEB_LT_operator_space_research_asset_v1/01_CANONICAL_HANDOFF/mathematician_handoff/04_research_ideas.md	355	355	LF355-355	organization	空行/排版分隔	nonmathematical	nonmathematical	research/canonical/operator_space_construction_frontier.md#ocf-d		标题/排版/来源优先级；没有独立数学真值	无本单元数学义务；不关闭邻接断言
OI-U330	history/sources/次单调论文研究/分类集研究/RLEB_LT_operator_space_research_asset_v1/RLEB_LT_operator_space_research_asset_v1/01_CANONICAL_HANDOFF/mathematician_handoff/04_research_ideas.md	356	356	LF356-356	conditional-tool	完整图版本可采用图空间 exhaustion 与双 collar；	derived-checked	rewritten	research/canonical/operator_profile_tools.md#op-compactness	C167-v1	统一紧块闭约束有限交工具与退化边界已完整证明；实际有限可行/网格升级仍开放	同一原生对象块、全部纤维及每个有限交实际可行须另证
OI-U331	history/sources/次单调论文研究/分类集研究/RLEB_LT_operator_space_research_asset_v1/RLEB_LT_operator_space_research_asset_v1/01_CANONICAL_HANDOFF/mathematician_handoff/04_research_ideas.md	356	356	LF356-356	conditional-tool	但截断图限制的相容性、边界点及完整覆盖必须单列证明，不可用一句“逆极限”替代。	derived-checked	rewritten	research/canonical/operator_profile_tools.md#op-compactness	C167-v1	统一紧块闭约束有限交工具与退化边界已完整证明；实际有限可行/网格升级仍开放	同一原生对象块、全部纤维及每个有限交实际可行须另证
OI-U332	history/sources/次单调论文研究/分类集研究/RLEB_LT_operator_space_research_asset_v1/RLEB_LT_operator_space_research_asset_v1/01_CANONICAL_HANDOFF/mathematician_handoff/04_research_ideas.md	357	357	LF357-357	organization	空行/排版分隔	nonmathematical	nonmathematical	research/canonical/operator_space_construction_frontier.md#ocf-d		标题/排版/来源优先级；没有独立数学真值	无本单元数学义务；不关闭邻接断言
OI-U333	history/sources/次单调论文研究/分类集研究/RLEB_LT_operator_space_research_asset_v1/RLEB_LT_operator_space_research_asset_v1/01_CANONICAL_HANDOFF/mathematician_handoff/04_research_ideas.md	358	358	LF358-358	organization	### D.4 成败解释	nonmathematical	nonmathematical	research/canonical/operator_space_construction_frontier.md#ocf-d		标题/排版/来源优先级；没有独立数学真值	无本单元数学义务；不关闭邻接断言
OI-U334	history/sources/次单调论文研究/分类集研究/RLEB_LT_operator_space_research_asset_v1/RLEB_LT_operator_space_research_asset_v1/01_CANONICAL_HANDOFF/mathematician_handoff/04_research_ideas.md	359	359	LF359-359	organization	空行/排版分隔	nonmathematical	nonmathematical	research/canonical/operator_space_construction_frontier.md#ocf-d		标题/排版/来源优先级；没有独立数学真值	无本单元数学义务；不关闭邻接断言
OI-U335	history/sources/次单调论文研究/分类集研究/RLEB_LT_operator_space_research_asset_v1/RLEB_LT_operator_space_research_asset_v1/01_CANONICAL_HANDOFF/mathematician_handoff/04_research_ideas.md	360	360	LF360-360	conditional-tool	- 所需假设：统一 compactness package 与固定严格余量；	derived-checked	rewritten	research/canonical/operator_profile_tools.md#op-compactness	C167-v1	统一紧块闭约束有限交工具与退化边界已完整证明；实际有限可行/网格升级仍开放	同一原生对象块、全部纤维及每个有限交实际可行须另证
OI-U336	history/sources/次单调论文研究/分类集研究/RLEB_LT_operator_space_research_asset_v1/RLEB_LT_operator_space_research_asset_v1/01_CANONICAL_HANDOFF/mathematician_handoff/04_research_ideas.md	360	360	LF360-360	conditional-tool	完整原图接口。	derived-checked	rewritten	research/canonical/operator_profile_tools.md#op-compactness	C167-v1	统一紧块闭约束有限交工具与退化边界已完整证明；实际有限可行/网格升级仍开放	同一原生对象块、全部纤维及每个有限交实际可行须另证
OI-U337	history/sources/次单调论文研究/分类集研究/RLEB_LT_operator_space_research_asset_v1/RLEB_LT_operator_space_research_asset_v1/01_CANONICAL_HANDOFF/mathematician_handoff/04_research_ideas.md	361	361	LF361-361	scope-contract	- 成功定理：对每个有界 LT 块和任意对象邻域，构造同一精确尾、同一域、同一 RLEB 预算内的越界对象；	open	rewritten	research/canonical/operator_space_construction_frontier.md#ocf-d		将该具体构造/范围义务重写为规范开放接口；不声称成功目标或失败条件已经实现	该路线答案仍open；逐项构造同对象、同拓扑、同预算的桥，不以来源任务标题或定理名称升级
OI-U338	history/sources/次单调论文研究/分类集研究/RLEB_LT_operator_space_research_asset_v1/RLEB_LT_operator_space_research_asset_v1/01_CANONICAL_HANDOFF/mathematician_handoff/04_research_ideas.md	361	361	LF361-361	scope-contract	这正是欠缺的 OLM。	open	rewritten	research/canonical/operator_space_construction_frontier.md#ocf-d		将该具体构造/范围义务重写为规范开放接口；不声称成功目标或失败条件已经实现	该路线答案仍open；逐项构造同对象、同拓扑、同预算的桥，不以来源任务标题或定理名称升级
OI-U339	history/sources/次单调论文研究/分类集研究/RLEB_LT_operator_space_research_asset_v1/RLEB_LT_operator_space_research_asset_v1/01_CANONICAL_HANDOFF/mathematician_handoff/04_research_ideas.md	362	362	LF362-362	scope-contract	- 失败反定理：给出有限约束不相容证书，例如 EB 迫使的残差阶与某个饱和尾约束不能并存。	open	rewritten	research/canonical/operator_space_construction_frontier.md#ocf-d		将该具体构造/范围义务重写为规范开放接口；不声称成功目标或失败条件已经实现	该路线答案仍open；逐项构造同对象、同拓扑、同预算的桥，不以来源任务标题或定理名称升级
OI-U340	history/sources/次单调论文研究/分类集研究/RLEB_LT_operator_space_research_asset_v1/RLEB_LT_operator_space_research_asset_v1/01_CANONICAL_HANDOFF/mathematician_handoff/04_research_ideas.md	362	362	LF362-362	scope-contract	最初这只否定该冻结预算/构建系统；	open	rewritten	research/canonical/operator_space_construction_frontier.md#ocf-d		将该具体构造/范围义务重写为规范开放接口；不声称成功目标或失败条件已经实现	该路线答案仍open；逐项构造同对象、同拓扑、同预算的桥，不以来源任务标题或定理名称升级
OI-U341	history/sources/次单调论文研究/分类集研究/RLEB_LT_operator_space_research_asset_v1/RLEB_LT_operator_space_research_asset_v1/01_CANONICAL_HANDOFF/mathematician_handoff/04_research_ideas.md	362	362	LF362-362	scope-contract	若这些约束又被证明是相关中立对象的必要条件，才可升格为母空间中的刚性分层。	open	rewritten	research/canonical/operator_space_construction_frontier.md#ocf-d		将该具体构造/范围义务重写为规范开放接口；不声称成功目标或失败条件已经实现	该路线答案仍open；逐项构造同对象、同拓扑、同预算的桥，不以来源任务标题或定理名称升级
OI-U342	history/sources/次单调论文研究/分类集研究/RLEB_LT_operator_space_research_asset_v1/RLEB_LT_operator_space_research_asset_v1/01_CANONICAL_HANDOFF/mathematician_handoff/04_research_ideas.md	363	363	LF363-363	organization	- 风险：高；	nonmathematical	nonmathematical	research/canonical/operator_space_construction_frontier.md#ocf-d		标题/排版/来源优先级；没有独立数学真值	无本单元数学义务；不关闭邻接断言
OI-U343	history/sources/次单调论文研究/分类集研究/RLEB_LT_operator_space_research_asset_v1/RLEB_LT_operator_space_research_asset_v1/01_CANONICAL_HANDOFF/mathematician_handoff/04_research_ideas.md	363	363	LF363-363	scope-contract	但失败可回传为明确的小型数学问题，最适合多人团队分段攻克。	open	rewritten	research/canonical/operator_space_construction_frontier.md#ocf-d		将该具体构造/范围义务重写为规范开放接口；不声称成功目标或失败条件已经实现	该路线答案仍open；逐项构造同对象、同拓扑、同预算的桥，不以来源任务标题或定理名称升级
OI-U344	history/sources/次单调论文研究/分类集研究/RLEB_LT_operator_space_research_asset_v1/RLEB_LT_operator_space_research_asset_v1/01_CANONICAL_HANDOFF/mathematician_handoff/04_research_ideas.md	364	364	LF364-364	organization	空行/排版分隔	nonmathematical	nonmathematical	research/canonical/operator_space_construction_frontier.md#ocf-d		标题/排版/来源优先级；没有独立数学真值	无本单元数学义务；不关闭邻接断言
OI-U345	history/sources/次单调论文研究/分类集研究/RLEB_LT_operator_space_research_asset_v1/RLEB_LT_operator_space_research_asset_v1/01_CANONICAL_HANDOFF/mathematician_handoff/04_research_ideas.md	365	365	LF365-365	organization	## 5. 路线 E：联合内生模／残差剖面与 jet 分层	nonmathematical	nonmathematical	research/canonical/operator_space_construction_frontier.md#ocf-e		标题/排版/来源优先级；没有独立数学真值	无本单元数学义务；不关闭邻接断言
OI-U346	history/sources/次单调论文研究/分类集研究/RLEB_LT_operator_space_research_asset_v1/RLEB_LT_operator_space_research_asset_v1/01_CANONICAL_HANDOFF/mathematician_handoff/04_research_ideas.md	366	366	LF366-366	organization	空行/排版分隔	nonmathematical	nonmathematical	research/canonical/operator_space_construction_frontier.md#ocf-e		标题/排版/来源优先级；没有独立数学真值	无本单元数学义务；不关闭邻接断言
OI-U347	history/sources/次单调论文研究/分类集研究/RLEB_LT_operator_space_research_asset_v1/RLEB_LT_operator_space_research_asset_v1/01_CANONICAL_HANDOFF/mathematician_handoff/04_research_ideas.md	367	367	LF367-367	organization	### E.1 核心 idea	nonmathematical	nonmathematical	research/canonical/operator_space_construction_frontier.md#ocf-e		标题/排版/来源优先级；没有独立数学真值	无本单元数学义务；不关闭邻接断言
OI-U348	history/sources/次单调论文研究/分类集研究/RLEB_LT_operator_space_research_asset_v1/RLEB_LT_operator_space_research_asset_v1/01_CANONICAL_HANDOFF/mathematician_handoff/04_research_ideas.md	368	368	LF368-368	organization	空行/排版分隔	nonmathematical	nonmathematical	research/canonical/operator_space_construction_frontier.md#ocf-e		标题/排版/来源优先级；没有独立数学真值	无本单元数学义务；不关闭邻接断言
OI-U349	history/sources/次单调论文研究/分类集研究/RLEB_LT_operator_space_research_asset_v1/RLEB_LT_operator_space_research_asset_v1/01_CANONICAL_HANDOFF/mathematician_handoff/04_research_ideas.md	369	369	LF369-369	scope-contract	理论优势不只是“允许 \(\gamma<1\)”。	open	rewritten	research/canonical/operator_space_construction_frontier.md#ocf-e		将该具体构造/范围义务重写为规范开放接口；不声称成功目标或失败条件已经实现	该路线答案仍open；逐项构造同对象、同拓扑、同预算的桥，不以来源任务标题或定理名称升级
OI-U350	history/sources/次单调论文研究/分类集研究/RLEB_LT_operator_space_research_asset_v1/RLEB_LT_operator_space_research_asset_v1/01_CANONICAL_HANDOFF/mathematician_handoff/04_research_ideas.md	369	369	LF369-369	scope-contract	严格 RLEB 将 all-pairs 粗糙程度与全纤维残差增长绑在一起。	open	rewritten	research/canonical/operator_space_construction_frontier.md#ocf-e		将该具体构造/范围义务重写为规范开放接口；不声称成功目标或失败条件已经实现	该路线答案仍open；逐项构造同对象、同拓扑、同预算的桥，不以来源任务标题或定理名称升级
OI-U351	history/sources/次单调论文研究/分类集研究/RLEB_LT_operator_space_research_asset_v1/RLEB_LT_operator_space_research_asset_v1/01_CANONICAL_HANDOFF/mathematician_handoff/04_research_ideas.md	369	369	LF369-369	scope-contract	应把这一耦合升格为算子空间的内生坐标，而非由单个反例解释。	open	rewritten	research/canonical/operator_space_construction_frontier.md#ocf-e		将该具体构造/范围义务重写为规范开放接口；不声称成功目标或失败条件已经实现	该路线答案仍open；逐项构造同对象、同拓扑、同预算的桥，不以来源任务标题或定理名称升级
OI-U352	history/sources/次单调论文研究/分类集研究/RLEB_LT_operator_space_research_asset_v1/RLEB_LT_operator_space_research_asset_v1/01_CANONICAL_HANDOFF/mathematician_handoff/04_research_ideas.md	370	370	LF370-370	organization	空行/排版分隔	nonmathematical	nonmathematical	research/canonical/operator_space_construction_frontier.md#ocf-e		标题/排版/来源优先级；没有独立数学真值	无本单元数学义务；不关闭邻接断言
OI-U353	history/sources/次单调论文研究/分类集研究/RLEB_LT_operator_space_research_asset_v1/RLEB_LT_operator_space_research_asset_v1/01_CANONICAL_HANDOFF/mathematician_handoff/04_research_ideas.md	371	371	LF371-371	definition	在固定完整输入/输出 collar 上，定义	open	rewritten	research/canonical/operator_space_construction_frontier.md#ocf-e		反射剖面须在良定指定图块和同输入点对尺度重定义；不自动是完整F	固定完整原对象/图块、拓扑与剖面的Borel/半连续性
OI-U354	history/sources/次单调论文研究/分类集研究/RLEB_LT_operator_space_research_asset_v1/RLEB_LT_operator_space_research_asset_v1/01_CANONICAL_HANDOFF/mathematician_handoff/04_research_ideas.md	372	372	LF372-372	organization	空行/排版分隔	nonmathematical	nonmathematical	research/canonical/operator_space_construction_frontier.md#ocf-e		标题/排版/来源优先级；没有独立数学真值	无本单元数学义务；不关闭邻接断言
OI-U355	history/sources/次单调论文研究/分类集研究/RLEB_LT_operator_space_research_asset_v1/RLEB_LT_operator_space_research_asset_v1/01_CANONICAL_HANDOFF/mathematician_handoff/04_research_ideas.md	373	376	LF373-376	definition	\[ M_G(t)=\sup_{\|x-y\|\le t}\|R_Gx-R_Gy\|, \tag{E1} \]	open	rewritten	research/canonical/operator_space_construction_frontier.md#ocf-e		反射剖面须在良定指定图块和同输入点对尺度重定义；不自动是完整F	固定完整原对象/图块、拓扑与剖面的Borel/半连续性
OI-U356	history/sources/次单调论文研究/分类集研究/RLEB_LT_operator_space_research_asset_v1/RLEB_LT_operator_space_research_asset_v1/01_CANONICAL_HANDOFF/mathematician_handoff/04_research_ideas.md	377	377	LF377-377	organization	空行/排版分隔	nonmathematical	nonmathematical	research/canonical/operator_space_construction_frontier.md#ocf-e		标题/排版/来源优先级；没有独立数学真值	无本单元数学义务；不关闭邻接断言
OI-U357	history/sources/次单调论文研究/分类集研究/RLEB_LT_operator_space_research_asset_v1/RLEB_LT_operator_space_research_asset_v1/01_CANONICAL_HANDOFF/mathematician_handoff/04_research_ideas.md	378	381	LF378-381	conditional-tool	\[ B_G(r)=\sup\{d(u,S):(u,v)\in G,\ u\in V,\ \|v\|\le r\}, \tag{E2} \]	derived-checked	superseded	research/canonical/operator_profile_tools.md#op-profile	C166-v1	完整图剖面定义已固定；补取到/右连续的真残差门与完整闭图反例，限制过强反向读法	具体输出窗和gauge定义域须随调用携带
OI-U358	history/sources/次单调论文研究/分类集研究/RLEB_LT_operator_space_research_asset_v1/RLEB_LT_operator_space_research_asset_v1/01_CANONICAL_HANDOFF/mathematician_handoff/04_research_ideas.md	382	382	LF382-382	organization	空行/排版分隔	nonmathematical	nonmathematical	research/canonical/operator_space_construction_frontier.md#ocf-e		标题/排版/来源优先级；没有独立数学真值	无本单元数学义务；不关闭邻接断言
OI-U359	history/sources/次单调论文研究/分类集研究/RLEB_LT_operator_space_research_asset_v1/RLEB_LT_operator_space_research_asset_v1/01_CANONICAL_HANDOFF/mathematician_handoff/04_research_ideas.md	383	383	LF383-383	conditional-tool	空上确界为 0。	derived-checked	superseded	research/canonical/operator_profile_tools.md#op-profile	C166-v1	完整图剖面定义已固定；补取到/右连续的真残差门与完整闭图反例，限制过强反向读法	具体输出窗和gauge定义域须随调用携带
OI-U360	history/sources/次单调论文研究/分类集研究/RLEB_LT_operator_space_research_asset_v1/RLEB_LT_operator_space_research_asset_v1/01_CANONICAL_HANDOFF/mathematician_handoff/04_research_ideas.md	383	383	LF383-383	conditional-tool	\(B_G\) 用全部原图点，故没有选中残差问题。	derived-checked	superseded	research/canonical/operator_profile_tools.md#op-profile	C166-v1	完整图剖面定义已固定；补取到/右连续的真残差门与完整闭图反例，限制过强反向读法	具体输出窗和gauge定义域须随调用携带
OI-U361	history/sources/次单调论文研究/分类集研究/RLEB_LT_operator_space_research_asset_v1/RLEB_LT_operator_space_research_asset_v1/01_CANONICAL_HANDOFF/mathematician_handoff/04_research_ideas.md	384	384	LF384-384	organization	空行/排版分隔	nonmathematical	nonmathematical	research/canonical/operator_space_construction_frontier.md#ocf-e		标题/排版/来源优先级；没有独立数学真值	无本单元数学义务；不关闭邻接断言
OI-U362	history/sources/次单调论文研究/分类集研究/RLEB_LT_operator_space_research_asset_v1/RLEB_LT_operator_space_research_asset_v1/01_CANONICAL_HANDOFF/mathematician_handoff/04_research_ideas.md	385	385	LF385-385	organization	### E.2 首个 lemma	nonmathematical	nonmathematical	research/canonical/operator_space_construction_frontier.md#ocf-e		标题/排版/来源优先级；没有独立数学真值	无本单元数学义务；不关闭邻接断言
OI-U363	history/sources/次单调论文研究/分类集研究/RLEB_LT_operator_space_research_asset_v1/RLEB_LT_operator_space_research_asset_v1/01_CANONICAL_HANDOFF/mathematician_handoff/04_research_ideas.md	386	386	LF386-386	organization	空行/排版分隔	nonmathematical	nonmathematical	research/canonical/operator_space_construction_frontier.md#ocf-e		标题/排版/来源优先级；没有独立数学真值	无本单元数学义务；不关闭邻接断言
OI-U364	history/sources/次单调论文研究/分类集研究/RLEB_LT_operator_space_research_asset_v1/RLEB_LT_operator_space_research_asset_v1/01_CANONICAL_HANDOFF/mathematician_handoff/04_research_ideas.md	387	387	LF387-387	unfixed-source-predicate	将已完成的 \(\ell_\gamma(G),K_\gamma(G),\rho_*(G)\) 对象谓词改写为 \((M_G,B_G,\mathsf w(G))\) 的精确剖面约束，并证明剖面在固定预算完整图块上的 Borel/半连续性质与尺度截断相容性。	candidate	deferred	research/canonical/operator_space_construction_frontier.md#ocf-e		源称已完成的ℓγ/Kγ/ρ*未在本段提供同对象/拓扑/预算完整身份	恢复精确这些源谓词，证明与规范实际剖面的双向同域对应及半连续/Borel性质
OI-U365	history/sources/次单调论文研究/分类集研究/RLEB_LT_operator_space_research_asset_v1/RLEB_LT_operator_space_research_asset_v1/01_CANONICAL_HANDOFF/mathematician_handoff/04_research_ideas.md	388	388	LF388-388	organization	空行/排版分隔	nonmathematical	nonmathematical	research/canonical/operator_space_construction_frontier.md#ocf-e		标题/排版/来源优先级；没有独立数学真值	无本单元数学义务；不关闭邻接断言
OI-U366	history/sources/次单调论文研究/分类集研究/RLEB_LT_operator_space_research_asset_v1/RLEB_LT_operator_space_research_asset_v1/01_CANONICAL_HANDOFF/mathematician_handoff/04_research_ideas.md	389	389	LF389-389	conditional-tool	只在具有双侧幂阶的层上，若	derived-checked	rewritten	research/canonical/operator_profile_tools.md#op-power	C172-v1	在0<γ≤1和同一双侧实际剖面下，OP10–11完整证明复合阶；端点保系数	PPA转接仍需C166、零锚、coverage/留域及实际剖面可实现性
OI-U367	history/sources/次单调论文研究/分类集研究/RLEB_LT_operator_space_research_asset_v1/RLEB_LT_operator_space_research_asset_v1/01_CANONICAL_HANDOFF/mathematician_handoff/04_research_ideas.md	390	390	LF390-390	organization	空行/排版分隔	nonmathematical	nonmathematical	research/canonical/operator_space_construction_frontier.md#ocf-e		标题/排版/来源优先级；没有独立数学真值	无本单元数学义务；不关闭邻接断言
OI-U368	history/sources/次单调论文研究/分类集研究/RLEB_LT_operator_space_research_asset_v1/RLEB_LT_operator_space_research_asset_v1/01_CANONICAL_HANDOFF/mathematician_handoff/04_research_ideas.md	391	395	LF391-395	conditional-tool	\[ M_G(t)\asymp t^\gamma, \qquad B_G(r)\asymp r^p, \tag{E3} \]	derived-checked	rewritten	research/canonical/operator_profile_tools.md#op-power	C172-v1	在0<γ≤1和同一双侧实际剖面下，OP10–11完整证明复合阶；端点保系数	PPA转接仍需C166、零锚、coverage/留域及实际剖面可实现性
OI-U369	history/sources/次单调论文研究/分类集研究/RLEB_LT_operator_space_research_asset_v1/RLEB_LT_operator_space_research_asset_v1/01_CANONICAL_HANDOFF/mathematician_handoff/04_research_ideas.md	396	396	LF396-396	organization	空行/排版分隔	nonmathematical	nonmathematical	research/canonical/operator_space_construction_frontier.md#ocf-e		标题/排版/来源优先级；没有独立数学真值	无本单元数学义务；不关闭邻接断言
OI-U370	history/sources/次单调论文研究/分类集研究/RLEB_LT_operator_space_research_asset_v1/RLEB_LT_operator_space_research_asset_v1/01_CANONICAL_HANDOFF/mathematician_handoff/04_research_ideas.md	397	397	LF397-397	conditional-tool	direct 兼容的数量级要求为	derived-checked	rewritten	research/canonical/operator_profile_tools.md#op-power	C172-v1	在0<γ≤1和同一双侧实际剖面下，OP10–11完整证明复合阶；端点保系数	PPA转接仍需C166、零锚、coverage/留域及实际剖面可实现性
OI-U371	history/sources/次单调论文研究/分类集研究/RLEB_LT_operator_space_research_asset_v1/RLEB_LT_operator_space_research_asset_v1/01_CANONICAL_HANDOFF/mathematician_handoff/04_research_ideas.md	398	398	LF398-398	organization	空行/排版分隔	nonmathematical	nonmathematical	research/canonical/operator_space_construction_frontier.md#ocf-e		标题/排版/来源优先级；没有独立数学真值	无本单元数学义务；不关闭邻接断言
OI-U372	history/sources/次单调论文研究/分类集研究/RLEB_LT_operator_space_research_asset_v1/RLEB_LT_operator_space_research_asset_v1/01_CANONICAL_HANDOFF/mathematician_handoff/04_research_ideas.md	399	402	LF399-402	conditional-tool	\[ \gamma p\ge1; \tag{E4} \]	derived-checked	rewritten	research/canonical/operator_profile_tools.md#op-power	C172-v1	在0<γ≤1和同一双侧实际剖面下，OP10–11完整证明复合阶；端点保系数	PPA转接仍需C166、零锚、coverage/留域及实际剖面可实现性
OI-U373	history/sources/次单调论文研究/分类集研究/RLEB_LT_operator_space_research_asset_v1/RLEB_LT_operator_space_research_asset_v1/01_CANONICAL_HANDOFF/mathematician_handoff/04_research_ideas.md	403	403	LF403-403	organization	空行/排版分隔	nonmathematical	nonmathematical	research/canonical/operator_space_construction_frontier.md#ocf-e		标题/排版/来源优先级；没有独立数学真值	无本单元数学义务；不关闭邻接断言
OI-U374	history/sources/次单调论文研究/分类集研究/RLEB_LT_operator_space_research_asset_v1/RLEB_LT_operator_space_research_asset_v1/01_CANONICAL_HANDOFF/mathematician_handoff/04_research_ideas.md	404	404	LF404-404	conditional-tool	\(\gamma p>1\) 可在足够小尺度得到兼容余量，边界 \(\gamma p=1\) 必须保常数。	derived-checked	rewritten	research/canonical/operator_profile_tools.md#op-power	C172-v1	在0<γ≤1和同一双侧实际剖面下，OP10–11完整证明复合阶；端点保系数	PPA转接仍需C166、零锚、coverage/留域及实际剖面可实现性
OI-U375	history/sources/次单调论文研究/分类集研究/RLEB_LT_operator_space_research_asset_v1/RLEB_LT_operator_space_research_asset_v1/01_CANONICAL_HANDOFF/mathematician_handoff/04_research_ideas.md	404	404	LF404-404	conditional-tool	\(\gamma p<1\) 则与 strict direct 小尺度兼容矛盾。	derived-checked	rewritten	research/canonical/operator_profile_tools.md#op-power	C172-v1	在0<γ≤1和同一双侧实际剖面下，OP10–11完整证明复合阶；端点保系数	PPA转接仍需C166、零锚、coverage/留域及实际剖面可实现性
OI-U376	history/sources/次单调论文研究/分类集研究/RLEB_LT_operator_space_research_asset_v1/RLEB_LT_operator_space_research_asset_v1/01_CANONICAL_HANDOFF/mathematician_handoff/04_research_ideas.md	404	404	LF404-404	conditional-tool	没有双侧假设时不能仅凭上界指数作必要性结论；	derived-checked	rewritten	research/canonical/operator_profile_tools.md#op-power	C172-v1	在0<γ≤1和同一双侧实际剖面下，OP10–11完整证明复合阶；端点保系数	PPA转接仍需C166、零锚、coverage/留域及实际剖面可实现性
OI-U377	history/sources/次单调论文研究/分类集研究/RLEB_LT_operator_space_research_asset_v1/RLEB_LT_operator_space_research_asset_v1/01_CANONICAL_HANDOFF/mathematician_handoff/04_research_ideas.md	404	404	LF404-404	conditional-tool	慢变因子、振荡模和非幂 gauge 不能扔掉。	derived-checked	rewritten	research/canonical/operator_profile_tools.md#op-power	C172-v1	在0<γ≤1和同一双侧实际剖面下，OP10–11完整证明复合阶；端点保系数	PPA转接仍需C166、零锚、coverage/留域及实际剖面可实现性
OI-U378	history/sources/次单调论文研究/分类集研究/RLEB_LT_operator_space_research_asset_v1/RLEB_LT_operator_space_research_asset_v1/01_CANONICAL_HANDOFF/mathematician_handoff/04_research_ideas.md	405	405	LF405-405	organization	空行/排版分隔	nonmathematical	nonmathematical	research/canonical/operator_space_construction_frontier.md#ocf-e		标题/排版/来源优先级；没有独立数学真值	无本单元数学义务；不关闭邻接断言
OI-U379	history/sources/次单调论文研究/分类集研究/RLEB_LT_operator_space_research_asset_v1/RLEB_LT_operator_space_research_asset_v1/01_CANONICAL_HANDOFF/mathematician_handoff/04_research_ideas.md	406	406	LF406-406	organization	### E.3 结构几何子任务	nonmathematical	nonmathematical	research/canonical/operator_space_construction_frontier.md#ocf-e		标题/排版/来源优先级；没有独立数学真值	无本单元数学义务；不关闭邻接断言
OI-U380	history/sources/次单调论文研究/分类集研究/RLEB_LT_operator_space_research_asset_v1/RLEB_LT_operator_space_research_asset_v1/01_CANONICAL_HANDOFF/mathematician_handoff/04_research_ideas.md	407	407	LF407-407	organization	空行/排版分隔	nonmathematical	nonmathematical	research/canonical/operator_space_construction_frontier.md#ocf-e		标题/排版/来源优先级；没有独立数学真值	无本单元数学义务；不关闭邻接断言
OI-U381	history/sources/次单调论文研究/分类集研究/RLEB_LT_operator_space_research_asset_v1/RLEB_LT_operator_space_research_asset_v1/01_CANONICAL_HANDOFF/mathematician_handoff/04_research_ideas.md	408	408	LF408-408	scope-contract	对 \(C^1\) 解流形，以法向 jet、切向漂移秩、法向收缩谱来解释 \((M_G,B_G)\) 的可实现区域。	open	rewritten	research/canonical/operator_space_construction_frontier.md#ocf-e		将该具体构造/范围义务重写为规范开放接口；不声称成功目标或失败条件已经实现	该路线答案仍open；逐项构造同对象、同拓扑、同预算的桥，不以来源任务标题或定理名称升级
OI-U382	history/sources/次单调论文研究/分类集研究/RLEB_LT_operator_space_research_asset_v1/RLEB_LT_operator_space_research_asset_v1/01_CANONICAL_HANDOFF/mathematician_handoff/04_research_ideas.md	408	408	LF408-408	conditional-tool	首个有限维线性代数审计是：现有非退化切向漂移层要求法向到切向的一阶单射，因此在 \(\dim N_sS>\dim T_sS\) 时不适用。	derived-checked	rewritten	research/canonical/operator_space_construction_frontier.md#ocf-e		法向方向沿tz除t趋零给微分单射和维数门，规范正文直接论证	不表示该漂移层覆盖所有余维或母空间
OI-U383	history/sources/次单调论文研究/分类集研究/RLEB_LT_operator_space_research_asset_v1/RLEB_LT_operator_space_research_asset_v1/01_CANONICAL_HANDOFF/mathematician_handoff/04_research_ideas.md	409	409	LF409-409	organization	空行/排版分隔	nonmathematical	nonmathematical	research/canonical/operator_space_construction_frontier.md#ocf-e		标题/排版/来源优先级；没有独立数学真值	无本单元数学义务；不关闭邻接断言
OI-U384	history/sources/次单调论文研究/分类集研究/RLEB_LT_operator_space_research_asset_v1/RLEB_LT_operator_space_research_asset_v1/01_CANONICAL_HANDOFF/mathematician_handoff/04_research_ideas.md	410	410	LF410-410	scope-contract	应寻找更宽的“残差由法向或切向至少一个分量承担”的坐标不变秩条件，而不是坚持切向必须独自承担。	open	rewritten	research/canonical/operator_space_construction_frontier.md#ocf-e		将该具体构造/范围义务重写为规范开放接口；不声称成功目标或失败条件已经实现	该路线答案仍open；逐项构造同对象、同拓扑、同预算的桥，不以来源任务标题或定理名称升级
OI-U385	history/sources/次单调论文研究/分类集研究/RLEB_LT_operator_space_research_asset_v1/RLEB_LT_operator_space_research_asset_v1/01_CANONICAL_HANDOFF/mathematician_handoff/04_research_ideas.md	410	410	LF410-410	scope-contract	这可能同时覆盖法向超线性压缩、退化漂移以及混合结构。	open	rewritten	research/canonical/operator_space_construction_frontier.md#ocf-e		将该具体构造/范围义务重写为规范开放接口；不声称成功目标或失败条件已经实现	该路线答案仍open；逐项构造同对象、同拓扑、同预算的桥，不以来源任务标题或定理名称升级
OI-U386	history/sources/次单调论文研究/分类集研究/RLEB_LT_operator_space_research_asset_v1/RLEB_LT_operator_space_research_asset_v1/01_CANONICAL_HANDOFF/mathematician_handoff/04_research_ideas.md	411	411	LF411-411	organization	空行/排版分隔	nonmathematical	nonmathematical	research/canonical/operator_space_construction_frontier.md#ocf-e		标题/排版/来源优先级；没有独立数学真值	无本单元数学义务；不关闭邻接断言
OI-U387	history/sources/次单调论文研究/分类集研究/RLEB_LT_operator_space_research_asset_v1/RLEB_LT_operator_space_research_asset_v1/01_CANONICAL_HANDOFF/mathematician_handoff/04_research_ideas.md	412	412	LF412-412	organization	### E.4 成败解释	nonmathematical	nonmathematical	research/canonical/operator_space_construction_frontier.md#ocf-e		标题/排版/来源优先级；没有独立数学真值	无本单元数学义务；不关闭邻接断言
OI-U388	history/sources/次单调论文研究/分类集研究/RLEB_LT_operator_space_research_asset_v1/RLEB_LT_operator_space_research_asset_v1/01_CANONICAL_HANDOFF/mathematician_handoff/04_research_ideas.md	413	413	LF413-413	organization	空行/排版分隔	nonmathematical	nonmathematical	research/canonical/operator_space_construction_frontier.md#ocf-e		标题/排版/来源优先级；没有独立数学真值	无本单元数学义务；不关闭邻接断言
OI-U389	history/sources/次单调论文研究/分类集研究/RLEB_LT_operator_space_research_asset_v1/RLEB_LT_operator_space_research_asset_v1/01_CANONICAL_HANDOFF/mathematician_handoff/04_research_ideas.md	414	414	LF414-414	method-proposal	- 工具：变分分析的误差界、regular variation/上下增长指数、jet 与管状分解；	open	rewritten	research/canonical/operator_space_construction_frontier.md#ocf-e		工具清单是研究种子，不作为未核定理导入或成功证据	该路线答案仍open；逐项构造同对象、同拓扑、同预算的桥，不以来源任务标题或定理名称升级
OI-U390	history/sources/次单调论文研究/分类集研究/RLEB_LT_operator_space_research_asset_v1/RLEB_LT_operator_space_research_asset_v1/01_CANONICAL_HANDOFF/mathematician_handoff/04_research_ideas.md	414	414	LF414-414	scope-contract	若要把剖面中的大小拉回对象，仍需路线 B 的 category-preserving 桥。	open	rewritten	research/canonical/operator_space_construction_frontier.md#ocf-e		将该具体构造/范围义务重写为规范开放接口；不声称成功目标或失败条件已经实现	该路线答案仍open；逐项构造同对象、同拓扑、同预算的桥，不以来源任务标题或定理名称升级
OI-U391	history/sources/次单调论文研究/分类集研究/RLEB_LT_operator_space_research_asset_v1/RLEB_LT_operator_space_research_asset_v1/01_CANONICAL_HANDOFF/mathematician_handoff/04_research_ideas.md	415	415	LF415-415	scope-contract	- 成功定理：RLEB 与 LT 在内生可实现剖面空间中形成不同区域；	open	rewritten	research/canonical/operator_space_construction_frontier.md#ocf-e		将该具体构造/范围义务重写为规范开放接口；不声称成功目标或失败条件已经实现	该路线答案仍open；逐项构造同对象、同拓扑、同预算的桥，不以来源任务标题或定理名称升级
OI-U392	history/sources/次单调论文研究/分类集研究/RLEB_LT_operator_space_research_asset_v1/RLEB_LT_operator_space_research_asset_v1/01_CANONICAL_HANDOFF/mathematician_handoff/04_research_ideas.md	415	415	LF415-415	scope-contract	进一步证明某些区域的原像具有确定的中立类别。	open	rewritten	research/canonical/operator_space_construction_frontier.md#ocf-e		将该具体构造/范围义务重写为规范开放接口；不声称成功目标或失败条件已经实现	该路线答案仍open；逐项构造同对象、同拓扑、同预算的桥，不以来源任务标题或定理名称升级
OI-U393	history/sources/次单调论文研究/分类集研究/RLEB_LT_operator_space_research_asset_v1/RLEB_LT_operator_space_research_asset_v1/01_CANONICAL_HANDOFF/mathematician_handoff/04_research_ideas.md	416	416	LF416-416	scope-contract	- 失败反定理：可实现剖面受隐藏动力学/纤维约束限制，形式上的 Hölder–EB 指数区域大部分为空；	open	rewritten	research/canonical/operator_space_construction_frontier.md#ocf-e		将该具体构造/范围义务重写为规范开放接口；不声称成功目标或失败条件已经实现	该路线答案仍open；逐项构造同对象、同拓扑、同预算的桥，不以来源任务标题或定理名称升级
OI-U394	history/sources/次单调论文研究/分类集研究/RLEB_LT_operator_space_research_asset_v1/RLEB_LT_operator_space_research_asset_v1/01_CANONICAL_HANDOFF/mathematician_handoff/04_research_ideas.md	416	416	LF416-416	scope-contract	这会否定“仅看指数端点就认为总体扩展很大”的推断。	open	rewritten	research/canonical/operator_space_construction_frontier.md#ocf-e		将该具体构造/范围义务重写为规范开放接口；不声称成功目标或失败条件已经实现	该路线答案仍open；逐项构造同对象、同拓扑、同预算的桥，不以来源任务标题或定理名称升级
OI-U395	history/sources/次单调论文研究/分类集研究/RLEB_LT_operator_space_research_asset_v1/RLEB_LT_operator_space_research_asset_v1/01_CANONICAL_HANDOFF/mathematician_handoff/04_research_ideas.md	417	417	LF417-417	organization	- 风险：中高；	nonmathematical	nonmathematical	research/canonical/operator_space_construction_frontier.md#ocf-e		标题/排版/来源优先级；没有独立数学真值	无本单元数学义务；不关闭邻接断言
OI-U396	history/sources/次单调论文研究/分类集研究/RLEB_LT_operator_space_research_asset_v1/RLEB_LT_operator_space_research_asset_v1/01_CANONICAL_HANDOFF/mathematician_handoff/04_research_ideas.md	417	417	LF417-417	scope-contract	单有剖面图不是总体纲结论，必须保留可实现性与纤维大小。	open	rewritten	research/canonical/operator_space_construction_frontier.md#ocf-e		将该具体构造/范围义务重写为规范开放接口；不声称成功目标或失败条件已经实现	该路线答案仍open；逐项构造同对象、同拓扑、同预算的桥，不以来源任务标题或定理名称升级
OI-U397	history/sources/次单调论文研究/分类集研究/RLEB_LT_operator_space_research_asset_v1/RLEB_LT_operator_space_research_asset_v1/01_CANONICAL_HANDOFF/mathematician_handoff/04_research_ideas.md	418	418	LF418-418	organization	空行/排版分隔	nonmathematical	nonmathematical	research/canonical/operator_space_construction_frontier.md#ocf-e		标题/排版/来源优先级；没有独立数学真值	无本单元数学义务；不关闭邻接断言
OI-U398	history/sources/次单调论文研究/分类集研究/RLEB_LT_operator_space_research_asset_v1/RLEB_LT_operator_space_research_asset_v1/01_CANONICAL_HANDOFF/mathematician_handoff/04_research_ideas.md	419	419	LF419-419	organization	## 6. 路线 F：受控原图共轭与一个值得先证明的 no-go	nonmathematical	nonmathematical	research/canonical/operator_space_construction_frontier.md#ocf-f		标题/排版/来源优先级；没有独立数学真值	无本单元数学义务；不关闭邻接断言
OI-U399	history/sources/次单调论文研究/分类集研究/RLEB_LT_operator_space_research_asset_v1/RLEB_LT_operator_space_research_asset_v1/01_CANONICAL_HANDOFF/mathematician_handoff/04_research_ideas.md	420	420	LF420-420	organization	空行/排版分隔	nonmathematical	nonmathematical	research/canonical/operator_space_construction_frontier.md#ocf-f		标题/排版/来源优先级；没有独立数学真值	无本单元数学义务；不关闭邻接断言
OI-U400	history/sources/次单调论文研究/分类集研究/RLEB_LT_operator_space_research_asset_v1/RLEB_LT_operator_space_research_asset_v1/01_CANONICAL_HANDOFF/mathematician_handoff/04_research_ideas.md	421	421	LF421-421	organization	### F.1 核心 idea	nonmathematical	nonmathematical	research/canonical/operator_space_construction_frontier.md#ocf-f		标题/排版/来源优先级；没有独立数学真值	无本单元数学义务；不关闭邻接断言
OI-U401	history/sources/次单调论文研究/分类集研究/RLEB_LT_operator_space_research_asset_v1/RLEB_LT_operator_space_research_asset_v1/01_CANONICAL_HANDOFF/mathematician_handoff/04_research_ideas.md	422	422	LF422-422	organization	空行/排版分隔	nonmathematical	nonmathematical	research/canonical/operator_space_construction_frontier.md#ocf-f		标题/排版/来源优先级；没有独立数学真值	无本单元数学义务；不关闭邻接断言
OI-U402	history/sources/次单调论文研究/分类集研究/RLEB_LT_operator_space_research_asset_v1/RLEB_LT_operator_space_research_asset_v1/01_CANONICAL_HANDOFF/mathematician_handoff/04_research_ideas.md	423	423	LF423-423	construction-proposal	已有完整图作用	open	rewritten	research/canonical/operator_space_construction_frontier.md#ocf-f		剪切后的完整图作用定义明确，尾/真残差/保纲仍分别待证	完整F/目标/步长的同对象保真和受控层间桥
OI-U403	history/sources/次单调论文研究/分类集研究/RLEB_LT_operator_space_research_asset_v1/RLEB_LT_operator_space_research_asset_v1/01_CANONICAL_HANDOFF/mathematician_handoff/04_research_ideas.md	424	424	LF424-424	organization	空行/排版分隔	nonmathematical	nonmathematical	research/canonical/operator_space_construction_frontier.md#ocf-f		标题/排版/来源优先级；没有独立数学真值	无本单元数学义务；不关闭邻接断言
OI-U404	history/sources/次单调论文研究/分类集研究/RLEB_LT_operator_space_research_asset_v1/RLEB_LT_operator_space_research_asset_v1/01_CANONICAL_HANDOFF/mathematician_handoff/04_research_ideas.md	425	428	LF425-428	construction-proposal	\[ G^h=L_\lambda^{-1}(h\times h)L_\lambda G \tag{F1} \]	open	rewritten	research/canonical/operator_space_construction_frontier.md#ocf-f		剪切后的完整图作用定义明确，尾/真残差/保纲仍分别待证	完整F/目标/步长的同对象保真和受控层间桥
OI-U405	history/sources/次单调论文研究/分类集研究/RLEB_LT_operator_space_research_asset_v1/RLEB_LT_operator_space_research_asset_v1/01_CANONICAL_HANDOFF/mathematician_handoff/04_research_ideas.md	429	429	LF429-429	organization	空行/排版分隔	nonmathematical	nonmathematical	research/canonical/operator_space_construction_frontier.md#ocf-f		标题/排版/来源优先级；没有独立数学真值	无本单元数学义务；不关闭邻接断言
OI-U406	history/sources/次单调论文研究/分类集研究/RLEB_LT_operator_space_research_asset_v1/RLEB_LT_operator_space_research_asset_v1/01_CANONICAL_HANDOFF/mathematician_handoff/04_research_ideas.md	430	430	LF430-430	construction-proposal	可以保对象身份。	open	rewritten	research/canonical/operator_space_construction_frontier.md#ocf-f		剪切后的完整图作用定义明确，尾/真残差/保纲仍分别待证	完整F/目标/步长的同对象保真和受控层间桥
OI-U407	history/sources/次单调论文研究/分类集研究/RLEB_LT_operator_space_research_asset_v1/RLEB_LT_operator_space_research_asset_v1/01_CANONICAL_HANDOFF/mathematician_handoff/04_research_ideas.md	430	430	LF430-430	construction-proposal	若只是 \(\operatorname{Lip}(h)\le1+\varepsilon\)，则尾变成 \((1+\varepsilon)e\)。	open	rewritten	research/canonical/operator_space_construction_frontier.md#ocf-f		剪切后的完整图作用定义明确，尾/真残差/保纲仍分别待证	完整F/目标/步长的同对象保真和受控层间桥
OI-U408	history/sources/次单调论文研究/分类集研究/RLEB_LT_operator_space_research_asset_v1/RLEB_LT_operator_space_research_asset_v1/01_CANONICAL_HANDOFF/mathematician_handoff/04_research_ideas.md	430	430	LF430-430	construction-proposal	需要研究的不是再次利用一个 \(h\)，而是这些对象间受控箭头是否给出可转移的空间结构。	open	rewritten	research/canonical/operator_space_construction_frontier.md#ocf-f		剪切后的完整图作用定义明确，尾/真残差/保纲仍分别待证	完整F/目标/步长的同对象保真和受控层间桥
OI-U409	history/sources/次单调论文研究/分类集研究/RLEB_LT_operator_space_research_asset_v1/RLEB_LT_operator_space_research_asset_v1/01_CANONICAL_HANDOFF/mathematician_handoff/04_research_ideas.md	431	431	LF431-431	organization	空行/排版分隔	nonmathematical	nonmathematical	research/canonical/operator_space_construction_frontier.md#ocf-f		标题/排版/来源优先级；没有独立数学真值	无本单元数学义务；不关闭邻接断言
OI-U410	history/sources/次单调论文研究/分类集研究/RLEB_LT_operator_space_research_asset_v1/RLEB_LT_operator_space_research_asset_v1/01_CANONICAL_HANDOFF/mathematician_handoff/04_research_ideas.md	432	432	LF432-432	organization	### F.2 可直接证明的 no-go：紧域上的非扩张满射太刚性	nonmathematical	nonmathematical	research/canonical/operator_space_construction_frontier.md#ocf-f		标题/排版/来源优先级；没有独立数学真值	无本单元数学义务；不关闭邻接断言
OI-U411	history/sources/次单调论文研究/分类集研究/RLEB_LT_operator_space_research_asset_v1/RLEB_LT_operator_space_research_asset_v1/01_CANONICAL_HANDOFF/mathematician_handoff/04_research_ideas.md	433	433	LF433-433	organization	空行/排版分隔	nonmathematical	nonmathematical	research/canonical/operator_space_construction_frontier.md#ocf-f		标题/排版/来源优先级；没有独立数学真值	无本单元数学义务；不关闭邻接断言
OI-U412	history/sources/次单调论文研究/分类集研究/RLEB_LT_operator_space_research_asset_v1/RLEB_LT_operator_space_research_asset_v1/01_CANONICAL_HANDOFF/mathematician_handoff/04_research_ideas.md	434	434	LF434-434	proof-step	若 \(K\) 是紧度量空间，\(h:K\to K\) 满射且 1-Lipschitz，则 \(h\) 是等距映射。	derived-checked	rewritten	research/operator_space.md#os-isometry-proof	C134-v1	紧域满射全局非扩张的等距刚性已有完整独立证明	不限制仅轨道点对控制的粗糙共轭
OI-U413	history/sources/次单调论文研究/分类集研究/RLEB_LT_operator_space_research_asset_v1/RLEB_LT_operator_space_research_asset_v1/01_CANONICAL_HANDOFF/mathematician_handoff/04_research_ideas.md	435	435	LF435-435	organization	空行/排版分隔	nonmathematical	nonmathematical	research/canonical/operator_space_construction_frontier.md#ocf-f		标题/排版/来源优先级；没有独立数学真值	无本单元数学义务；不关闭邻接断言
OI-U414	history/sources/次单调论文研究/分类集研究/RLEB_LT_operator_space_research_asset_v1/RLEB_LT_operator_space_research_asset_v1/01_CANONICAL_HANDOFF/mathematician_handoff/04_research_ideas.md	436	436	LF436-436	proof-step	简证：\(\{h^n\}\) 等度连续，在一致拓扑中相对紧。	derived-checked	rewritten	research/operator_space.md#os-isometry-proof	C134-v1	紧域满射全局非扩张的等距刚性已有完整独立证明	不限制仅轨道点对控制的粗糙共轭
OI-U415	history/sources/次单调论文研究/分类集研究/RLEB_LT_operator_space_research_asset_v1/RLEB_LT_operator_space_research_asset_v1/01_CANONICAL_HANDOFF/mathematician_handoff/04_research_ideas.md	436	436	LF436-436	proof-step	可找 \(n_j>m_j\)，使 \(h^{n_j}\) 与 \(h^{m_j}\) 的一致距离趋 0。	derived-checked	rewritten	research/operator_space.md#os-isometry-proof	C134-v1	紧域满射全局非扩张的等距刚性已有完整独立证明	不限制仅轨道点对控制的粗糙共轭
OI-U416	history/sources/次单调论文研究/分类集研究/RLEB_LT_operator_space_research_asset_v1/RLEB_LT_operator_space_research_asset_v1/01_CANONICAL_HANDOFF/mathematician_handoff/04_research_ideas.md	436	436	LF436-436	proof-step	由 \(h^{m_j}\) 满射，\(h^{n_j-m_j}\to I\) 一致。	derived-checked	rewritten	research/operator_space.md#os-isometry-proof	C134-v1	紧域满射全局非扩张的等距刚性已有完整独立证明	不限制仅轨道点对控制的粗糙共轭
OI-U417	history/sources/次单调论文研究/分类集研究/RLEB_LT_operator_space_research_asset_v1/RLEB_LT_operator_space_research_asset_v1/01_CANONICAL_HANDOFF/mathematician_handoff/04_research_ideas.md	436	436	LF436-436	proof-step	于是	derived-checked	rewritten	research/operator_space.md#os-isometry-proof	C134-v1	紧域满射全局非扩张的等距刚性已有完整独立证明	不限制仅轨道点对控制的粗糙共轭
OI-U418	history/sources/次单调论文研究/分类集研究/RLEB_LT_operator_space_research_asset_v1/RLEB_LT_operator_space_research_asset_v1/01_CANONICAL_HANDOFF/mathematician_handoff/04_research_ideas.md	437	437	LF437-437	organization	空行/排版分隔	nonmathematical	nonmathematical	research/canonical/operator_space_construction_frontier.md#ocf-f		标题/排版/来源优先级；没有独立数学真值	无本单元数学义务；不关闭邻接断言
OI-U419	history/sources/次单调论文研究/分类集研究/RLEB_LT_operator_space_research_asset_v1/RLEB_LT_operator_space_research_asset_v1/01_CANONICAL_HANDOFF/mathematician_handoff/04_research_ideas.md	438	442	LF438-442	proof-step	\[ d(x,y)=\lim_jd(h^{n_j-m_j}x,h^{n_j-m_j}y) \le d(hx,hy)\le d(x,y). \tag{F2} \]	derived-checked	rewritten	research/operator_space.md#os-isometry-proof	C134-v1	紧域满射全局非扩张的等距刚性已有完整独立证明	不限制仅轨道点对控制的粗糙共轭
OI-U420	history/sources/次单调论文研究/分类集研究/RLEB_LT_operator_space_research_asset_v1/RLEB_LT_operator_space_research_asset_v1/01_CANONICAL_HANDOFF/mathematician_handoff/04_research_ideas.md	443	443	LF443-443	organization	空行/排版分隔	nonmathematical	nonmathematical	research/canonical/operator_space_construction_frontier.md#ocf-f		标题/排版/来源优先级；没有独立数学真值	无本单元数学义务；不关闭邻接断言
OI-U421	history/sources/次单调论文研究/分类集研究/RLEB_LT_operator_space_research_asset_v1/RLEB_LT_operator_space_research_asset_v1/01_CANONICAL_HANDOFF/mathematician_handoff/04_research_ideas.md	444	444	LF444-444	proof-step	所以“让共轭 \(h\) 全局不扩张且保持同一个紧初值域满射，以无损保精确尾”这条直观修补路线，只能给等距改变，不能制造想要的正则差异。	derived-checked	rewritten	research/operator_space.md#os-isometry-proof	C134-v1	紧域满射全局非扩张的等距刚性已有完整独立证明	不限制仅轨道点对控制的粗糙共轭
OI-U422	history/sources/次单调论文研究/分类集研究/RLEB_LT_operator_space_research_asset_v1/RLEB_LT_operator_space_research_asset_v1/01_CANONICAL_HANDOFF/mathematician_handoff/04_research_ideas.md	445	445	LF445-445	organization	空行/排版分隔	nonmathematical	nonmathematical	research/canonical/operator_space_construction_frontier.md#ocf-f		标题/排版/来源优先级；没有独立数学真值	无本单元数学义务；不关闭邻接断言
OI-U423	history/sources/次单调论文研究/分类集研究/RLEB_LT_operator_space_research_asset_v1/RLEB_LT_operator_space_research_asset_v1/01_CANONICAL_HANDOFF/mathematician_handoff/04_research_ideas.md	446	446	LF446-446	conditional-tool	另一方面，双 Lipschitz 共轭保局部 Lipschitz 性，因而也不能从 LT 正则端点直接制造非 Lipschitz resolvent。	derived-checked	rewritten	research/canonical/operator_space_construction_frontier.md#ocf-f		双Lipschitz共轭按Lip(hTLh^-1)乘积保局部Lipschitz；只在该假设内	不同步长/目标距离/残差不会因共轭字样自动保持
OI-U424	history/sources/次单调论文研究/分类集研究/RLEB_LT_operator_space_research_asset_v1/RLEB_LT_operator_space_research_asset_v1/01_CANONICAL_HANDOFF/mathematician_handoff/04_research_ideas.md	447	447	LF447-447	organization	空行/排版分隔	nonmathematical	nonmathematical	research/canonical/operator_space_construction_frontier.md#ocf-f		标题/排版/来源优先级；没有独立数学真值	无本单元数学义务；不关闭邻接断言
OI-U425	history/sources/次单调论文研究/分类集研究/RLEB_LT_operator_space_research_asset_v1/RLEB_LT_operator_space_research_asset_v1/01_CANONICAL_HANDOFF/mathematician_handoff/04_research_ideas.md	448	448	LF448-448	organization	### F.3 真正待攻的 lemma	nonmathematical	nonmathematical	research/canonical/operator_space_construction_frontier.md#ocf-f		标题/排版/来源优先级；没有独立数学真值	无本单元数学义务；不关闭邻接断言
OI-U426	history/sources/次单调论文研究/分类集研究/RLEB_LT_operator_space_research_asset_v1/RLEB_LT_operator_space_research_asset_v1/01_CANONICAL_HANDOFF/mathematician_handoff/04_research_ideas.md	449	449	LF449-449	organization	空行/排版分隔	nonmathematical	nonmathematical	research/canonical/operator_space_construction_frontier.md#ocf-f		标题/排版/来源优先级；没有独立数学真值	无本单元数学义务；不关闭邻接断言
OI-U427	history/sources/次单调论文研究/分类集研究/RLEB_LT_operator_space_research_asset_v1/RLEB_LT_operator_space_research_asset_v1/01_CANONICAL_HANDOFF/mathematician_handoff/04_research_ideas.md	450	450	LF450-450	scope-contract	仅对同一轨道尾中的点对要求不扩张：	open	rewritten	research/canonical/operator_space_construction_frontier.md#ocf-f		将该具体构造/范围义务重写为规范开放接口；不声称成功目标或失败条件已经实现	该路线答案仍open；逐项构造同对象、同拓扑、同预算的桥，不以来源任务标题或定理名称升级
OI-U428	history/sources/次单调论文研究/分类集研究/RLEB_LT_operator_space_research_asset_v1/RLEB_LT_operator_space_research_asset_v1/01_CANONICAL_HANDOFF/mathematician_handoff/04_research_ideas.md	451	451	LF451-451	organization	空行/排版分隔	nonmathematical	nonmathematical	research/canonical/operator_space_construction_frontier.md#ocf-f		标题/排版/来源优先级；没有独立数学真值	无本单元数学义务；不关闭邻接断言
OI-U429	history/sources/次单调论文研究/分类集研究/RLEB_LT_operator_space_research_asset_v1/RLEB_LT_operator_space_research_asset_v1/01_CANONICAL_HANDOFF/mathematician_handoff/04_research_ideas.md	452	456	LF452-456	scope-contract	\[ \|h(T^mx)-h(T^nx)\|\le e_n, \qquad h(B)=B, \tag{F3} \]	open	rewritten	research/canonical/operator_space_construction_frontier.md#ocf-f		将该具体构造/范围义务重写为规范开放接口；不声称成功目标或失败条件已经实现	该路线答案仍open；逐项构造同对象、同拓扑、同预算的桥，不以来源任务标题或定理名称升级
OI-U430	history/sources/次单调论文研究/分类集研究/RLEB_LT_operator_space_research_asset_v1/RLEB_LT_operator_space_research_asset_v1/01_CANONICAL_HANDOFF/mathematician_handoff/04_research_ideas.md	457	457	LF457-457	organization	空行/排版分隔	nonmathematical	nonmathematical	research/canonical/operator_space_construction_frontier.md#ocf-f		标题/排版/来源优先级；没有独立数学真值	无本单元数学义务；不关闭邻接断言
OI-U431	history/sources/次单调论文研究/分类集研究/RLEB_LT_operator_space_research_asset_v1/RLEB_LT_operator_space_research_asset_v1/01_CANONICAL_HANDOFF/mathematician_handoff/04_research_ideas.md	458	458	LF458-458	scope-contract	而不要求 \(h\) 对所有点对 1-Lipschitz。	open	rewritten	research/canonical/operator_space_construction_frontier.md#ocf-f		将该具体构造/范围义务重写为规范开放接口；不声称成功目标或失败条件已经实现	该路线答案仍open；逐项构造同对象、同拓扑、同预算的桥，不以来源任务标题或定理名称升级
OI-U432	history/sources/次单调论文研究/分类集研究/RLEB_LT_operator_space_research_asset_v1/RLEB_LT_operator_space_research_asset_v1/01_CANONICAL_HANDOFF/mathematician_handoff/04_research_ideas.md	458	458	LF458-458	scope-contract	能否在这种 orbitwise 约束下构造足够多的粗糙同胚，并独立控制所有 transition 的真实 EB？	open	rewritten	research/canonical/operator_space_construction_frontier.md#ocf-f		将该具体构造/范围义务重写为规范开放接口；不声称成功目标或失败条件已经实现	该路线答案仍open；逐项构造同对象、同拓扑、同预算的桥，不以来源任务标题或定理名称升级
OI-U433	history/sources/次单调论文研究/分类集研究/RLEB_LT_operator_space_research_asset_v1/RLEB_LT_operator_space_research_asset_v1/01_CANONICAL_HANDOFF/mathematician_handoff/04_research_ideas.md	459	459	LF459-459	organization	空行/排版分隔	nonmathematical	nonmathematical	research/canonical/operator_space_construction_frontier.md#ocf-f		标题/排版/来源优先级；没有独立数学真值	无本单元数学义务；不关闭邻接断言
OI-U434	history/sources/次单调论文研究/分类集研究/RLEB_LT_operator_space_research_asset_v1/RLEB_LT_operator_space_research_asset_v1/01_CANONICAL_HANDOFF/mathematician_handoff/04_research_ideas.md	460	460	LF460-460	scope-contract	若只能跨 \(e\mapsto ce\)，则应建立这些层间箭头的连续性、局部满性和 category-preserving 性。	open	rewritten	research/canonical/operator_space_construction_frontier.md#ocf-f		将该具体构造/范围义务重写为规范开放接口；不声称成功目标或失败条件已经实现	该路线答案仍open；逐项构造同对象、同拓扑、同预算的桥，不以来源任务标题或定理名称升级
OI-U435	history/sources/次单调论文研究/分类集研究/RLEB_LT_operator_space_research_asset_v1/RLEB_LT_operator_space_research_asset_v1/01_CANONICAL_HANDOFF/mathematician_handoff/04_research_ideas.md	460	460	LF460-460	scope-contract	连续映射本身不能传递“第一纲”；	open	rewritten	research/canonical/operator_space_construction_frontier.md#ocf-f		将该具体构造/范围义务重写为规范开放接口；不声称成功目标或失败条件已经实现	该路线答案仍open；逐项构造同对象、同拓扑、同预算的桥，不以来源任务标题或定理名称升级
OI-U436	history/sources/次单调论文研究/分类集研究/RLEB_LT_operator_space_research_asset_v1/RLEB_LT_operator_space_research_asset_v1/01_CANONICAL_HANDOFF/mathematician_handoff/04_research_ideas.md	460	460	LF460-460	scope-contract	同胚共轭也不自动与步长变换交换。	open	rewritten	research/canonical/operator_space_construction_frontier.md#ocf-f		将该具体构造/范围义务重写为规范开放接口；不声称成功目标或失败条件已经实现	该路线答案仍open；逐项构造同对象、同拓扑、同预算的桥，不以来源任务标题或定理名称升级
OI-U437	history/sources/次单调论文研究/分类集研究/RLEB_LT_operator_space_research_asset_v1/RLEB_LT_operator_space_research_asset_v1/01_CANONICAL_HANDOFF/mathematician_handoff/04_research_ideas.md	461	461	LF461-461	organization	空行/排版分隔	nonmathematical	nonmathematical	research/canonical/operator_space_construction_frontier.md#ocf-f		标题/排版/来源优先级；没有独立数学真值	无本单元数学义务；不关闭邻接断言
OI-U438	history/sources/次单调论文研究/分类集研究/RLEB_LT_operator_space_research_asset_v1/RLEB_LT_operator_space_research_asset_v1/01_CANONICAL_HANDOFF/mathematician_handoff/04_research_ideas.md	462	462	LF462-462	organization	### F.4 成败解释	nonmathematical	nonmathematical	research/canonical/operator_space_construction_frontier.md#ocf-f		标题/排版/来源优先级；没有独立数学真值	无本单元数学义务；不关闭邻接断言
OI-U439	history/sources/次单调论文研究/分类集研究/RLEB_LT_operator_space_research_asset_v1/RLEB_LT_operator_space_research_asset_v1/01_CANONICAL_HANDOFF/mathematician_handoff/04_research_ideas.md	463	463	LF463-463	organization	空行/排版分隔	nonmathematical	nonmathematical	research/canonical/operator_space_construction_frontier.md#ocf-f		标题/排版/来源优先级；没有独立数学真值	无本单元数学义务；不关闭邻接断言
OI-U440	history/sources/次单调论文研究/分类集研究/RLEB_LT_operator_space_research_asset_v1/RLEB_LT_operator_space_research_asset_v1/01_CANONICAL_HANDOFF/mathematician_handoff/04_research_ideas.md	464	464	LF464-464	scope-contract	- 成功定理：受控共轭轨道形成覆盖某中立非第一纲区域的层间比较，并使不同尾尺度的类别剖面一致或可精确变换。	open	rewritten	research/canonical/operator_space_construction_frontier.md#ocf-f		将该具体构造/范围义务重写为规范开放接口；不声称成功目标或失败条件已经实现	该路线答案仍open；逐项构造同对象、同拓扑、同预算的桥，不以来源任务标题或定理名称升级
OI-U441	history/sources/次单调论文研究/分类集研究/RLEB_LT_operator_space_research_asset_v1/RLEB_LT_operator_space_research_asset_v1/01_CANONICAL_HANDOFF/mathematician_handoff/04_research_ideas.md	465	465	LF465-465	scope-contract	- 失败反定理：精确尾饱和与完整纤维几何迫使所有允许 \(h\) 在有关方向上 bi-Lipschitz/等距，说明该区域内不能靠共轭证明 LT 稀薄。	open	rewritten	research/canonical/operator_space_construction_frontier.md#ocf-f		将该具体构造/范围义务重写为规范开放接口；不声称成功目标或失败条件已经实现	该路线答案仍open；逐项构造同对象、同拓扑、同预算的桥，不以来源任务标题或定理名称升级
OI-U442	history/sources/次单调论文研究/分类集研究/RLEB_LT_operator_space_research_asset_v1/RLEB_LT_operator_space_research_asset_v1/01_CANONICAL_HANDOFF/mathematician_handoff/04_research_ideas.md	466	466	LF466-466	organization	- 风险：高；	nonmathematical	nonmathematical	research/canonical/operator_space_construction_frontier.md#ocf-f		标题/排版/来源优先级；没有独立数学真值	无本单元数学义务；不关闭邻接断言
OI-U443	history/sources/次单调论文研究/分类集研究/RLEB_LT_operator_space_research_asset_v1/RLEB_LT_operator_space_research_asset_v1/01_CANONICAL_HANDOFF/mathematician_handoff/04_research_ideas.md	466	466	LF466-466	scope-contract	F.2 本身低风险，适合作为交接前应明确写出的路线边界。	open	rewritten	research/canonical/operator_space_construction_frontier.md#ocf-f		将该具体构造/范围义务重写为规范开放接口；不声称成功目标或失败条件已经实现	该路线答案仍open；逐项构造同对象、同拓扑、同预算的桥，不以来源任务标题或定理名称升级
OI-U444	history/sources/次单调论文研究/分类集研究/RLEB_LT_operator_space_research_asset_v1/RLEB_LT_operator_space_research_asset_v1/01_CANONICAL_HANDOFF/mathematician_handoff/04_research_ideas.md	467	467	LF467-467	organization	空行/排版分隔	nonmathematical	nonmathematical	research/canonical/operator_space_construction_frontier.md#ocf-f		标题/排版/来源优先级；没有独立数学真值	无本单元数学义务；不关闭邻接断言
OI-U445	history/sources/次单调论文研究/分类集研究/RLEB_LT_operator_space_research_asset_v1/RLEB_LT_operator_space_research_asset_v1/01_CANONICAL_HANDOFF/mathematician_handoff/04_research_ideas.md	468	468	LF468-468	scope-contract	这里应使用“受控的部分箭头/群胚”而非未经验证的一个大群：只控制正向 Lipschitz 的同胚族一般对取逆不封闭。	open	rewritten	research/canonical/operator_space_construction_frontier.md#ocf-f		将该具体构造/范围义务重写为规范开放接口；不声称成功目标或失败条件已经实现	该路线答案仍open；逐项构造同对象、同拓扑、同预算的桥，不以来源任务标题或定理名称升级
OI-U446	history/sources/次单调论文研究/分类集研究/RLEB_LT_operator_space_research_asset_v1/RLEB_LT_operator_space_research_asset_v1/01_CANONICAL_HANDOFF/mathematician_handoff/04_research_ideas.md	469	469	LF469-469	organization	空行/排版分隔	nonmathematical	nonmathematical	research/canonical/operator_space_construction_frontier.md#ocf-f		标题/排版/来源优先级；没有独立数学真值	无本单元数学义务；不关闭邻接断言
OI-U447	history/sources/次单调论文研究/分类集研究/RLEB_LT_operator_space_research_asset_v1/RLEB_LT_operator_space_research_asset_v1/01_CANONICAL_HANDOFF/mathematician_handoff/04_research_ideas.md	470	470	LF470-470	organization	## 7. 路线 G：步长谱的 hyperspace 坐标与描述复杂度	nonmathematical	nonmathematical	research/canonical/operator_space_construction_frontier.md#ocf-g		标题/排版/来源优先级；没有独立数学真值	无本单元数学义务；不关闭邻接断言
OI-U448	history/sources/次单调论文研究/分类集研究/RLEB_LT_operator_space_research_asset_v1/RLEB_LT_operator_space_research_asset_v1/01_CANONICAL_HANDOFF/mathematician_handoff/04_research_ideas.md	471	471	LF471-471	organization	空行/排版分隔	nonmathematical	nonmathematical	research/canonical/operator_space_construction_frontier.md#ocf-g		标题/排版/来源优先级；没有独立数学真值	无本单元数学义务；不关闭邻接断言
OI-U449	history/sources/次单调论文研究/分类集研究/RLEB_LT_operator_space_research_asset_v1/RLEB_LT_operator_space_research_asset_v1/01_CANONICAL_HANDOFF/mathematician_handoff/04_research_ideas.md	472	472	LF472-472	organization	### G.1 核心 idea	nonmathematical	nonmathematical	research/canonical/operator_space_construction_frontier.md#ocf-g		标题/排版/来源优先级；没有独立数学真值	无本单元数学义务；不关闭邻接断言
OI-U450	history/sources/次单调论文研究/分类集研究/RLEB_LT_operator_space_research_asset_v1/RLEB_LT_operator_space_research_asset_v1/01_CANONICAL_HANDOFF/mathematician_handoff/04_research_ideas.md	473	473	LF473-473	organization	空行/排版分隔	nonmathematical	nonmathematical	research/canonical/operator_space_construction_frontier.md#ocf-g		标题/排版/来源优先级；没有独立数学真值	无本单元数学义务；不关闭邻接断言
OI-U451	history/sources/次单调论文研究/分类集研究/RLEB_LT_operator_space_research_asset_v1/RLEB_LT_operator_space_research_asset_v1/01_CANONICAL_HANDOFF/mathematician_handoff/04_research_ideas.md	474	474	LF474-474	unproved-realization	同一原算子不能因步长不同被重复计数。	source-report	deferred	research/canonical/operator_space_construction_frontier.md#ocf-g		任意非空紧认证谱实现断言在本源未给精确对象和证明	恢复完整F/步长谓词/母空间的实现定理或另立新证明
OI-U452	history/sources/次单调论文研究/分类集研究/RLEB_LT_operator_space_research_asset_v1/RLEB_LT_operator_space_research_asset_v1/01_CANONICAL_HANDOFF/mathematician_handoff/04_research_ideas.md	474	474	LF474-474	unproved-realization	既然局部良定/认证谱可以是任意非空紧集，步长应成为一个集合值内生坐标，而不是先假定为区间。	source-report	deferred	research/canonical/operator_space_construction_frontier.md#ocf-g		任意非空紧认证谱实现断言在本源未给精确对象和证明	恢复完整F/步长谓词/母空间的实现定理或另立新证明
OI-U453	history/sources/次单调论文研究/分类集研究/RLEB_LT_operator_space_research_asset_v1/RLEB_LT_operator_space_research_asset_v1/01_CANONICAL_HANDOFF/mathematician_handoff/04_research_ideas.md	475	475	LF475-475	organization	空行/排版分隔	nonmathematical	nonmathematical	research/canonical/operator_space_construction_frontier.md#ocf-g		标题/排版/来源优先级；没有独立数学真值	无本单元数学义务；不关闭邻接断言
OI-U454	history/sources/次单调论文研究/分类集研究/RLEB_LT_operator_space_research_asset_v1/RLEB_LT_operator_space_research_asset_v1/01_CANONICAL_HANDOFF/mathematician_handoff/04_research_ideas.md	476	476	LF476-476	conditional-tool	从已有闭证书块取	derived-checked	rewritten	research/operator_space.md#os-spectrum-proof	C135-v1	闭乘积预算块及紧步长参数下的谱/闭投影已规范证明；逐类别门保留	LT/direct/energy各自原生闭性和证书耗尽仍未证
OI-U455	history/sources/次单调论文研究/分类集研究/RLEB_LT_operator_space_research_asset_v1/RLEB_LT_operator_space_research_asset_v1/01_CANONICAL_HANDOFF/mathematician_handoff/04_research_ideas.md	477	477	LF477-477	organization	空行/排版分隔	nonmathematical	nonmathematical	research/canonical/operator_space_construction_frontier.md#ocf-g		标题/排版/来源优先级；没有独立数学真值	无本单元数学义务；不关闭邻接断言
OI-U456	history/sources/次单调论文研究/分类集研究/RLEB_LT_operator_space_research_asset_v1/RLEB_LT_operator_space_research_asset_v1/01_CANONICAL_HANDOFF/mathematician_handoff/04_research_ideas.md	478	482	LF478-482	conditional-tool	\[ \Sigma_{C,j}(G)= \{\mu\in[1/j,j]:(G,\mu)\text{ 满足第 }j\text{ 个闭预算块}\}. \tag{G1} \]	derived-checked	rewritten	research/operator_space.md#os-spectrum-proof	C135-v1	闭乘积预算块及紧步长参数下的谱/闭投影已规范证明；逐类别门保留	LT/direct/energy各自原生闭性和证书耗尽仍未证
OI-U457	history/sources/次单调论文研究/分类集研究/RLEB_LT_operator_space_research_asset_v1/RLEB_LT_operator_space_research_asset_v1/01_CANONICAL_HANDOFF/mathematician_handoff/04_research_ideas.md	483	483	LF483-483	organization	空行/排版分隔	nonmathematical	nonmathematical	research/canonical/operator_space_construction_frontier.md#ocf-g		标题/排版/来源优先级；没有独立数学真值	无本单元数学义务；不关闭邻接断言
OI-U458	history/sources/次单调论文研究/分类集研究/RLEB_LT_operator_space_research_asset_v1/RLEB_LT_operator_space_research_asset_v1/01_CANONICAL_HANDOFF/mathematician_handoff/04_research_ideas.md	484	484	LF484-484	conditional-tool	这里 \(C\) 分别为 LT、direct、energy；	derived-checked	rewritten	research/operator_space.md#os-spectrum-proof	C135-v1	闭乘积预算块及紧步长参数下的谱/闭投影已规范证明；逐类别门保留	LT/direct/energy各自原生闭性和证书耗尽仍未证
OI-U459	history/sources/次单调论文研究/分类集研究/RLEB_LT_operator_space_research_asset_v1/RLEB_LT_operator_space_research_asset_v1/01_CANONICAL_HANDOFF/mathematician_handoff/04_research_ideas.md	484	484	LF484-484	conditional-tool	完整原图、共同锚点/域口径均不变。	derived-checked	rewritten	research/operator_space.md#os-spectrum-proof	C135-v1	闭乘积预算块及紧步长参数下的谱/闭投影已规范证明；逐类别门保留	LT/direct/energy各自原生闭性和证书耗尽仍未证
OI-U460	history/sources/次单调论文研究/分类集研究/RLEB_LT_operator_space_research_asset_v1/RLEB_LT_operator_space_research_asset_v1/01_CANONICAL_HANDOFF/mathematician_handoff/04_research_ideas.md	484	484	LF484-484	conditional-tool	每个 \(\Sigma_{C,j}(G)\) 为紧集或空集。	derived-checked	rewritten	research/operator_space.md#os-spectrum-proof	C135-v1	闭乘积预算块及紧步长参数下的谱/闭投影已规范证明；逐类别门保留	LT/direct/energy各自原生闭性和证书耗尽仍未证
OI-U461	history/sources/次单调论文研究/分类集研究/RLEB_LT_operator_space_research_asset_v1/RLEB_LT_operator_space_research_asset_v1/01_CANONICAL_HANDOFF/mathematician_handoff/04_research_ideas.md	485	485	LF485-485	organization	空行/排版分隔	nonmathematical	nonmathematical	research/canonical/operator_space_construction_frontier.md#ocf-g		标题/排版/来源优先级；没有独立数学真值	无本单元数学义务；不关闭邻接断言
OI-U462	history/sources/次单调论文研究/分类集研究/RLEB_LT_operator_space_research_asset_v1/RLEB_LT_operator_space_research_asset_v1/01_CANONICAL_HANDOFF/mathematician_handoff/04_research_ideas.md	486	486	LF486-486	organization	### G.2 首个 lemma	nonmathematical	nonmathematical	research/canonical/operator_space_construction_frontier.md#ocf-g		标题/排版/来源优先级；没有独立数学真值	无本单元数学义务；不关闭邻接断言
OI-U463	history/sources/次单调论文研究/分类集研究/RLEB_LT_operator_space_research_asset_v1/RLEB_LT_operator_space_research_asset_v1/01_CANONICAL_HANDOFF/mathematician_handoff/04_research_ideas.md	487	487	LF487-487	organization	空行/排版分隔	nonmathematical	nonmathematical	research/canonical/operator_space_construction_frontier.md#ocf-g		标题/排版/来源优先级；没有独立数学真值	无本单元数学义务；不关闭邻接断言
OI-U464	history/sources/次单调论文研究/分类集研究/RLEB_LT_operator_space_research_asset_v1/RLEB_LT_operator_space_research_asset_v1/01_CANONICAL_HANDOFF/mathematician_handoff/04_research_ideas.md	488	488	LF488-488	conditional-tool	对每个固定预算块，证明 \(G\mapsto\Sigma_{C,j}(G)\) 上半连续；	open	rewritten	research/operator_space.md#os-spectrum-proof	C135-v1	上半连续已有条件证明；同一句下半连续目标另保持open	实际预算块闭性、下半连续及鲁棒窗须独立认证
OI-U465	history/sources/次单调论文研究/分类集研究/RLEB_LT_operator_space_research_asset_v1/RLEB_LT_operator_space_research_asset_v1/01_CANONICAL_HANDOFF/mathematician_handoff/04_research_ideas.md	488	488	LF488-488	conditional-tool	闭联合图加紧步长参数已给出这一基本方向。	open	rewritten	research/operator_space.md#os-spectrum-proof	C135-v1	上半连续已有条件证明；同一句下半连续目标另保持open	实际预算块闭性、下半连续及鲁棒窗须独立认证
OI-U466	history/sources/次单调论文研究/分类集研究/RLEB_LT_operator_space_research_asset_v1/RLEB_LT_operator_space_research_asset_v1/01_CANONICAL_HANDOFF/mathematician_handoff/04_research_ideas.md	488	488	LF488-488	conditional-tool	进一步研究何时有下半连续性，即可用步长不会在小对象改变后整体消失。	open	rewritten	research/operator_space.md#os-spectrum-proof	C135-v1	上半连续已有条件证明；同一句下半连续目标另保持open	实际预算块闭性、下半连续及鲁棒窗须独立认证
OI-U467	history/sources/次单调论文研究/分类集研究/RLEB_LT_operator_space_research_asset_v1/RLEB_LT_operator_space_research_asset_v1/01_CANONICAL_HANDOFF/mathematician_handoff/04_research_ideas.md	489	489	LF489-489	organization	空行/排版分隔	nonmathematical	nonmathematical	research/canonical/operator_space_construction_frontier.md#ocf-g		标题/排版/来源优先级；没有独立数学真值	无本单元数学义务；不关闭邻接断言
OI-U468	history/sources/次单调论文研究/分类集研究/RLEB_LT_operator_space_research_asset_v1/RLEB_LT_operator_space_research_asset_v1/01_CANONICAL_HANDOFF/mathematician_handoff/04_research_ideas.md	490	490	LF490-490	scope-contract	若在一个中立结构层上得到 hyperspace 连续性甚至 category-preserving 性，就能比较	open	rewritten	research/canonical/operator_space_construction_frontier.md#ocf-g		将该具体构造/范围义务重写为规范开放接口；不声称成功目标或失败条件已经实现	该路线答案仍open；逐项构造同对象、同拓扑、同预算的桥，不以来源任务标题或定理名称升级
OI-U469	history/sources/次单调论文研究/分类集研究/RLEB_LT_operator_space_research_asset_v1/RLEB_LT_operator_space_research_asset_v1/01_CANONICAL_HANDOFF/mathematician_handoff/04_research_ideas.md	491	491	LF491-491	organization	空行/排版分隔	nonmathematical	nonmathematical	research/canonical/operator_space_construction_frontier.md#ocf-g		标题/排版/来源优先级；没有独立数学真值	无本单元数学义务；不关闭邻接断言
OI-U470	history/sources/次单调论文研究/分类集研究/RLEB_LT_operator_space_research_asset_v1/RLEB_LT_operator_space_research_asset_v1/01_CANONICAL_HANDOFF/mathematician_handoff/04_research_ideas.md	492	497	LF492-497	scope-contract	\[ \Sigma_{ [source-CR] m LT}(G)\subseteq\Sigma_{ [source-CR] m RLEB}(G), \qquad \Sigma_{ [source-CR] m RLEB}(G)\setminus\Sigma_{ [source-CR] m LT}(G), \tag{G2} \]	open	rewritten	research/canonical/operator_space_construction_frontier.md#ocf-g		将该具体构造/范围义务重写为规范开放接口；不声称成功目标或失败条件已经实现	该路线答案仍open；逐项构造同对象、同拓扑、同预算的桥，不以来源任务标题或定理名称升级
OI-U471	history/sources/次单调论文研究/分类集研究/RLEB_LT_operator_space_research_asset_v1/RLEB_LT_operator_space_research_asset_v1/01_CANONICAL_HANDOFF/mathematician_handoff/04_research_ideas.md	498	498	LF498-498	organization	空行/排版分隔	nonmathematical	nonmathematical	research/canonical/operator_space_construction_frontier.md#ocf-g		标题/排版/来源优先级；没有独立数学真值	无本单元数学义务；不关闭邻接断言
OI-U472	history/sources/次单调论文研究/分类集研究/RLEB_LT_operator_space_research_asset_v1/RLEB_LT_operator_space_research_asset_v1/01_CANONICAL_HANDOFF/mathematician_handoff/04_research_ideas.md	499	499	LF499-499	scope-contract	的区间、孤点、Cantor 部分、鲁棒窗口等，而不只统计“是否存在某一步长”。	open	rewritten	research/canonical/operator_space_construction_frontier.md#ocf-g		将该具体构造/范围义务重写为规范开放接口；不声称成功目标或失败条件已经实现	该路线答案仍open；逐项构造同对象、同拓扑、同预算的桥，不以来源任务标题或定理名称升级
OI-U473	history/sources/次单调论文研究/分类集研究/RLEB_LT_operator_space_research_asset_v1/RLEB_LT_operator_space_research_asset_v1/01_CANONICAL_HANDOFF/mathematician_handoff/04_research_ideas.md	500	500	LF500-500	organization	空行/排版分隔	nonmathematical	nonmathematical	research/canonical/operator_space_construction_frontier.md#ocf-g		标题/排版/来源优先级；没有独立数学真值	无本单元数学义务；不关闭邻接断言
OI-U474	history/sources/次单调论文研究/分类集研究/RLEB_LT_operator_space_research_asset_v1/RLEB_LT_operator_space_research_asset_v1/01_CANONICAL_HANDOFF/mathematician_handoff/04_research_ideas.md	501	501	LF501-501	organization	### G.3 描述集合分支	nonmathematical	nonmathematical	research/canonical/operator_space_construction_frontier.md#ocf-g		标题/排版/来源优先级；没有独立数学真值	无本单元数学义务；不关闭邻接断言
OI-U475	history/sources/次单调论文研究/分类集研究/RLEB_LT_operator_space_research_asset_v1/RLEB_LT_operator_space_research_asset_v1/01_CANONICAL_HANDOFF/mathematician_handoff/04_research_ideas.md	502	502	LF502-502	organization	空行/排版分隔	nonmathematical	nonmathematical	research/canonical/operator_space_construction_frontier.md#ocf-g		标题/排版/来源优先级；没有独立数学真值	无本单元数学义务；不关闭邻接断言
OI-U476	history/sources/次单调论文研究/分类集研究/RLEB_LT_operator_space_research_asset_v1/RLEB_LT_operator_space_research_asset_v1/01_CANONICAL_HANDOFF/mathematician_handoff/04_research_ideas.md	503	503	LF503-503	descriptive-set-proposal	若总体 Baire 分类仍卡住，可独立问认证存在性谓词的 Borel 上界是否尖锐。	source-report	deferred	research/canonical/operator_space_construction_frontier.md#ocf-g		标准Σ02基础接口与同母空间连续reduction未完整重建；复杂度不当大小	准确标准完全集/定理和连续同对象编码；完备可度量与Gδ转接需声明基底Polish
OI-U477	history/sources/次单调论文研究/分类集研究/RLEB_LT_operator_space_research_asset_v1/RLEB_LT_operator_space_research_asset_v1/01_CANONICAL_HANDOFF/mathematician_handoff/04_research_ideas.md	503	503	LF503-503	descriptive-set-proposal	具体首攻是构造一个连续 reduction，例如从 Cantor 空间中“最终为零”的标准 \(\Sigma^0_2\)-完全集合，编码到同一个中立 PPA 层中的 LT 或 RLEB 认证谓词。	source-report	deferred	research/canonical/operator_space_construction_frontier.md#ocf-g		标准Σ02基础接口与同母空间连续reduction未完整重建；复杂度不当大小	准确标准完全集/定理和连续同对象编码；完备可度量与Gδ转接需声明基底Polish
OI-U478	history/sources/次单调论文研究/分类集研究/RLEB_LT_operator_space_research_asset_v1/RLEB_LT_operator_space_research_asset_v1/01_CANONICAL_HANDOFF/mathematician_handoff/04_research_ideas.md	504	504	LF504-504	organization	空行/排版分隔	nonmathematical	nonmathematical	research/canonical/operator_space_construction_frontier.md#ocf-g		标题/排版/来源优先级；没有独立数学真值	无本单元数学义务；不关闭邻接断言
OI-U479	history/sources/次单调论文研究/分类集研究/RLEB_LT_operator_space_research_asset_v1/RLEB_LT_operator_space_research_asset_v1/01_CANONICAL_HANDOFF/mathematician_handoff/04_research_ideas.md	505	505	LF505-505	descriptive-set-proposal	成功的 \(\Sigma^0_2\)-完全性说明原相对拓扑下该类不可能是 \(G_\delta\)，因此不能直接完全可度量化；	source-report	deferred	research/canonical/operator_space_construction_frontier.md#ocf-g		标准Σ02基础接口与同母空间连续reduction未完整重建；复杂度不当大小	准确标准完全集/定理和连续同对象编码；完备可度量与Gδ转接需声明基底Polish
OI-U480	history/sources/次单调论文研究/分类集研究/RLEB_LT_operator_space_research_asset_v1/RLEB_LT_operator_space_research_asset_v1/01_CANONICAL_HANDOFF/mathematician_handoff/04_research_ideas.md	505	505	LF505-505	descriptive-set-proposal	它不意味着该类必第一纲，更不意味着另一个类大。	source-report	deferred	research/canonical/operator_space_construction_frontier.md#ocf-g		标准Σ02基础接口与同母空间连续reduction未完整重建；复杂度不当大小	准确标准完全集/定理和连续同对象编码；完备可度量与Gδ转接需声明基底Polish
OI-U481	history/sources/次单调论文研究/分类集研究/RLEB_LT_operator_space_research_asset_v1/RLEB_LT_operator_space_research_asset_v1/01_CANONICAL_HANDOFF/mathematician_handoff/04_research_ideas.md	505	505	LF505-505	descriptive-set-proposal	复杂度比较和大小比较必须分开。	source-report	deferred	research/canonical/operator_space_construction_frontier.md#ocf-g		标准Σ02基础接口与同母空间连续reduction未完整重建；复杂度不当大小	准确标准完全集/定理和连续同对象编码；完备可度量与Gδ转接需声明基底Polish
OI-U482	history/sources/次单调论文研究/分类集研究/RLEB_LT_operator_space_research_asset_v1/RLEB_LT_operator_space_research_asset_v1/01_CANONICAL_HANDOFF/mathematician_handoff/04_research_ideas.md	506	506	LF506-506	organization	空行/排版分隔	nonmathematical	nonmathematical	research/canonical/operator_space_construction_frontier.md#ocf-g		标题/排版/来源优先级；没有独立数学真值	无本单元数学义务；不关闭邻接断言
OI-U483	history/sources/次单调论文研究/分类集研究/RLEB_LT_operator_space_research_asset_v1/RLEB_LT_operator_space_research_asset_v1/01_CANONICAL_HANDOFF/mathematician_handoff/04_research_ideas.md	507	507	LF507-507	organization	### G.4 成败解释	nonmathematical	nonmathematical	research/canonical/operator_space_construction_frontier.md#ocf-g		标题/排版/来源优先级；没有独立数学真值	无本单元数学义务；不关闭邻接断言
OI-U484	history/sources/次单调论文研究/分类集研究/RLEB_LT_operator_space_research_asset_v1/RLEB_LT_operator_space_research_asset_v1/01_CANONICAL_HANDOFF/mathematician_handoff/04_research_ideas.md	508	508	LF508-508	organization	空行/排版分隔	nonmathematical	nonmathematical	research/canonical/operator_space_construction_frontier.md#ocf-g		标题/排版/来源优先级；没有独立数学真值	无本单元数学义务；不关闭邻接断言
OI-U485	history/sources/次单调论文研究/分类集研究/RLEB_LT_operator_space_research_asset_v1/RLEB_LT_operator_space_research_asset_v1/01_CANONICAL_HANDOFF/mathematician_handoff/04_research_ideas.md	509	509	LF509-509	method-proposal	- 工具：紧集 hyperspace、闭图多值映射、Borel/Wadge reduction；	open	rewritten	research/canonical/operator_space_construction_frontier.md#ocf-g		工具清单是研究种子，不作为未核定理导入或成功证据	该路线答案仍open；逐项构造同对象、同拓扑、同预算的桥，不以来源任务标题或定理名称升级
OI-U486	history/sources/次单调论文研究/分类集研究/RLEB_LT_operator_space_research_asset_v1/RLEB_LT_operator_space_research_asset_v1/01_CANONICAL_HANDOFF/mathematician_handoff/04_research_ideas.md	509	509	LF509-509	scope-contract	不用有理步长化。	open	rewritten	research/canonical/operator_space_construction_frontier.md#ocf-g		将该具体构造/范围义务重写为规范开放接口；不声称成功目标或失败条件已经实现	该路线答案仍open；逐项构造同对象、同拓扑、同预算的桥，不以来源任务标题或定理名称升级
OI-U487	history/sources/次单调论文研究/分类集研究/RLEB_LT_operator_space_research_asset_v1/RLEB_LT_operator_space_research_asset_v1/01_CANONICAL_HANDOFF/mathematician_handoff/04_research_ideas.md	510	510	LF510-510	scope-contract	- 成功定理：得到同一算子的认证谱比较、鲁棒窗口分层，或认证问题的精确描述复杂度。	open	rewritten	research/canonical/operator_space_construction_frontier.md#ocf-g		将该具体构造/范围义务重写为规范开放接口；不声称成功目标或失败条件已经实现	该路线答案仍open；逐项构造同对象、同拓扑、同预算的桥，不以来源任务标题或定理名称升级
OI-U488	history/sources/次单调论文研究/分类集研究/RLEB_LT_operator_space_research_asset_v1/RLEB_LT_operator_space_research_asset_v1/01_CANONICAL_HANDOFF/mathematician_handoff/04_research_ideas.md	511	511	LF511-511	scope-contract	- 失败反定理：即便基本单步轨道很稳定，认证谱仍缺下半连续性；	open	rewritten	research/canonical/operator_space_construction_frontier.md#ocf-g		将该具体构造/范围义务重写为规范开放接口；不声称成功目标或失败条件已经实现	该路线答案仍open；逐项构造同对象、同拓扑、同预算的桥，不以来源任务标题或定理名称升级
OI-U489	history/sources/次单调论文研究/分类集研究/RLEB_LT_operator_space_research_asset_v1/RLEB_LT_operator_space_research_asset_v1/01_CANONICAL_HANDOFF/mathematician_handoff/04_research_ideas.md	511	511	LF511-511	scope-contract	说明“存在步长”的投影对分类有固有不稳定性。	open	rewritten	research/canonical/operator_space_construction_frontier.md#ocf-g		将该具体构造/范围义务重写为规范开放接口；不声称成功目标或失败条件已经实现	该路线答案仍open；逐项构造同对象、同拓扑、同预算的桥，不以来源任务标题或定理名称升级
OI-U490	history/sources/次单调论文研究/分类集研究/RLEB_LT_operator_space_research_asset_v1/RLEB_LT_operator_space_research_asset_v1/01_CANONICAL_HANDOFF/mathematician_handoff/04_research_ideas.md	512	512	LF512-512	organization	- 风险：中高；	nonmathematical	nonmathematical	research/canonical/operator_space_construction_frontier.md#ocf-g		标题/排版/来源优先级；没有独立数学真值	无本单元数学义务；不关闭邻接断言
OI-U491	history/sources/次单调论文研究/分类集研究/RLEB_LT_operator_space_research_asset_v1/RLEB_LT_operator_space_research_asset_v1/01_CANONICAL_HANDOFF/mathematician_handoff/04_research_ideas.md	512	512	LF512-512	scope-contract	这是一条可独立成文的结构方向，但不能替代用户最初的类大小问题。	open	rewritten	research/canonical/operator_space_construction_frontier.md#ocf-g		将该具体构造/范围义务重写为规范开放接口；不声称成功目标或失败条件已经实现	该路线答案仍open；逐项构造同对象、同拓扑、同预算的桥，不以来源任务标题或定理名称升级
OI-U492	history/sources/次单调论文研究/分类集研究/RLEB_LT_operator_space_research_asset_v1/RLEB_LT_operator_space_research_asset_v1/01_CANONICAL_HANDOFF/mathematician_handoff/04_research_ideas.md	513	513	LF513-513	organization	空行/排版分隔	nonmathematical	nonmathematical	research/canonical/operator_space_construction_frontier.md#ocf-g		标题/排版/来源优先级；没有独立数学真值	无本单元数学义务；不关闭邻接断言
OI-U493	history/sources/次单调论文研究/分类集研究/RLEB_LT_operator_space_research_asset_v1/RLEB_LT_operator_space_research_asset_v1/01_CANONICAL_HANDOFF/mathematician_handoff/04_research_ideas.md	514	514	LF514-514	organization	## 8. 路线 H：在共同第一纲之后比较相对孔隙	nonmathematical	nonmathematical	research/canonical/operator_space_construction_frontier.md#ocf-h		标题/排版/来源优先级；没有独立数学真值	无本单元数学义务；不关闭邻接断言
OI-U494	history/sources/次单调论文研究/分类集研究/RLEB_LT_operator_space_research_asset_v1/RLEB_LT_operator_space_research_asset_v1/01_CANONICAL_HANDOFF/mathematician_handoff/04_research_ideas.md	515	515	LF515-515	organization	空行/排版分隔	nonmathematical	nonmathematical	research/canonical/operator_space_construction_frontier.md#ocf-h		标题/排版/来源优先级；没有独立数学真值	无本单元数学义务；不关闭邻接断言
OI-U495	history/sources/次单调论文研究/分类集研究/RLEB_LT_operator_space_research_asset_v1/RLEB_LT_operator_space_research_asset_v1/01_CANONICAL_HANDOFF/mathematician_handoff/04_research_ideas.md	516	516	LF516-516	organization	### H.1 核心 idea	nonmathematical	nonmathematical	research/canonical/operator_space_construction_frontier.md#ocf-h		标题/排版/来源优先级；没有独立数学真值	无本单元数学义务；不关闭邻接断言
OI-U496	history/sources/次单调论文研究/分类集研究/RLEB_LT_operator_space_research_asset_v1/RLEB_LT_operator_space_research_asset_v1/01_CANONICAL_HANDOFF/mathematician_handoff/04_research_ideas.md	517	517	LF517-517	organization	空行/排版分隔	nonmathematical	nonmathematical	research/canonical/operator_space_construction_frontier.md#ocf-h		标题/排版/来源优先级；没有独立数学真值	无本单元数学义务；不关闭邻接断言
OI-U497	history/sources/次单调论文研究/分类集研究/RLEB_LT_operator_space_research_asset_v1/RLEB_LT_operator_space_research_asset_v1/01_CANONICAL_HANDOFF/mathematician_handoff/04_research_ideas.md	518	518	LF518-518	scope-contract	若两个认证类在大的中立空间里都第一纲，这个标签确实太粗。	open	rewritten	research/canonical/operator_space_construction_frontier.md#ocf-h		将该具体构造/范围义务重写为规范开放接口；不声称成功目标或失败条件已经实现	该路线答案仍open；逐项构造同对象、同拓扑、同预算的桥，不以来源任务标题或定理名称升级
OI-U498	history/sources/次单调论文研究/分类集研究/RLEB_LT_operator_space_research_asset_v1/RLEB_LT_operator_space_research_asset_v1/01_CANONICAL_HANDOFF/mathematician_handoff/04_research_ideas.md	518	518	LF518-518	scope-contract	可以问 LT 是否由具有定量孔隙的层覆盖，而 RLEB 是否占据这些孔隙的一个有意义部分。	open	rewritten	research/canonical/operator_space_construction_frontier.md#ocf-h		将该具体构造/范围义务重写为规范开放接口；不声称成功目标或失败条件已经实现	该路线答案仍open；逐项构造同对象、同拓扑、同预算的桥，不以来源任务标题或定理名称升级
OI-U499	history/sources/次单调论文研究/分类集研究/RLEB_LT_operator_space_research_asset_v1/RLEB_LT_operator_space_research_asset_v1/01_CANONICAL_HANDOFF/mathematician_handoff/04_research_ideas.md	519	519	LF519-519	organization	空行/排版分隔	nonmathematical	nonmathematical	research/canonical/operator_space_construction_frontier.md#ocf-h		标题/排版/来源优先级；没有独立数学真值	无本单元数学义务；不关闭邻接断言
OI-U500	history/sources/次单调论文研究/分类集研究/RLEB_LT_operator_space_research_asset_v1/RLEB_LT_operator_space_research_asset_v1/01_CANONICAL_HANDOFF/mathematician_handoff/04_research_ideas.md	520	520	LF520-520	metric-invariance-report	必须先固定对象侧度量。	source-report	deferred	research/canonical/operator_space_construction_frontier.md#ocf-h		σ-porosity双Lipschitz传递需准确upper/lower定义和常数；本源仅一句报告	独立重证指定尺度量词下的双Lipschitz孔隙传递，不能靠同拓扑替代
OI-U501	history/sources/次单调论文研究/分类集研究/RLEB_LT_operator_space_research_asset_v1/RLEB_LT_operator_space_research_asset_v1/01_CANONICAL_HANDOFF/mathematician_handoff/04_research_ideas.md	520	520	LF520-520	metric-invariance-report	σ-porosity 对双 Lipschitz 等价稳定，但不是任意改变拓扑度量后仍有同样定量内容；	source-report	deferred	research/canonical/operator_space_construction_frontier.md#ocf-h		σ-porosity双Lipschitz传递需准确upper/lower定义和常数；本源仅一句报告	独立重证指定尺度量词下的双Lipschitz孔隙传递，不能靠同拓扑替代
OI-U502	history/sources/次单调论文研究/分类集研究/RLEB_LT_operator_space_research_asset_v1/RLEB_LT_operator_space_research_asset_v1/01_CANONICAL_HANDOFF/mathematician_handoff/04_research_ideas.md	520	520	LF520-520	metric-invariance-report	因此不能为结论挑度量。	source-report	deferred	research/canonical/operator_space_construction_frontier.md#ocf-h		σ-porosity双Lipschitz传递需准确upper/lower定义和常数；本源仅一句报告	独立重证指定尺度量词下的双Lipschitz孔隙传递，不能靠同拓扑替代
OI-U503	history/sources/次单调论文研究/分类集研究/RLEB_LT_operator_space_research_asset_v1/RLEB_LT_operator_space_research_asset_v1/01_CANONICAL_HANDOFF/mathematician_handoff/04_research_ideas.md	521	521	LF521-521	organization	空行/排版分隔	nonmathematical	nonmathematical	research/canonical/operator_space_construction_frontier.md#ocf-h		标题/排版/来源优先级；没有独立数学真值	无本单元数学义务；不关闭邻接断言
OI-U504	history/sources/次单调论文研究/分类集研究/RLEB_LT_operator_space_research_asset_v1/RLEB_LT_operator_space_research_asset_v1/01_CANONICAL_HANDOFF/mathematician_handoff/04_research_ideas.md	522	522	LF522-522	organization	### H.2 首个 lemma：定量逃逸半径	nonmathematical	nonmathematical	research/canonical/operator_space_construction_frontier.md#ocf-h		标题/排版/来源优先级；没有独立数学真值	无本单元数学义务；不关闭邻接断言
OI-U505	history/sources/次单调论文研究/分类集研究/RLEB_LT_operator_space_research_asset_v1/RLEB_LT_operator_space_research_asset_v1/01_CANONICAL_HANDOFF/mathematician_handoff/04_research_ideas.md	523	523	LF523-523	organization	空行/排版分隔	nonmathematical	nonmathematical	research/canonical/operator_space_construction_frontier.md#ocf-h		标题/排版/来源优先级；没有独立数学真值	无本单元数学义务；不关闭邻接断言
OI-U506	history/sources/次单调论文研究/分类集研究/RLEB_LT_operator_space_research_asset_v1/RLEB_LT_operator_space_research_asset_v1/01_CANONICAL_HANDOFF/mathematician_handoff/04_research_ideas.md	524	524	LF524-524	conditional-tool	对固定有界 LT 层，若其必要条件为	derived-checked	rewritten	research/canonical/operator_profile_tools.md#op-hole	C168-v1	固定一致映射空间的三角稳定性与相对孔球包含条件已完整重建	全中心/全小尺度同完整对象构造和统一LT必要常数仍待证
OI-U507	history/sources/次单调论文研究/分类集研究/RLEB_LT_operator_space_research_asset_v1/RLEB_LT_operator_space_research_asset_v1/01_CANONICAL_HANDOFF/mathematician_handoff/04_research_ideas.md	525	525	LF525-525	organization	空行/排版分隔	nonmathematical	nonmathematical	research/canonical/operator_space_construction_frontier.md#ocf-h		标题/排版/来源优先级；没有独立数学真值	无本单元数学义务；不关闭邻接断言
OI-U508	history/sources/次单调论文研究/分类集研究/RLEB_LT_operator_space_research_asset_v1/RLEB_LT_operator_space_research_asset_v1/01_CANONICAL_HANDOFF/mathematician_handoff/04_research_ideas.md	526	529	LF526-529	conditional-tool	\[ \|Tx-x\|\le M d(x,S), \tag{H1} \]	derived-checked	rewritten	research/canonical/operator_profile_tools.md#op-hole	C168-v1	固定一致映射空间的三角稳定性与相对孔球包含条件已完整重建	全中心/全小尺度同完整对象构造和统一LT必要常数仍待证
OI-U509	history/sources/次单调论文研究/分类集研究/RLEB_LT_operator_space_research_asset_v1/RLEB_LT_operator_space_research_asset_v1/01_CANONICAL_HANDOFF/mathematician_handoff/04_research_ideas.md	530	530	LF530-530	organization	空行/排版分隔	nonmathematical	nonmathematical	research/canonical/operator_space_construction_frontier.md#ocf-h		标题/排版/来源优先级；没有独立数学真值	无本单元数学义务；不关闭邻接断言
OI-U510	history/sources/次单调论文研究/分类集研究/RLEB_LT_operator_space_research_asset_v1/RLEB_LT_operator_space_research_asset_v1/01_CANONICAL_HANDOFF/mathematician_handoff/04_research_ideas.md	531	531	LF531-531	conditional-tool	并构造 \(U\) 与见证 \(x\) 满足	derived-checked	rewritten	research/canonical/operator_profile_tools.md#op-hole	C168-v1	固定一致映射空间的三角稳定性与相对孔球包含条件已完整重建	全中心/全小尺度同完整对象构造和统一LT必要常数仍待证
OI-U511	history/sources/次单调论文研究/分类集研究/RLEB_LT_operator_space_research_asset_v1/RLEB_LT_operator_space_research_asset_v1/01_CANONICAL_HANDOFF/mathematician_handoff/04_research_ideas.md	532	532	LF532-532	organization	空行/排版分隔	nonmathematical	nonmathematical	research/canonical/operator_space_construction_frontier.md#ocf-h		标题/排版/来源优先级；没有独立数学真值	无本单元数学义务；不关闭邻接断言
OI-U512	history/sources/次单调论文研究/分类集研究/RLEB_LT_operator_space_research_asset_v1/RLEB_LT_operator_space_research_asset_v1/01_CANONICAL_HANDOFF/mathematician_handoff/04_research_ideas.md	533	536	LF533-536	conditional-tool	\[ \|Ux-x\|\ge M d(x,S)+a, \tag{H2} \]	derived-checked	rewritten	research/canonical/operator_profile_tools.md#op-hole	C168-v1	固定一致映射空间的三角稳定性与相对孔球包含条件已完整重建	全中心/全小尺度同完整对象构造和统一LT必要常数仍待证
OI-U513	history/sources/次单调论文研究/分类集研究/RLEB_LT_operator_space_research_asset_v1/RLEB_LT_operator_space_research_asset_v1/01_CANONICAL_HANDOFF/mathematician_handoff/04_research_ideas.md	537	537	LF537-537	organization	空行/排版分隔	nonmathematical	nonmathematical	research/canonical/operator_space_construction_frontier.md#ocf-h		标题/排版/来源优先级；没有独立数学真值	无本单元数学义务；不关闭邻接断言
OI-U514	history/sources/次单调论文研究/分类集研究/RLEB_LT_operator_space_research_asset_v1/RLEB_LT_operator_space_research_asset_v1/01_CANONICAL_HANDOFF/mathematician_handoff/04_research_ideas.md	538	538	LF538-538	conditional-tool	则任何 \(\|V-U\|_\infty<a/2\) 的映射也越出该必要层。	derived-checked	rewritten	research/canonical/operator_profile_tools.md#op-hole	C168-v1	固定一致映射空间的三角稳定性与相对孔球包含条件已完整重建	全中心/全小尺度同完整对象构造和统一LT必要常数仍待证
OI-U515	history/sources/次单调论文研究/分类集研究/RLEB_LT_operator_space_research_asset_v1/RLEB_LT_operator_space_research_asset_v1/01_CANONICAL_HANDOFF/mathematician_handoff/04_research_ideas.md	538	538	LF538-538	conditional-tool	要得到相对孔隙，必须进一步在任意半径 \(r\) 的母空间球中找到这样的 \(U\)，同时 \(a\ge c r\)，且所有对象仍留在同一个完整域/实际尾分母。	derived-checked	rewritten	research/canonical/operator_profile_tools.md#op-hole	C168-v1	固定一致映射空间的三角稳定性与相对孔球包含条件已完整重建	全中心/全小尺度同完整对象构造和统一LT必要常数仍待证
OI-U516	history/sources/次单调论文研究/分类集研究/RLEB_LT_operator_space_research_asset_v1/RLEB_LT_operator_space_research_asset_v1/01_CANONICAL_HANDOFF/mathematician_handoff/04_research_ideas.md	539	539	LF539-539	organization	空行/排版分隔	nonmathematical	nonmathematical	research/canonical/operator_space_construction_frontier.md#ocf-h		标题/排版/来源优先级；没有独立数学真值	无本单元数学义务；不关闭邻接断言
OI-U517	history/sources/次单调论文研究/分类集研究/RLEB_LT_operator_space_research_asset_v1/RLEB_LT_operator_space_research_asset_v1/01_CANONICAL_HANDOFF/mathematician_handoff/04_research_ideas.md	540	540	LF540-540	conditional-tool	这比“附近存在一个越界点”强得多，也比单纯第一纲提供了定量差异。	derived-checked	rewritten	research/canonical/operator_profile_tools.md#op-hole	C168-v1	固定一致映射空间的三角稳定性与相对孔球包含条件已完整重建	全中心/全小尺度同完整对象构造和统一LT必要常数仍待证
OI-U518	history/sources/次单调论文研究/分类集研究/RLEB_LT_operator_space_research_asset_v1/RLEB_LT_operator_space_research_asset_v1/01_CANONICAL_HANDOFF/mathematician_handoff/04_research_ideas.md	540	540	LF540-540	conditional-tool	对于任意步长 LT，应先用紧步长—有界证书块推出统一 \(M\)，不可只排固定步长。	derived-checked	rewritten	research/canonical/operator_profile_tools.md#op-hole	C168-v1	固定一致映射空间的三角稳定性与相对孔球包含条件已完整重建	全中心/全小尺度同完整对象构造和统一LT必要常数仍待证
OI-U519	history/sources/次单调论文研究/分类集研究/RLEB_LT_operator_space_research_asset_v1/RLEB_LT_operator_space_research_asset_v1/01_CANONICAL_HANDOFF/mathematician_handoff/04_research_ideas.md	541	541	LF541-541	organization	空行/排版分隔	nonmathematical	nonmathematical	research/canonical/operator_space_construction_frontier.md#ocf-h		标题/排版/来源优先级；没有独立数学真值	无本单元数学义务；不关闭邻接断言
OI-U520	history/sources/次单调论文研究/分类集研究/RLEB_LT_operator_space_research_asset_v1/RLEB_LT_operator_space_research_asset_v1/01_CANONICAL_HANDOFF/mathematician_handoff/04_research_ideas.md	542	542	LF542-542	organization	### H.3 成败解释	nonmathematical	nonmathematical	research/canonical/operator_space_construction_frontier.md#ocf-h		标题/排版/来源优先级；没有独立数学真值	无本单元数学义务；不关闭邻接断言
OI-U521	history/sources/次单调论文研究/分类集研究/RLEB_LT_operator_space_research_asset_v1/RLEB_LT_operator_space_research_asset_v1/01_CANONICAL_HANDOFF/mathematician_handoff/04_research_ideas.md	543	543	LF543-543	organization	空行/排版分隔	nonmathematical	nonmathematical	research/canonical/operator_space_construction_frontier.md#ocf-h		标题/排版/来源优先级；没有独立数学真值	无本单元数学义务；不关闭邻接断言
OI-U522	history/sources/次单调论文研究/分类集研究/RLEB_LT_operator_space_research_asset_v1/RLEB_LT_operator_space_research_asset_v1/01_CANONICAL_HANDOFF/mathematician_handoff/04_research_ideas.md	544	544	LF544-544	method-proposal	- 工具：已有非扩张函数空间中的 σ-porosity 证明模板；	open	rewritten	research/canonical/operator_space_construction_frontier.md#ocf-h		工具清单是研究种子，不作为未核定理导入或成功证据	该路线答案仍open；逐项构造同对象、同拓扑、同预算的桥，不以来源任务标题或定理名称升级
OI-U523	history/sources/次单调论文研究/分类集研究/RLEB_LT_operator_space_research_asset_v1/RLEB_LT_operator_space_research_asset_v1/01_CANONICAL_HANDOFF/mathematician_handoff/04_research_ideas.md	544	544	LF544-544	scope-contract	真正新点仍是对象级的同尾、全纤维闭合。	open	rewritten	research/canonical/operator_space_construction_frontier.md#ocf-h		将该具体构造/范围义务重写为规范开放接口；不声称成功目标或失败条件已经实现	该路线答案仍open；逐项构造同对象、同拓扑、同预算的桥，不以来源任务标题或定理名称升级
OI-U524	history/sources/次单调论文研究/分类集研究/RLEB_LT_operator_space_research_asset_v1/RLEB_LT_operator_space_research_asset_v1/01_CANONICAL_HANDOFF/mathematician_handoff/04_research_ideas.md	545	545	LF545-545	scope-contract	- 成功定理：有界 LT 块在中立指定区域或经过明确说明的 RLEB Baire 核心中统一 porous，同时说明新增 RLEB 对象如何占据这些孔隙。	open	rewritten	research/canonical/operator_space_construction_frontier.md#ocf-h		将该具体构造/范围义务重写为规范开放接口；不声称成功目标或失败条件已经实现	该路线答案仍open；逐项构造同对象、同拓扑、同预算的桥，不以来源任务标题或定理名称升级
OI-U525	history/sources/次单调论文研究/分类集研究/RLEB_LT_operator_space_research_asset_v1/RLEB_LT_operator_space_research_asset_v1/01_CANONICAL_HANDOFF/mathematician_handoff/04_research_ideas.md	546	546	LF546-546	scope-contract	- 失败反定理：只能造出比 \(r\) 小得多的孔洞，或必须损失尾预算，说明第一纲差异缺少鲁棒尺度优势。	open	rewritten	research/canonical/operator_space_construction_frontier.md#ocf-h		将该具体构造/范围义务重写为规范开放接口；不声称成功目标或失败条件已经实现	该路线答案仍open；逐项构造同对象、同拓扑、同预算的桥，不以来源任务标题或定理名称升级
OI-U526	history/sources/次单调论文研究/分类集研究/RLEB_LT_operator_space_research_asset_v1/RLEB_LT_operator_space_research_asset_v1/01_CANONICAL_HANDOFF/mathematician_handoff/04_research_ideas.md	547	547	LF547-547	organization	- 风险：高；	nonmathematical	nonmathematical	research/canonical/operator_space_construction_frontier.md#ocf-h		标题/排版/来源优先级；没有独立数学真值	无本单元数学义务；不关闭邻接断言
OI-U527	history/sources/次单调论文研究/分类集研究/RLEB_LT_operator_space_research_asset_v1/RLEB_LT_operator_space_research_asset_v1/01_CANONICAL_HANDOFF/mathematician_handoff/04_research_ideas.md	547	547	LF547-547	scope-contract	不能靠孔隙语言掩盖比较分母仍很小的问题。	open	rewritten	research/canonical/operator_space_construction_frontier.md#ocf-h		将该具体构造/范围义务重写为规范开放接口；不声称成功目标或失败条件已经实现	该路线答案仍open；逐项构造同对象、同拓扑、同预算的桥，不以来源任务标题或定理名称升级
OI-U528	history/sources/次单调论文研究/分类集研究/RLEB_LT_operator_space_research_asset_v1/RLEB_LT_operator_space_research_asset_v1/01_CANONICAL_HANDOFF/mathematician_handoff/04_research_ideas.md	548	548	LF548-548	organization	空行/排版分隔	nonmathematical	nonmathematical	research/canonical/operator_space_construction_frontier.md#ocf-h		标题/排版/来源优先级；没有独立数学真值	无本单元数学义务；不关闭邻接断言
OI-U529	history/sources/次单调论文研究/分类集研究/RLEB_LT_operator_space_research_asset_v1/RLEB_LT_operator_space_research_asset_v1/01_CANONICAL_HANDOFF/mathematician_handoff/04_research_ideas.md	549	549	LF549-549	scope-contract	不建议此时凭空指定一种无限维“随机算子分布”并报比例。	open	rewritten	research/canonical/operator_space_construction_frontier.md#ocf-h		将该具体构造/范围义务重写为规范开放接口；不声称成功目标或失败条件已经实现	该路线答案仍open；逐项构造同对象、同拓扑、同预算的桥，不以来源任务标题或定理名称升级
OI-U530	history/sources/次单调论文研究/分类集研究/RLEB_LT_operator_space_research_asset_v1/RLEB_LT_operator_space_research_asset_v1/01_CANONICAL_HANDOFF/mathematician_handoff/04_research_ideas.md	549	549	LF549-549	scope-contract	若使用 prevalence，必须先有明确向量空间或群作用结构、合法 probe 和平移量词；	open	rewritten	research/canonical/operator_space_construction_frontier.md#ocf-h		将该具体构造/范围义务重写为规范开放接口；不声称成功目标或失败条件已经实现	该路线答案仍open；逐项构造同对象、同拓扑、同预算的桥，不以来源任务标题或定理名称升级
OI-U531	history/sources/次单调论文研究/分类集研究/RLEB_LT_operator_space_research_asset_v1/RLEB_LT_operator_space_research_asset_v1/01_CANONICAL_HANDOFF/mathematician_handoff/04_research_ideas.md	549	549	LF549-549	scope-contract	单个参数族的 Lebesgue 零集不够。	open	rewritten	research/canonical/operator_space_construction_frontier.md#ocf-h		将该具体构造/范围义务重写为规范开放接口；不声称成功目标或失败条件已经实现	该路线答案仍open；逐项构造同对象、同拓扑、同预算的桥，不以来源任务标题或定理名称升级
OI-U532	history/sources/次单调论文研究/分类集研究/RLEB_LT_operator_space_research_asset_v1/RLEB_LT_operator_space_research_asset_v1/01_CANONICAL_HANDOFF/mathematician_handoff/04_research_ideas.md	550	550	LF550-550	organization	空行/排版分隔	nonmathematical	nonmathematical	research/canonical/operator_space_construction_frontier.md#ocf-h		标题/排版/来源优先级；没有独立数学真值	无本单元数学义务；不关闭邻接断言
OI-U533	history/sources/次单调论文研究/分类集研究/RLEB_LT_operator_space_research_asset_v1/RLEB_LT_operator_space_research_asset_v1/01_CANONICAL_HANDOFF/mathematician_handoff/04_research_ideas.md	551	551	LF551-551	organization	## 9. 建议数学家团队的实际分工与验收	nonmathematical	nonmathematical	research/canonical/operator_space_construction_frontier.md#ocf-source		标题/排版/来源优先级；没有独立数学真值	无本单元数学义务；不关闭邻接断言
OI-U534	history/sources/次单调论文研究/分类集研究/RLEB_LT_operator_space_research_asset_v1/RLEB_LT_operator_space_research_asset_v1/01_CANONICAL_HANDOFF/mathematician_handoff/04_research_ideas.md	552	552	LF552-552	organization	空行/排版分隔	nonmathematical	nonmathematical	research/canonical/operator_space_construction_frontier.md#ocf-source		标题/排版/来源优先级；没有独立数学真值	无本单元数学义务；不关闭邻接断言
OI-U535	history/sources/次单调论文研究/分类集研究/RLEB_LT_operator_space_research_asset_v1/RLEB_LT_operator_space_research_asset_v1/01_CANONICAL_HANDOFF/mathematician_handoff/04_research_ideas.md	553	553	LF553-553	organization	| 优先级 | 小组 | 首个明确交付 | 不能当作完成的替代品 |	nonmathematical	nonmathematical	research/canonical/operator_space_construction_frontier.md#ocf-source		标题/排版/来源优先级；没有独立数学真值	无本单元数学义务；不关闭邻接断言
OI-U536	history/sources/次单调论文研究/分类集研究/RLEB_LT_operator_space_research_asset_v1/RLEB_LT_operator_space_research_asset_v1/01_CANONICAL_HANDOFF/mathematician_handoff/04_research_ideas.md	554	554	LF554-554	organization	|---|---|---|---|	nonmathematical	nonmathematical	research/canonical/operator_space_construction_frontier.md#ocf-source		标题/排版/来源优先级；没有独立数学真值	无本单元数学义务；不关闭邻接断言
OI-U537	history/sources/次单调论文研究/分类集研究/RLEB_LT_operator_space_research_asset_v1/RLEB_LT_operator_space_research_asset_v1/01_CANONICAL_HANDOFF/mathematician_handoff/04_research_ideas.md	555	555	LF555-555	scope-contract	| 1 | 动力系统＋多值分析 | 路线 A 的可行对应自由度/连续选择，或刚性分类；保 full-fiber EB 与同尾 | 再一个法向幂模型 |	open	rewritten	research/canonical/operator_space_construction_frontier.md#ocf-source		将该具体构造/范围义务重写为规范开放接口；不声称成功目标或失败条件已经实现	该路线答案仍open；逐项构造同对象、同拓扑、同预算的桥，不以来源任务标题或定理名称升级
OI-U538	history/sources/次单调论文研究/分类集研究/RLEB_LT_operator_space_research_asset_v1/RLEB_LT_operator_space_research_asset_v1/01_CANONICAL_HANDOFF/mathematician_handoff/04_research_ideas.md	556	556	LF556-556	scope-contract	| 1 | 泛函分析＋描述集合 | 路线 C 的局部紧/Baire 诊断；路线 B 的 category-preserving 首引理 | 只证明所挑层自身 Polish |	open	rewritten	research/canonical/operator_space_construction_frontier.md#ocf-source		将该具体构造/范围义务重写为规范开放接口；不声称成功目标或失败条件已经实现	该路线答案仍open；逐项构造同对象、同拓扑、同预算的桥，不以来源任务标题或定理名称升级
OI-U539	history/sources/次单调论文研究/分类集研究/RLEB_LT_operator_space_research_asset_v1/RLEB_LT_operator_space_research_asset_v1/01_CANONICAL_HANDOFF/mathematician_handoff/04_research_ideas.md	557	557	LF557-557	scope-contract	| 2 | 构造/延拓 | 路线 D 的有限约束相容性定理，并固定全部统一余量 | 每个有限层换一套趋于退化的常数 |	open	rewritten	research/canonical/operator_space_construction_frontier.md#ocf-source		将该具体构造/范围义务重写为规范开放接口；不声称成功目标或失败条件已经实现	该路线答案仍open；逐项构造同对象、同拓扑、同预算的桥，不以来源任务标题或定理名称升级
OI-U540	history/sources/次单调论文研究/分类集研究/RLEB_LT_operator_space_research_asset_v1/RLEB_LT_operator_space_research_asset_v1/01_CANONICAL_HANDOFF/mathematician_handoff/04_research_ideas.md	558	558	LF558-558	scope-contract	| 2 | 几何/变分分析 | 路线 E 的联合剖面可实现性和维数/秩分层 | 仅绘 \(\gamma,p\) 参数图 |	open	rewritten	research/canonical/operator_space_construction_frontier.md#ocf-source		将该具体构造/范围义务重写为规范开放接口；不声称成功目标或失败条件已经实现	该路线答案仍open；逐项构造同对象、同拓扑、同预算的桥，不以来源任务标题或定理名称升级
OI-U541	history/sources/次单调论文研究/分类集研究/RLEB_LT_operator_space_research_asset_v1/RLEB_LT_operator_space_research_asset_v1/01_CANONICAL_HANDOFF/mathematician_handoff/04_research_ideas.md	559	559	LF559-559	scope-contract	| 3 | 动力拓扑 | 路线 F 的 orbitwise 允许变换及类别传递 | 小尾损失当作无尾损失 |	open	rewritten	research/canonical/operator_space_construction_frontier.md#ocf-source		将该具体构造/范围义务重写为规范开放接口；不声称成功目标或失败条件已经实现	该路线答案仍open；逐项构造同对象、同拓扑、同预算的桥，不以来源任务标题或定理名称升级
OI-U542	history/sources/次单调论文研究/分类集研究/RLEB_LT_operator_space_research_asset_v1/RLEB_LT_operator_space_research_asset_v1/01_CANONICAL_HANDOFF/mathematician_handoff/04_research_ideas.md	560	560	LF560-560	scope-contract	| 3 | 描述集合/步长谱 | 路线 G 的 hyperspace 稳定性或尖锐复杂度 | 谱很复杂便断言两理论差距大 |	open	rewritten	research/canonical/operator_space_construction_frontier.md#ocf-source		将该具体构造/范围义务重写为规范开放接口；不声称成功目标或失败条件已经实现	该路线答案仍open；逐项构造同对象、同拓扑、同预算的桥，不以来源任务标题或定理名称升级
OI-U543	history/sources/次单调论文研究/分类集研究/RLEB_LT_operator_space_research_asset_v1/RLEB_LT_operator_space_research_asset_v1/01_CANONICAL_HANDOFF/mathematician_handoff/04_research_ideas.md	561	561	LF561-561	scope-contract	| 4 | 度量几何 | 路线 H 的统一孔隙半径和母空间位置 | 稠密越界点冒称 porous |	open	rewritten	research/canonical/operator_space_construction_frontier.md#ocf-source		将该具体构造/范围义务重写为规范开放接口；不声称成功目标或失败条件已经实现	该路线答案仍open；逐项构造同对象、同拓扑、同预算的桥，不以来源任务标题或定理名称升级
OI-U544	history/sources/次单调论文研究/分类集研究/RLEB_LT_operator_space_research_asset_v1/RLEB_LT_operator_space_research_asset_v1/01_CANONICAL_HANDOFF/mathematician_handoff/04_research_ideas.md	562	562	LF562-562	organization	空行/排版分隔	nonmathematical	nonmathematical	research/canonical/operator_space_construction_frontier.md#ocf-source		标题/排版/来源优先级；没有独立数学真值	无本单元数学义务；不关闭邻接断言
OI-U545	history/sources/次单调论文研究/分类集研究/RLEB_LT_operator_space_research_asset_v1/RLEB_LT_operator_space_research_asset_v1/01_CANONICAL_HANDOFF/mathematician_handoff/04_research_ideas.md	563	563	LF563-563	organization	建议设置如下停止/转向标准：	nonmathematical	nonmathematical	research/canonical/operator_space_construction_frontier.md#ocf-source		来源性质或任务组织，保留来源角色而不当数学成果	无本单元数学义务
OI-U546	history/sources/次单调论文研究/分类集研究/RLEB_LT_operator_space_research_asset_v1/RLEB_LT_operator_space_research_asset_v1/01_CANONICAL_HANDOFF/mathematician_handoff/04_research_ideas.md	564	564	LF564-564	organization	空行/排版分隔	nonmathematical	nonmathematical	research/canonical/operator_space_construction_frontier.md#ocf-source		标题/排版/来源优先级；没有独立数学真值	无本单元数学义务；不关闭邻接断言
OI-U547	history/sources/次单调论文研究/分类集研究/RLEB_LT_operator_space_research_asset_v1/RLEB_LT_operator_space_research_asset_v1/01_CANONICAL_HANDOFF/mathematician_handoff/04_research_ideas.md	565	565	LF565-565	scope-contract	1. 若中立母空间内 RLEB 与 LT 都第一纲，并且 RLEB 对象像又自第一纲，立即停止追逐那句无鉴别力的“LT 在 RLEB 中第一纲”；	open	rewritten	research/canonical/operator_space_construction_frontier.md#ocf-source		将该具体构造/范围义务重写为规范开放接口；不声称成功目标或失败条件已经实现	该路线答案仍open；逐项构造同对象、同拓扑、同预算的桥，不以来源任务标题或定理名称升级
OI-U548	history/sources/次单调论文研究/分类集研究/RLEB_LT_operator_space_research_asset_v1/RLEB_LT_operator_space_research_asset_v1/01_CANONICAL_HANDOFF/mathematician_handoff/04_research_ideas.md	565	565	LF565-565	scope-contract	转向内生分层与定量类别剖面。	open	rewritten	research/canonical/operator_space_construction_frontier.md#ocf-source		将该具体构造/范围义务重写为规范开放接口；不声称成功目标或失败条件已经实现	该路线答案仍open；逐项构造同对象、同拓扑、同预算的桥，不以来源任务标题或定理名称升级
OI-U549	history/sources/次单调论文研究/分类集研究/RLEB_LT_operator_space_research_asset_v1/RLEB_LT_operator_space_research_asset_v1/01_CANONICAL_HANDOFF/mathematician_handoff/04_research_ideas.md	566	566	LF566-566	scope-contract	2. 若候选塔/后继选择对应刚性，只能判定该充分工具的边界；	open	rewritten	research/canonical/operator_space_construction_frontier.md#ocf-source		将该具体构造/范围义务重写为规范开放接口；不声称成功目标或失败条件已经实现	该路线答案仍open；逐项构造同对象、同拓扑、同预算的桥，不以来源任务标题或定理名称升级
OI-U550	history/sources/次单调论文研究/分类集研究/RLEB_LT_operator_space_research_asset_v1/RLEB_LT_operator_space_research_asset_v1/01_CANONICAL_HANDOFF/mathematician_handoff/04_research_ideas.md	566	566	LF566-566	scope-contract	不能立即将其当成同尾层刚性。	open	rewritten	research/canonical/operator_space_construction_frontier.md#ocf-source		将该具体构造/范围义务重写为规范开放接口；不声称成功目标或失败条件已经实现	该路线答案仍open；逐项构造同对象、同拓扑、同预算的桥，不以来源任务标题或定理名称升级
OI-U551	history/sources/次单调论文研究/分类集研究/RLEB_LT_operator_space_research_asset_v1/RLEB_LT_operator_space_research_asset_v1/01_CANONICAL_HANDOFF/mathematician_handoff/04_research_ideas.md	566	566	LF566-566	scope-contract	只有另证了该对应对所有保预算修改的必要性，或给了独立不可能定理，才能把相应中立区域作为整体分类的反向结果。	open	rewritten	research/canonical/operator_space_construction_frontier.md#ocf-source		将该具体构造/范围义务重写为规范开放接口；不声称成功目标或失败条件已经实现	该路线答案仍open；逐项构造同对象、同拓扑、同预算的桥，不以来源任务标题或定理名称升级
OI-U552	history/sources/次单调论文研究/分类集研究/RLEB_LT_operator_space_research_asset_v1/RLEB_LT_operator_space_research_asset_v1/01_CANONICAL_HANDOFF/mathematician_handoff/04_research_ideas.md	567	567	LF567-567	scope-contract	3. 若只能证明特殊结构层上的比较，但不能证明该层的母空间位置，成果仍可保留；	open	rewritten	research/canonical/operator_space_construction_frontier.md#ocf-source		将该具体构造/范围义务重写为规范开放接口；不声称成功目标或失败条件已经实现	该路线答案仍open；逐项构造同对象、同拓扑、同预算的桥，不以来源任务标题或定理名称升级
OI-U553	history/sources/次单调论文研究/分类集研究/RLEB_LT_operator_space_research_asset_v1/RLEB_LT_operator_space_research_asset_v1/01_CANONICAL_HANDOFF/mathematician_handoff/04_research_ideas.md	567	567	LF567-567	scope-contract	标题与摘要必须明确是结构层定理。	open	rewritten	research/canonical/operator_space_construction_frontier.md#ocf-source		将该具体构造/范围义务重写为规范开放接口；不声称成功目标或失败条件已经实现	该路线答案仍open；逐项构造同对象、同拓扑、同预算的桥，不以来源任务标题或定理名称升级
OI-U554	history/sources/次单调论文研究/分类集研究/RLEB_LT_operator_space_research_asset_v1/RLEB_LT_operator_space_research_asset_v1/01_CANONICAL_HANDOFF/mathematician_handoff/04_research_ideas.md	568	568	LF568-568	scope-contract	4. 若找到非第一纲中立区域及 category-preserving 内生坐标，又完成 full-fiber/同尾选择自由度，才进入用户理想的总体差距定理阶段。	open	rewritten	research/canonical/operator_space_construction_frontier.md#ocf-source		将该具体构造/范围义务重写为规范开放接口；不声称成功目标或失败条件已经实现	该路线答案仍open；逐项构造同对象、同拓扑、同预算的桥，不以来源任务标题或定理名称升级
OI-U555	history/sources/次单调论文研究/分类集研究/RLEB_LT_operator_space_research_asset_v1/RLEB_LT_operator_space_research_asset_v1/01_CANONICAL_HANDOFF/mathematician_handoff/04_research_ideas.md	569	569	LF569-569	organization	空行/排版分隔	nonmathematical	nonmathematical	research/canonical/operator_space_construction_frontier.md#ocf-source		标题/排版/来源优先级；没有独立数学真值	无本单元数学义务；不关闭邻接断言
OI-U556	history/sources/次单调论文研究/分类集研究/RLEB_LT_operator_space_research_asset_v1/RLEB_LT_operator_space_research_asset_v1/01_CANONICAL_HANDOFF/mathematician_handoff/04_research_ideas.md	570	570	LF570-570	organization	## 10. 最简交接问题	nonmathematical	nonmathematical	research/canonical/operator_space_construction_frontier.md#ocf-source		标题/排版/来源优先级；没有独立数学真值	无本单元数学义务；不关闭邻接断言
OI-U557	history/sources/次单调论文研究/分类集研究/RLEB_LT_operator_space_research_asset_v1/RLEB_LT_operator_space_research_asset_v1/01_CANONICAL_HANDOFF/mathematician_handoff/04_research_ideas.md	571	571	LF571-571	organization	空行/排版分隔	nonmathematical	nonmathematical	research/canonical/operator_space_construction_frontier.md#ocf-source		标题/排版/来源优先级；没有独立数学真值	无本单元数学义务；不关闭邻接断言
OI-U558	history/sources/次单调论文研究/分类集研究/RLEB_LT_operator_space_research_asset_v1/RLEB_LT_operator_space_research_asset_v1/01_CANONICAL_HANDOFF/mathematician_handoff/04_research_ideas.md	572	572	LF572-572	organization	可以把核心数学问题直接交给团队：	nonmathematical	nonmathematical	research/canonical/operator_space_construction_frontier.md#ocf-source		来源性质或任务组织，保留来源角色而不当数学成果	无本单元数学义务
OI-U559	history/sources/次单调论文研究/分类集研究/RLEB_LT_operator_space_research_asset_v1/RLEB_LT_operator_space_research_asset_v1/01_CANONICAL_HANDOFF/mathematician_handoff/04_research_ideas.md	573	573	LF573-573	organization	空行/排版分隔	nonmathematical	nonmathematical	research/canonical/operator_space_construction_frontier.md#ocf-source		标题/排版/来源优先级；没有独立数学真值	无本单元数学义务；不关闭邻接断言
OI-U560	history/sources/次单调论文研究/分类集研究/RLEB_LT_operator_space_research_asset_v1/RLEB_LT_operator_space_research_asset_v1/01_CANONICAL_HANDOFF/mathematician_handoff/04_research_ideas.md	574	574	LF574-574	scope-contract	> 对中立的完整 PPA 原图空间，能否构造一个由真实轨道与真实最小残差唯一确定的坐标/可行对应，使其既有足够的连续选择自由度，又对母空间具有 category-preserving 性？	open	rewritten	research/canonical/operator_space_construction_frontier.md#ocf-source		将该具体构造/范围义务重写为规范开放接口；不声称成功目标或失败条件已经实现	该路线答案仍open；逐项构造同对象、同拓扑、同预算的桥，不以来源任务标题或定理名称升级
OI-U561	history/sources/次单调论文研究/分类集研究/RLEB_LT_operator_space_research_asset_v1/RLEB_LT_operator_space_research_asset_v1/01_CANONICAL_HANDOFF/mathematician_handoff/04_research_ideas.md	574	574	LF574-574	scope-contract	若不能，究竟是精确尾饱和、全纤维残差、解集几何还是认证像自第一纲造成刚性？	open	rewritten	research/canonical/operator_space_construction_frontier.md#ocf-source		将该具体构造/范围义务重写为规范开放接口；不声称成功目标或失败条件已经实现	该路线答案仍open；逐项构造同对象、同拓扑、同预算的桥，不以来源任务标题或定理名称升级
OI-U562	history/sources/次单调论文研究/分类集研究/RLEB_LT_operator_space_research_asset_v1/RLEB_LT_operator_space_research_asset_v1/01_CANONICAL_HANDOFF/mathematician_handoff/04_research_ideas.md	575	575	LF575-575	organization	空行/排版分隔	nonmathematical	nonmathematical	research/canonical/operator_space_construction_frontier.md#ocf-source		标题/排版/来源优先级；没有独立数学真值	无本单元数学义务；不关闭邻接断言
OI-U563	history/sources/次单调论文研究/分类集研究/RLEB_LT_operator_space_research_asset_v1/RLEB_LT_operator_space_research_asset_v1/01_CANONICAL_HANDOFF/mathematician_handoff/04_research_ideas.md	576	576	LF576-576	organization	它把需要的 idea 缩到一个可证明或可反证的桥梁，而不预设 RLEB 必须在所有层上压倒 LT。	nonmathematical	nonmathematical	research/canonical/operator_space_construction_frontier.md#ocf-source		来源性质或任务组织，保留来源角色而不当数学成果	无本单元数学义务
OI-U564	history/sources/次单调论文研究/分类集研究/RLEB_LT_operator_space_research_asset_v1/RLEB_LT_operator_space_research_asset_v1/01_CANONICAL_HANDOFF/mathematician_handoff/04_research_ideas.md	577	577	LF577-577	organization	空行/排版分隔	nonmathematical	nonmathematical	research/canonical/operator_space_construction_frontier.md#ocf-source		标题/排版/来源优先级；没有独立数学真值	无本单元数学义务；不关闭邻接断言
OI-U565	history/sources/次单调论文研究/分类集研究/RLEB_LT_operator_space_research_asset_v1/RLEB_LT_operator_space_research_asset_v1/01_CANONICAL_HANDOFF/mathematician_handoff/04_research_ideas.md	578	578	LF578-578	scope-contract	本报告 A.2、A.3、A.4、C.2、F.2 的种子证明已由 `06_math_audit.md` 在声明范围内独立复核；	open	rewritten	research/canonical/operator_space_construction_frontier.md#ocf-source		将该具体构造/范围义务重写为规范开放接口；不声称成功目标或失败条件已经实现	该路线答案仍open；逐项构造同对象、同拓扑、同预算的桥，不以来源任务标题或定理名称升级
OI-U566	history/sources/次单调论文研究/分类集研究/RLEB_LT_operator_space_research_asset_v1/RLEB_LT_operator_space_research_asset_v1/01_CANONICAL_HANDOFF/mathematician_handoff/04_research_ideas.md	578	578	LF578-578	scope-contract	A.6 和 B.2a 记录该轮审计的边界修正及加强。	open	rewritten	research/canonical/operator_space_construction_frontier.md#ocf-source		将该具体构造/范围义务重写为规范开放接口；不声称成功目标或失败条件已经实现	该路线答案仍open；逐项构造同对象、同拓扑、同预算的桥，不以来源任务标题或定理名称升级
OI-U567	history/sources/次单调论文研究/分类集研究/RLEB_LT_operator_space_research_asset_v1/RLEB_LT_operator_space_research_asset_v1/01_CANONICAL_HANDOFF/mathematician_handoff/04_research_ideas.md	578	578	LF578-578	scope-contract	其后的自由度、覆盖与 category-preserving 命题均未证明。	open	rewritten	research/canonical/operator_space_construction_frontier.md#ocf-source		将该具体构造/范围义务重写为规范开放接口；不声称成功目标或失败条件已经实现	该路线答案仍open；逐项构造同对象、同拓扑、同预算的桥，不以来源任务标题或定理名称升级
OI-U568	history/sources/次单调论文研究/分类集研究/RLEB_LT_operator_space_research_asset_v1/RLEB_LT_operator_space_research_asset_v1/01_CANONICAL_HANDOFF/mathematician_handoff/04_research_ideas.md	578	578	LF578-578	scope-contract	不能把这份建设性任务表汇报为理想比较已经完成。	open	rewritten	research/canonical/operator_space_construction_frontier.md#ocf-source		将该具体构造/范围义务重写为规范开放接口；不声称成功目标或失败条件已经实现	该路线答案仍open；逐项构造同对象、同拓扑、同预算的桥，不以来源任务标题或定理名称升级
OI-U569	history/sources/次单调论文研究/分类集研究/RLEB_LT_operator_space_research_asset_v1/RLEB_LT_operator_space_research_asset_v1/01_CANONICAL_HANDOFF/mathematician_handoff/04_research_ideas.md	488	488	compound-paragraph-separation	scope-contract	闭联合预算关系与紧步长参数给上半连续，原生闭性仍须逐类证明	derived-checked	rewritten	research/operator_space.md#os-spectrum-proof	C135-v1	从同LF复合段分离已证条件工具和开放目标，不以整段升级	原生认证、具体构造与总体比较仍另证
OI-U570	history/sources/次单调论文研究/分类集研究/RLEB_LT_operator_space_research_asset_v1/RLEB_LT_operator_space_research_asset_v1/01_CANONICAL_HANDOFF/mathematician_handoff/04_research_ideas.md	578	578	compound-paragraph-separation	scope-contract	后续选择自由度、覆盖和保纲并未证明；路线表不构成总体比较	open	rewritten	research/canonical/operator_space_construction_frontier.md#ocf-source		从同LF复合段分离已证条件工具和开放目标，不以整段升级	原生认证、具体构造与总体比较仍另证
