unit_id	source_locator	line_start	line_end	source_label	unit_type	exact_payload	evidence_state	disposition	canonical_anchor	claim_ids	reason	remaining_obligation
RHT-SYN-U0167	history/sources/次单调论文研究/分类集研究/RLEB_LT_operator_space_research_asset_v1/RLEB_LT_operator_space_research_asset_v1/03_CLASSIFICATION_STAGE/ppa_classification_team/07_stage_synthesis.md	1	1	空行/标题/表头/不新增断言的引导语	organization	# 中立 PPA 分类：本轮阶段终判与下一项构建任务	nonmathematical	nonmathematical	research/audit/RELATIVE_HOLDER_COVERAGE_2026_10_07.md#rht-audit-source		标题/排版或研究建议；不承担已完成数学结论：空行/标题/表头/不新增断言的引导语	无本条独立数学结案；相邻实质断言另列。
RHT-SYN-U0168	history/sources/次单调论文研究/分类集研究/RLEB_LT_operator_space_research_asset_v1/RLEB_LT_operator_space_research_asset_v1/03_CLASSIFICATION_STAGE/ppa_classification_team/07_stage_synthesis.md	2	2	空行/标题/表头/不新增断言的引导语	organization	空LF行	nonmathematical	nonmathematical	research/audit/RELATIVE_HOLDER_COVERAGE_2026_10_07.md#rht-audit-source		标题/排版或研究建议；不承担已完成数学结论：空行/标题/表头/不新增断言的引导语	无本条独立数学结案；相邻实质断言另列。
RHT-SYN-U0001	history/sources/次单调论文研究/分类集研究/RLEB_LT_operator_space_research_asset_v1/RLEB_LT_operator_space_research_asset_v1/03_CLASSIFICATION_STAGE/ppa_classification_team/07_stage_synthesis.md	3	3	日期与综合主席角色标签	organization	日期：2026-09-20。角色：综合主席。依据：完整阅读本轮 `01–06` 和上一阶段 `ppa_system_team/10_final_blueprint.md`；数学状态采用 `05_obstruction_audit.md` §9 的范围内交叉复核结论。本文不另行宣布优先权清关，不重新审查未被调用的原 RLEB 论文。	nonmathematical	nonmathematical	research/audit/RELATIVE_HOLDER_COVERAGE_2026_10_07.md#rht-audit-source		标题/排版或研究建议；不承担已完成数学结论：日期与综合主席角色标签	无本条独立数学结案；相邻实质断言另列。
RHT-SYN-U0002	history/sources/次单调论文研究/分类集研究/RLEB_LT_operator_space_research_asset_v1/RLEB_LT_operator_space_research_asset_v1/03_CLASSIFICATION_STAGE/ppa_classification_team/07_stage_synthesis.md	3	3	声称完整阅读本轮01–06	historical-evidence	日期：2026-09-20。角色：综合主席。依据：完整阅读本轮 `01–06` 和上一阶段 `ppa_system_team/10_final_blueprint.md`；数学状态采用 `05_obstruction_audit.md` §9 的范围内交叉复核结论。本文不另行宣布优先权清关，不重新审查未被调用的原 RLEB 论文。	source-report	deferred	research/audit/RELATIVE_HOLDER_COVERAGE_2026_10_07.md#rht-audit-source		仅来源报告；准确断言：声称完整阅读本轮01–06。本次未以历史PASS、摘要或邻近定理补该原生范围。	核对应阅读/审查行为记录，不能由本次读此摘要确认。
RHT-SYN-U0003	history/sources/次单调论文研究/分类集研究/RLEB_LT_operator_space_research_asset_v1/RLEB_LT_operator_space_research_asset_v1/03_CLASSIFICATION_STAGE/ppa_classification_team/07_stage_synthesis.md	3	3	声称阅读上一阶段10_final_blueprint	historical-evidence	日期：2026-09-20。角色：综合主席。依据：完整阅读本轮 `01–06` 和上一阶段 `ppa_system_team/10_final_blueprint.md`；数学状态采用 `05_obstruction_audit.md` §9 的范围内交叉复核结论。本文不另行宣布优先权清关，不重新审查未被调用的原 RLEB 论文。	source-report	deferred	research/audit/RELATIVE_HOLDER_COVERAGE_2026_10_07.md#rht-audit-source		仅来源报告；准确断言：声称阅读上一阶段10_final_blueprint。本次未以历史PASS、摘要或邻近定理补该原生范围。	核上一阶段具体版本及历史阅读证据。
RHT-SYN-U0004	history/sources/次单调论文研究/分类集研究/RLEB_LT_operator_space_research_asset_v1/RLEB_LT_operator_space_research_asset_v1/03_CLASSIFICATION_STAGE/ppa_classification_team/07_stage_synthesis.md	3	3	数学状态沿用05审计§9交叉复核	historical-evidence	日期：2026-09-20。角色：综合主席。依据：完整阅读本轮 `01–06` 和上一阶段 `ppa_system_team/10_final_blueprint.md`；数学状态采用 `05_obstruction_audit.md` §9 的范围内交叉复核结论。本文不另行宣布优先权清关，不重新审查未被调用的原 RLEB 论文。	source-report	deferred	research/audit/RELATIVE_HOLDER_COVERAGE_2026_10_07.md#rht-audit-source		仅来源报告；准确断言：数学状态沿用05审计§9交叉复核。本次未以历史PASS、摘要或邻近定理补该原生范围。	逐命题检查其定义/证明；PASS并非本次独立证明。
RHT-SYN-U0005	history/sources/次单调论文研究/分类集研究/RLEB_LT_operator_space_research_asset_v1/RLEB_LT_operator_space_research_asset_v1/03_CLASSIFICATION_STAGE/ppa_classification_team/07_stage_synthesis.md	3	3	不另宣先行性清关、不重审未调用RLEB论文的范围声明	organization	日期：2026-09-20。角色：综合主席。依据：完整阅读本轮 `01–06` 和上一阶段 `ppa_system_team/10_final_blueprint.md`；数学状态采用 `05_obstruction_audit.md` §9 的范围内交叉复核结论。本文不另行宣布优先权清关，不重新审查未被调用的原 RLEB 论文。	nonmathematical	nonmathematical	research/audit/RELATIVE_HOLDER_COVERAGE_2026_10_07.md#rht-audit-source		标题/排版或研究建议；不承担已完成数学结论：不另宣先行性清关、不重审未调用RLEB论文的范围声明	无本条独立数学结案；相邻实质断言另列。
RHT-SYN-U0169	history/sources/次单调论文研究/分类集研究/RLEB_LT_operator_space_research_asset_v1/RLEB_LT_operator_space_research_asset_v1/03_CLASSIFICATION_STAGE/ppa_classification_team/07_stage_synthesis.md	4	4	空行/标题/表头/不新增断言的引导语	organization	空LF行	nonmathematical	nonmathematical	research/audit/RELATIVE_HOLDER_COVERAGE_2026_10_07.md#rht-audit-source		标题/排版或研究建议；不承担已完成数学结论：空行/标题/表头/不新增断言的引导语	无本条独立数学结案；相邻实质断言另列。
RHT-SYN-U0170	history/sources/次单调论文研究/分类集研究/RLEB_LT_operator_space_research_asset_v1/RLEB_LT_operator_space_research_asset_v1/03_CLASSIFICATION_STAGE/ppa_classification_team/07_stage_synthesis.md	5	5	空行/标题/表头/不新增断言的引导语	organization	## 0. 直接回答：需要用户帮什么，还是应继续做	nonmathematical	nonmathematical	research/audit/RELATIVE_HOLDER_COVERAGE_2026_10_07.md#rht-audit-source		标题/排版或研究建议；不承担已完成数学结论：空行/标题/表头/不新增断言的引导语	无本条独立数学结案；相邻实质断言另列。
RHT-SYN-U0171	history/sources/次单调论文研究/分类集研究/RLEB_LT_operator_space_research_asset_v1/RLEB_LT_operator_space_research_asset_v1/03_CLASSIFICATION_STAGE/ppa_classification_team/07_stage_synthesis.md	6	6	空行/标题/表头/不新增断言的引导语	organization	空LF行	nonmathematical	nonmathematical	research/audit/RELATIVE_HOLDER_COVERAGE_2026_10_07.md#rht-audit-source		标题/排版或研究建议；不承担已完成数学结论：空行/标题/表头/不新增断言的引导语	无本条独立数学结案；相邻实质断言另列。
RHT-SYN-U0006	history/sources/次单调论文研究/分类集研究/RLEB_LT_operator_space_research_asset_v1/RLEB_LT_operator_space_research_asset_v1/03_CLASSIFICATION_STAGE/ppa_classification_team/07_stage_synthesis.md	7	7	继续构建且不能只以LT在所有RLEB中第一纲为成功标准	programme	**目前不需要用户补公式、替团队猜条件或选择想要的结论；需要团队继续做构建性工作。** 但下一项任务必须经过一次实质调整：不能继续把“证明 LT 在所有 RLEB 中第一纲”当作唯一成功标准。	nonmathematical	nonmathematical	research/canonical/operator_space_construction_frontier.md#ocf-specification		标题/排版或研究建议；不承担已完成数学结论：继续构建且不能只以LT在所有RLEB中第一纲为成功标准	这是开放研究要求而非已证成果；按该锚点保留准确前沿。
RHT-SYN-U0172	history/sources/次单调论文研究/分类集研究/RLEB_LT_operator_space_research_asset_v1/RLEB_LT_operator_space_research_asset_v1/03_CLASSIFICATION_STAGE/ppa_classification_team/07_stage_synthesis.md	8	8	空行/标题/表头/不新增断言的引导语	organization	空LF行	nonmathematical	nonmathematical	research/audit/RELATIVE_HOLDER_COVERAGE_2026_10_07.md#rht-audit-source		标题/排版或研究建议；不承担已完成数学结论：空行/标题/表头/不新增断言的引导语	无本条独立数学结案；相邻实质断言另列。
RHT-SYN-U0007	history/sources/次单调论文研究/分类集研究/RLEB_LT_operator_space_research_asset_v1/RLEB_LT_operator_space_research_asset_v1/03_CLASSIFICATION_STAGE/ppa_classification_team/07_stage_synthesis.md	9	9	合法特例中正Hölder回缩类在自身拓扑第一纲	mathematical	原因已经不是猜测。本轮证明，这句话在合法例子中可能没有区分力：RLEB 并类本身可以在自身拓扑中第一纲；在一个更大的中立连续算子层内，两套理论又可能一起第一纲。此时并不是 RLEB 没有扩展，而是这个单一纲标签不能衡量扩展。	derived-checked	rewritten	research/canonical/relative_holder_thinness.md#rht-perturbation	C186-v1	C186-v1独立直接推导并逐项核验；断言：合法特例中正Hölder回缩类在自身拓扑第一纲；RH1–11完整保值域、固定集、同尾及正Hölder资格。	本准确数学子句已重构；原生认证名称、一般母空间及历史证据仍分列未闭。
RHT-SYN-U0008	history/sources/次单调论文研究/分类集研究/RLEB_LT_operator_space_research_asset_v1/RLEB_LT_operator_space_research_asset_v1/03_CLASSIFICATION_STAGE/ppa_classification_team/07_stage_synthesis.md	9	9	把该特例Hölder类直接称作RLEB并类	mathematical	原因已经不是猜测。本轮证明，这句话在合法例子中可能没有区分力：RLEB 并类本身可以在自身拓扑中第一纲；在一个更大的中立连续算子层内，两套理论又可能一起第一纲。此时并不是 RLEB 没有扩展，而是这个单一纲标签不能衡量扩展。	source-report	deferred	research/canonical/relative_holder_thinness.md#rht-graph		仅来源报告；准确断言：把该特例Hölder类直接称作RLEB并类。本次未以历史PASS、摘要或邻近定理补该原生范围。	核完整源图上direct/energy证书定义、gauge、输入边界与Hölder等价；C186仅恢复明定反射模身份。
RHT-SYN-U0009	history/sources/次单调论文研究/分类集研究/RLEB_LT_operator_space_research_asset_v1/RLEB_LT_operator_space_research_asset_v1/03_CLASSIFICATION_STAGE/ppa_classification_team/07_stage_synthesis.md	9	9	更宽exact-S连续层内满足全域正Hölder必要条件的两类同为第一纲	mathematical	原因已经不是猜测。本轮证明，这句话在合法例子中可能没有区分力：RLEB 并类本身可以在自身拓扑中第一纲；在一个更大的中立连续算子层内，两套理论又可能一起第一纲。此时并不是 RLEB 没有扩展，而是这个单一纲标签不能衡量扩展。	derived-checked	duplicate	research/canonical/uniform_holder_thinness.md#uht-interfaces	C180-v1	准确复用已存在规范结论；断言：更宽exact-S连续层内满足全域正Hölder必要条件的两类同为第一纲；沿所列锚点核同对象/量词，不升级更广来源报告。	无该已证精确子句的新义务；不认证同行更宽原生图或历史行为。
RHT-SYN-U0010	history/sources/次单调论文研究/分类集研究/RLEB_LT_operator_space_research_asset_v1/RLEB_LT_operator_space_research_asset_v1/03_CLASSIFICATION_STAGE/ppa_classification_team/07_stage_synthesis.md	9	9	自第一纲分母无法仅凭第一纲标签区分其子集	mathematical	原因已经不是猜测。本轮证明，这句话在合法例子中可能没有区分力：RLEB 并类本身可以在自身拓扑中第一纲；在一个更大的中立连续算子层内，两套理论又可能一起第一纲。此时并不是 RLEB 没有扩展，而是这个单一纲标签不能衡量扩展。	derived-checked	rewritten	research/canonical/relative_holder_thinness.md#rht-boundary	C186-v1	C186-v1独立直接推导并逐项核验；断言：自第一纲分母无法仅凭第一纲标签区分其子集；RH1–11完整保值域、固定集、同尾及正Hölder资格。	本准确数学子句已重构；原生认证名称、一般母空间及历史证据仍分列未闭。
RHT-SYN-U0011	history/sources/次单调论文研究/分类集研究/RLEB_LT_operator_space_research_asset_v1/RLEB_LT_operator_space_research_asset_v1/03_CLASSIFICATION_STAGE/ppa_classification_team/07_stage_synthesis.md	9	9	该尺度诊断不判理论价值或扩展成败	organization	原因已经不是猜测。本轮证明，这句话在合法例子中可能没有区分力：RLEB 并类本身可以在自身拓扑中第一纲；在一个更大的中立连续算子层内，两套理论又可能一起第一纲。此时并不是 RLEB 没有扩展，而是这个单一纲标签不能衡量扩展。	nonmathematical	nonmathematical	research/audit/RELATIVE_HOLDER_COVERAGE_2026_10_07.md#rht-audit-source		标题/排版或研究建议；不承担已完成数学结论：该尺度诊断不判理论价值或扩展成败	无本条独立数学结案；相邻实质断言另列。
RHT-SYN-U0173	history/sources/次单调论文研究/分类集研究/RLEB_LT_operator_space_research_asset_v1/RLEB_LT_operator_space_research_asset_v1/03_CLASSIFICATION_STAGE/ppa_classification_team/07_stage_synthesis.md	10	10	空行/标题/表头/不新增断言的引导语	organization	空LF行	nonmathematical	nonmathematical	research/audit/RELATIVE_HOLDER_COVERAGE_2026_10_07.md#rht-audit-source		标题/排版或研究建议；不承担已完成数学结论：空行/标题/表头/不新增断言的引导语	无本条独立数学结案；相邻实质断言另列。
RHT-SYN-U0012	history/sources/次单调论文研究/分类集研究/RLEB_LT_operator_space_research_asset_v1/RLEB_LT_operator_space_research_asset_v1/03_CLASSIFICATION_STAGE/ppa_classification_team/07_stage_synthesis.md	11	11	报告已获对象侧紧块表示	mathematical	与此同时，建设不是停留在定义。已经获得对象侧紧块表示、保留任意实步长的完整图闭块编码、任意紧局部步长谱实现，以及对整个函数结构层有效的受控变形定理。真正剩下的是把这些模块闭合到同一个有鉴别力的比较体系。	source-report	deferred	research/audit/RELATIVE_HOLDER_COVERAGE_2026_10_07.md#rht-audit-source		仅来源报告；准确断言：报告已获对象侧紧块表示。本次未以历史PASS、摘要或邻近定理补该原生范围。	需在同一完整紧源图卡证明各原生认证类的紧预算块与可数等价耗尽。
RHT-SYN-U0013	history/sources/次单调论文研究/分类集研究/RLEB_LT_operator_space_research_asset_v1/RLEB_LT_operator_space_research_asset_v1/03_CLASSIFICATION_STAGE/ppa_classification_team/07_stage_synthesis.md	11	11	报告保任意实步长的完整图闭块编码	mathematical	与此同时，建设不是停留在定义。已经获得对象侧紧块表示、保留任意实步长的完整图闭块编码、任意紧局部步长谱实现，以及对整个函数结构层有效的受控变形定理。真正剩下的是把这些模块闭合到同一个有鉴别力的比较体系。	source-report	deferred	research/audit/RELATIVE_HOLDER_COVERAGE_2026_10_07.md#rht-audit-source		仅来源报告；准确断言：报告保任意实步长的完整图闭块编码。本次未以历史PASS、摘要或邻近定理补该原生范围。	核实步长作为紧参数的完整覆盖/全纤维EB与RL闭性。
RHT-SYN-U0014	history/sources/次单调论文研究/分类集研究/RLEB_LT_operator_space_research_asset_v1/RLEB_LT_operator_space_research_asset_v1/03_CLASSIFICATION_STAGE/ppa_classification_team/07_stage_synthesis.md	11	11	报告任意紧局部步长谱实现	mathematical	与此同时，建设不是停留在定义。已经获得对象侧紧块表示、保留任意实步长的完整图闭块编码、任意紧局部步长谱实现，以及对整个函数结构层有效的受控变形定理。真正剩下的是把这些模块闭合到同一个有鉴别力的比较体系。	source-report	deferred	research/audit/RELATIVE_HOLDER_COVERAGE_2026_10_07.md#rht-audit-source		仅来源报告；准确断言：报告任意紧局部步长谱实现。本次未以历史PASS、摘要或邻近定理补该原生范围。	需完整原图构造及所有谱的正反包含证明。
RHT-SYN-U0015	history/sources/次单调论文研究/分类集研究/RLEB_LT_operator_space_research_asset_v1/RLEB_LT_operator_space_research_asset_v1/03_CLASSIFICATION_STAGE/ppa_classification_team/07_stage_synthesis.md	11	11	报告整个函数结构层的受控变形定理	mathematical	与此同时，建设不是停留在定义。已经获得对象侧紧块表示、保留任意实步长的完整图闭块编码、任意紧局部步长谱实现，以及对整个函数结构层有效的受控变形定理。真正剩下的是把这些模块闭合到同一个有鉴别力的比较体系。	source-report	deferred	research/audit/RELATIVE_HOLDER_COVERAGE_2026_10_07.md#rht-audit-source		仅来源报告；准确断言：报告整个函数结构层的受控变形定理。本次未以历史PASS、摘要或邻近定理补该原生范围。	核该结构层所有函数的共轭、真实全纤维EB、RL和兼容保持。
RHT-SYN-U0016	history/sources/次单调论文研究/分类集研究/RLEB_LT_operator_space_research_asset_v1/RLEB_LT_operator_space_research_asset_v1/03_CLASSIFICATION_STAGE/ppa_classification_team/07_stage_synthesis.md	11	11	将各模块闭合到同一有鉴别力的比较体系	programme	与此同时，建设不是停留在定义。已经获得对象侧紧块表示、保留任意实步长的完整图闭块编码、任意紧局部步长谱实现，以及对整个函数结构层有效的受控变形定理。真正剩下的是把这些模块闭合到同一个有鉴别力的比较体系。	nonmathematical	nonmathematical	research/canonical/operator_space_construction_frontier.md#ocf-specification		标题/排版或研究建议；不承担已完成数学结论：将各模块闭合到同一有鉴别力的比较体系	这是开放研究要求而非已证成果；按该锚点保留准确前沿。
RHT-SYN-U0174	history/sources/次单调论文研究/分类集研究/RLEB_LT_operator_space_research_asset_v1/RLEB_LT_operator_space_research_asset_v1/03_CLASSIFICATION_STAGE/ppa_classification_team/07_stage_synthesis.md	12	12	空行/标题/表头/不新增断言的引导语	organization	空LF行	nonmathematical	nonmathematical	research/audit/RELATIVE_HOLDER_COVERAGE_2026_10_07.md#rht-audit-source		标题/排版或研究建议；不承担已完成数学结论：空行/标题/表头/不新增断言的引导语	无本条独立数学结案；相邻实质断言另列。
RHT-SYN-U0017	history/sources/次单调论文研究/分类集研究/RLEB_LT_operator_space_research_asset_v1/RLEB_LT_operator_space_research_asset_v1/03_CLASSIFICATION_STAGE/ppa_classification_team/07_stage_synthesis.md	13	13	先仿射非点结构层、跨尺度与母空间位置，再推广弯曲C1	programme	建议默认继续：**先做仿射非点解集上的非退化结构层及跨尺度分类，同时证明该结构层在中立母空间中的位置；完成后再推广到弯曲 $C^1$ 解流形。** 用户不必先回复才能推进。只有当研究目标明确要求“首个定理必须覆盖任意闭解集、固定同一宏观域和精确尾预算”时，才需要用户确认优先级；那会改变首攻定理的范围，而不是补一条可以替我们完成证明的假设。	nonmathematical	nonmathematical	research/canonical/operator_space_construction_frontier.md#ocf-specification		标题/排版或研究建议；不承担已完成数学结论：先仿射非点结构层、跨尺度与母空间位置，再推广弯曲C1	这是开放研究要求而非已证成果；按该锚点保留准确前沿。
RHT-SYN-U0018	history/sources/次单调论文研究/分类集研究/RLEB_LT_operator_space_research_asset_v1/RLEB_LT_operator_space_research_asset_v1/03_CLASSIFICATION_STAGE/ppa_classification_team/07_stage_synthesis.md	13	13	用户无需补假设及有条件的范围选择建议	organization	建议默认继续：**先做仿射非点解集上的非退化结构层及跨尺度分类，同时证明该结构层在中立母空间中的位置；完成后再推广到弯曲 $C^1$ 解流形。** 用户不必先回复才能推进。只有当研究目标明确要求“首个定理必须覆盖任意闭解集、固定同一宏观域和精确尾预算”时，才需要用户确认优先级；那会改变首攻定理的范围，而不是补一条可以替我们完成证明的假设。	nonmathematical	nonmathematical	research/audit/RELATIVE_HOLDER_COVERAGE_2026_10_07.md#rht-audit-source		标题/排版或研究建议；不承担已完成数学结论：用户无需补假设及有条件的范围选择建议	无本条独立数学结案；相邻实质断言另列。
RHT-SYN-U0175	history/sources/次单调论文研究/分类集研究/RLEB_LT_operator_space_research_asset_v1/RLEB_LT_operator_space_research_asset_v1/03_CLASSIFICATION_STAGE/ppa_classification_team/07_stage_synthesis.md	14	14	空行/标题/表头/不新增断言的引导语	organization	空LF行	nonmathematical	nonmathematical	research/audit/RELATIVE_HOLDER_COVERAGE_2026_10_07.md#rht-audit-source		标题/排版或研究建议；不承担已完成数学结论：空行/标题/表头/不新增断言的引导语	无本条独立数学结案；相邻实质断言另列。
RHT-SYN-U0176	history/sources/次单调论文研究/分类集研究/RLEB_LT_operator_space_research_asset_v1/RLEB_LT_operator_space_research_asset_v1/03_CLASSIFICATION_STAGE/ppa_classification_team/07_stage_synthesis.md	15	15	空行/标题/表头/不新增断言的引导语	organization	## A. 本轮真正完成了什么	nonmathematical	nonmathematical	research/audit/RELATIVE_HOLDER_COVERAGE_2026_10_07.md#rht-audit-source		标题/排版或研究建议；不承担已完成数学结论：空行/标题/表头/不新增断言的引导语	无本条独立数学结案；相邻实质断言另列。
RHT-SYN-U0177	history/sources/次单调论文研究/分类集研究/RLEB_LT_operator_space_research_asset_v1/RLEB_LT_operator_space_research_asset_v1/03_CLASSIFICATION_STAGE/ppa_classification_team/07_stage_synthesis.md	16	16	空行/标题/表头/不新增断言的引导语	organization	空LF行	nonmathematical	nonmathematical	research/audit/RELATIVE_HOLDER_COVERAGE_2026_10_07.md#rht-audit-source		标题/排版或研究建议；不承担已完成数学结论：空行/标题/表头/不新增断言的引导语	无本条独立数学结案；相邻实质断言另列。
RHT-SYN-U0178	history/sources/次单调论文研究/分类集研究/RLEB_LT_operator_space_research_asset_v1/RLEB_LT_operator_space_research_asset_v1/03_CLASSIFICATION_STAGE/ppa_classification_team/07_stage_synthesis.md	17	17	空行/标题/表头/不新增断言的引导语	organization	### A1. 冻结了保留完整原图的中立比较分母	nonmathematical	nonmathematical	research/audit/RELATIVE_HOLDER_COVERAGE_2026_10_07.md#rht-audit-source		标题/排版或研究建议；不承担已完成数学结论：空行/标题/表头/不新增断言的引导语	无本条独立数学结案；相邻实质断言另列。
RHT-SYN-U0179	history/sources/次单调论文研究/分类集研究/RLEB_LT_operator_space_research_asset_v1/RLEB_LT_operator_space_research_asset_v1/03_CLASSIFICATION_STAGE/ppa_classification_team/07_stage_synthesis.md	18	18	空行/标题/表头/不新增断言的引导语	organization	空LF行	nonmathematical	nonmathematical	research/audit/RELATIVE_HOLDER_COVERAGE_2026_10_07.md#rht-audit-source		标题/排版或研究建议；不承担已完成数学结论：空行/标题/表头/不新增断言的引导语	无本条独立数学结案；相邻实质断言另列。
RHT-SYN-U0180	history/sources/次单调论文研究/分类集研究/RLEB_LT_operator_space_research_asset_v1/RLEB_LT_operator_space_research_asset_v1/03_CLASSIFICATION_STAGE/ppa_classification_team/07_stage_synthesis.md	19	19	空行/标题/表头/不新增断言的引导语	organization	规格明确为	nonmathematical	nonmathematical	research/audit/RELATIVE_HOLDER_COVERAGE_2026_10_07.md#rht-audit-source		标题/排版或研究建议；不承担已完成数学结论：空行/标题/表头/不新增断言的引导语	无本条独立数学结案；相邻实质断言另列。
RHT-SYN-U0181	history/sources/次单调论文研究/分类集研究/RLEB_LT_operator_space_research_asset_v1/RLEB_LT_operator_space_research_asset_v1/03_CLASSIFICATION_STAGE/ppa_classification_team/07_stage_synthesis.md	20	20	空行/标题/表头/不新增断言的引导语	organization	空LF行	nonmathematical	nonmathematical	research/audit/RELATIVE_HOLDER_COVERAGE_2026_10_07.md#rht-audit-source		标题/排版或研究建议；不承担已完成数学结论：空行/标题/表头/不新增断言的引导语	无本条独立数学结案；相邻实质断言另列。
RHT-SYN-U0019	history/sources/次单调论文研究/分类集研究/RLEB_LT_operator_space_research_asset_v1/RLEB_LT_operator_space_research_asset_v1/03_CLASSIFICATION_STAGE/ppa_classification_team/07_stage_synthesis.md	21	23	P=(E,U,S,λ,B,W,r*,ω)中立规格	definition	"\[
P=(E,U,S,\lambda,B,W,r_*,\omega),
\]"	source-report	deferred	research/audit/RELATIVE_HOLDER_COVERAGE_2026_10_07.md#rht-audit-source		仅来源报告；准确断言：P=(E,U,S,λ,B,W,r*,ω)中立规格。本次未以历史PASS、摘要或邻近定理补该原生范围。	逐坐标恢复来源的可接受范围、域包含及完整图父空间，不能由参数元组推出Polish。
RHT-SYN-U0182	history/sources/次单调论文研究/分类集研究/RLEB_LT_operator_space_research_asset_v1/RLEB_LT_operator_space_research_asset_v1/03_CLASSIFICATION_STAGE/ppa_classification_team/07_stage_synthesis.md	24	24	空行/标题/表头/不新增断言的引导语	organization	空LF行	nonmathematical	nonmathematical	research/audit/RELATIVE_HOLDER_COVERAGE_2026_10_07.md#rht-audit-source		标题/排版或研究建议；不承担已完成数学结论：空行/标题/表头/不新增断言的引导语	无本条独立数学结案；相邻实质断言另列。
RHT-SYN-U0020	history/sources/次单调论文研究/分类集研究/RLEB_LT_operator_space_research_asset_v1/RLEB_LT_operator_space_research_asset_v1/03_CLASSIFICATION_STAGE/ppa_classification_team/07_stage_synthesis.md	25	25	S为精确零集	mathematical	其中 $S$ 是精确零集，$U$ 上的完整 resolvent 全输入覆盖、单值、连续，$B$ 中全部初值轨道留在 $W\Subset U$。比较分母	source-report	deferred	research/audit/RELATIVE_HOLDER_COVERAGE_2026_10_07.md#rht-audit-source		仅来源报告；准确断言：S为精确零集。本次未以历史PASS、摘要或邻近定理补该原生范围。	在A1所指完整图层核zerF=S的定义与稳定性。
RHT-SYN-U0021	history/sources/次单调论文研究/分类集研究/RLEB_LT_operator_space_research_asset_v1/RLEB_LT_operator_space_research_asset_v1/03_CLASSIFICATION_STAGE/ppa_classification_team/07_stage_synthesis.md	25	25	U上完整resolvent全输入覆盖	mathematical	其中 $S$ 是精确零集，$U$ 上的完整 resolvent 全输入覆盖、单值、连续，$B$ 中全部初值轨道留在 $W\Subset U$。比较分母	source-report	deferred	research/audit/RELATIVE_HOLDER_COVERAGE_2026_10_07.md#rht-audit-source		仅来源报告；准确断言：U上完整resolvent全输入覆盖。本次未以历史PASS、摘要或邻近定理补该原生范围。	对所有U输入核全部原图纤维存在。
RHT-SYN-U0022	history/sources/次单调论文研究/分类集研究/RLEB_LT_operator_space_research_asset_v1/RLEB_LT_operator_space_research_asset_v1/03_CLASSIFICATION_STAGE/ppa_classification_team/07_stage_synthesis.md	25	25	U上完整resolvent单值	mathematical	其中 $S$ 是精确零集，$U$ 上的完整 resolvent 全输入覆盖、单值、连续，$B$ 中全部初值轨道留在 $W\Subset U$。比较分母	source-report	deferred	research/audit/RELATIVE_HOLDER_COVERAGE_2026_10_07.md#rht-audit-source		仅来源报告；准确断言：U上完整resolvent单值。本次未以历史PASS、摘要或邻近定理补该原生范围。	核完整图全部输出，不是所选支。
RHT-SYN-U0023	history/sources/次单调论文研究/分类集研究/RLEB_LT_operator_space_research_asset_v1/RLEB_LT_operator_space_research_asset_v1/03_CLASSIFICATION_STAGE/ppa_classification_team/07_stage_synthesis.md	25	25	U上完整resolvent连续	mathematical	其中 $S$ 是精确零集，$U$ 上的完整 resolvent 全输入覆盖、单值、连续，$B$ 中全部初值轨道留在 $W\Subset U$。比较分母	source-report	deferred	research/audit/RELATIVE_HOLDER_COVERAGE_2026_10_07.md#rht-audit-source		仅来源报告；准确断言：U上完整resolvent连续。本次未以历史PASS、摘要或邻近定理补该原生范围。	给原图空间到此局部映射的拓扑门。
RHT-SYN-U0024	history/sources/次单调论文研究/分类集研究/RLEB_LT_operator_space_research_asset_v1/RLEB_LT_operator_space_research_asset_v1/03_CLASSIFICATION_STAGE/ppa_classification_team/07_stage_synthesis.md	25	25	B全初值轨道留于W紧含U	mathematical	其中 $S$ 是精确零集，$U$ 上的完整 resolvent 全输入覆盖、单值、连续，$B$ 中全部初值轨道留在 $W\Subset U$。比较分母	source-report	deferred	research/audit/RELATIVE_HOLDER_COVERAGE_2026_10_07.md#rht-audit-source		仅来源报告；准确断言：B全初值轨道留于W紧含U。本次未以历史PASS、摘要或邻近定理补该原生范围。	在同一λ/域核所有迭代存在与留域，不借尾标签。
RHT-SYN-U0183	history/sources/次单调论文研究/分类集研究/RLEB_LT_operator_space_research_asset_v1/RLEB_LT_operator_space_research_asset_v1/03_CLASSIFICATION_STAGE/ppa_classification_team/07_stage_synthesis.md	26	26	空行/标题/表头/不新增断言的引导语	organization	空LF行	nonmathematical	nonmathematical	research/audit/RELATIVE_HOLDER_COVERAGE_2026_10_07.md#rht-audit-source		标题/排版或研究建议；不承担已完成数学结论：空行/标题/表头/不新增断言的引导语	无本条独立数学结案；相邻实质断言另列。
RHT-SYN-U0025	history/sources/次单调论文研究/分类集研究/RLEB_LT_operator_space_research_asset_v1/RLEB_LT_operator_space_research_asset_v1/03_CLASSIFICATION_STAGE/ppa_classification_team/07_stage_synthesis.md	27	30	Dωλ(P)由全B全部m≥n的实际Cauchy尾定义	definition	"\[
\mathfrak D_\omega^\lambda(P)
=\{G:\|x_m^G-x_n^G\|_B\le\omega_n\quad(m\ge n)\}
\]"	source-report	deferred	research/audit/RELATIVE_HOLDER_COVERAGE_2026_10_07.md#rht-audit-source		仅来源报告；准确断言：Dωλ(P)由全B全部m≥n的实际Cauchy尾定义。本次未以历史PASS、摘要或邻近定理补该原生范围。	补源图/轨道良定前提、n的起点与是否另有到S距离条件，不能仅由显示Cauchy式推出极限落S。
RHT-SYN-U0184	history/sources/次单调论文研究/分类集研究/RLEB_LT_operator_space_research_asset_v1/RLEB_LT_operator_space_research_asset_v1/03_CLASSIFICATION_STAGE/ppa_classification_team/07_stage_synthesis.md	31	31	空行/标题/表头/不新增断言的引导语	organization	空LF行	nonmathematical	nonmathematical	research/audit/RELATIVE_HOLDER_COVERAGE_2026_10_07.md#rht-audit-source		标题/排版或研究建议；不承担已完成数学结论：空行/标题/表头/不新增断言的引导语	无本条独立数学结案；相邻实质断言另列。
RHT-SYN-U0026	history/sources/次单调论文研究/分类集研究/RLEB_LT_operator_space_research_asset_v1/RLEB_LT_operator_space_research_asset_v1/03_CLASSIFICATION_STAGE/ppa_classification_team/07_stage_synthesis.md	32	32	定义分母不预设认证标签、Hölder指数或超吸引形式的设计口径	organization	只用实际动力学定义，不预设 RLEB、LT、Hölder 指数或超吸引形式。	nonmathematical	nonmathematical	research/audit/RELATIVE_HOLDER_COVERAGE_2026_10_07.md#rht-audit-source		标题/排版或研究建议；不承担已完成数学结论：定义分母不预设认证标签、Hölder指数或超吸引形式的设计口径	无本条独立数学结案；相邻实质断言另列。
RHT-SYN-U0185	history/sources/次单调论文研究/分类集研究/RLEB_LT_operator_space_research_asset_v1/RLEB_LT_operator_space_research_asset_v1/03_CLASSIFICATION_STAGE/ppa_classification_team/07_stage_synthesis.md	33	33	空行/标题/表头/不新增断言的引导语	organization	空LF行	nonmathematical	nonmathematical	research/audit/RELATIVE_HOLDER_COVERAGE_2026_10_07.md#rht-audit-source		标题/排版或研究建议；不承担已完成数学结论：空行/标题/表头/不新增断言的引导语	无本条独立数学结案；相邻实质断言另列。
RHT-SYN-U0027	history/sources/次单调论文研究/分类集研究/RLEB_LT_operator_space_research_asset_v1/RLEB_LT_operator_space_research_asset_v1/03_CLASSIFICATION_STAGE/ppa_classification_team/07_stage_synthesis.md	34	34	良定exact-S完整原图层为AW-Polish	mathematical	已证明：良定 exact-$S$ 原图层为 AW-Polish；留域和共同实际尾条件相对闭；在这一固定尾层上，保留原图坐标的全时间拓扑与 AW 拓扑相同。完整原图不能被局部 $T|_U$ 替代：局部动力学完全相同的两个原算子仍可能具有不同真实最小残差。	source-report	deferred	research/audit/RELATIVE_HOLDER_COVERAGE_2026_10_07.md#rht-audit-source		仅来源报告；准确断言：良定exact-S完整原图层为AW-Polish。本次未以历史PASS、摘要或邻近定理补该原生范围。	明确完整图父空间与局部良定域条件，逐项证明Gδ/完备可分；C179不提供此身份。
RHT-SYN-U0028	history/sources/次单调论文研究/分类集研究/RLEB_LT_operator_space_research_asset_v1/RLEB_LT_operator_space_research_asset_v1/03_CLASSIFICATION_STAGE/ppa_classification_team/07_stage_synthesis.md	34	34	留域条件相对闭	mathematical	已证明：良定 exact-$S$ 原图层为 AW-Polish；留域和共同实际尾条件相对闭；在这一固定尾层上，保留原图坐标的全时间拓扑与 AW 拓扑相同。完整原图不能被局部 $T|_U$ 替代：局部动力学完全相同的两个原算子仍可能具有不同真实最小残差。	source-report	deferred	research/audit/RELATIVE_HOLDER_COVERAGE_2026_10_07.md#rht-audit-source		仅来源报告；准确断言：留域条件相对闭。本次未以历史PASS、摘要或邻近定理补该原生范围。	核源空间收敛是否控制全部所需完整近端输出和边界。
RHT-SYN-U0029	history/sources/次单调论文研究/分类集研究/RLEB_LT_operator_space_research_asset_v1/RLEB_LT_operator_space_research_asset_v1/03_CLASSIFICATION_STAGE/ppa_classification_team/07_stage_synthesis.md	34	34	共同实际尾条件相对闭	mathematical	已证明：良定 exact-$S$ 原图层为 AW-Polish；留域和共同实际尾条件相对闭；在这一固定尾层上，保留原图坐标的全时间拓扑与 AW 拓扑相同。完整原图不能被局部 $T|_U$ 替代：局部动力学完全相同的两个原算子仍可能具有不同真实最小残差。	source-report	deferred	research/audit/RELATIVE_HOLDER_COVERAGE_2026_10_07.md#rht-audit-source		仅来源报告；准确断言：共同实际尾条件相对闭。本次未以历史PASS、摘要或邻近定理补该原生范围。	核固定域上有限迭代连续及共同尾闭传递。
RHT-SYN-U0030	history/sources/次单调论文研究/分类集研究/RLEB_LT_operator_space_research_asset_v1/RLEB_LT_operator_space_research_asset_v1/03_CLASSIFICATION_STAGE/ppa_classification_team/07_stage_synthesis.md	34	34	固定尾层完整图全时间拓扑等于AW拓扑	mathematical	已证明：良定 exact-$S$ 原图层为 AW-Polish；留域和共同实际尾条件相对闭；在这一固定尾层上，保留原图坐标的全时间拓扑与 AW 拓扑相同。完整原图不能被局部 $T|_U$ 替代：局部动力学完全相同的两个原算子仍可能具有不同真实最小残差。	source-report	deferred	research/audit/RELATIVE_HOLDER_COVERAGE_2026_10_07.md#rht-audit-source		仅来源报告；准确断言：固定尾层完整图全时间拓扑等于AW拓扑。本次未以历史PASS、摘要或邻近定理补该原生范围。	证明保留完整图坐标的两个方向拓扑比较；C06只为T-only。
RHT-SYN-U0031	history/sources/次单调论文研究/分类集研究/RLEB_LT_operator_space_research_asset_v1/RLEB_LT_operator_space_research_asset_v1/03_CLASSIFICATION_STAGE/ppa_classification_team/07_stage_synthesis.md	34	34	相同局部T不能替代完整原图	mathematical	已证明：良定 exact-$S$ 原图层为 AW-Polish；留域和共同实际尾条件相对闭；在这一固定尾层上，保留原图坐标的全时间拓扑与 AW 拓扑相同。完整原图不能被局部 $T|_U$ 替代：局部动力学完全相同的两个原算子仍可能具有不同真实最小残差。	source-report	deferred	research/audit/RELATIVE_HOLDER_COVERAGE_2026_10_07.md#rht-audit-source		仅来源报告；准确断言：相同局部T不能替代完整原图。本次未以历史PASS、摘要或邻近定理补该原生范围。	源层的准确反例及其域外完整纤维需要匹配；保留原生身份门。
RHT-SYN-U0032	history/sources/次单调论文研究/分类集研究/RLEB_LT_operator_space_research_asset_v1/RLEB_LT_operator_space_research_asset_v1/03_CLASSIFICATION_STAGE/ppa_classification_team/07_stage_synthesis.md	34	34	相同局部动力可有不同真实最小残差	mathematical	已证明：良定 exact-$S$ 原图层为 AW-Polish；留域和共同实际尾条件相对闭；在这一固定尾层上，保留原图坐标的全时间拓扑与 AW 拓扑相同。完整原图不能被局部 $T|_U$ 替代：局部动力学完全相同的两个原算子仍可能具有不同真实最小残差。	source-report	deferred	research/audit/RELATIVE_HOLDER_COVERAGE_2026_10_07.md#rht-audit-source		仅来源报告；准确断言：相同局部动力可有不同真实最小残差。本次未以历史PASS、摘要或邻近定理补该原生范围。	核源完整关系对及残差inf的显式差值，不能以步长残差替代。
RHT-SYN-U0186	history/sources/次单调论文研究/分类集研究/RLEB_LT_operator_space_research_asset_v1/RLEB_LT_operator_space_research_asset_v1/03_CLASSIFICATION_STAGE/ppa_classification_team/07_stage_synthesis.md	35	35	空行/标题/表头/不新增断言的引导语	organization	空LF行	nonmathematical	nonmathematical	research/audit/RELATIVE_HOLDER_COVERAGE_2026_10_07.md#rht-audit-source		标题/排版或研究建议；不承担已完成数学结论：空行/标题/表头/不新增断言的引导语	无本条独立数学结案；相邻实质断言另列。
RHT-SYN-U0187	history/sources/次单调论文研究/分类集研究/RLEB_LT_operator_space_research_asset_v1/RLEB_LT_operator_space_research_asset_v1/03_CLASSIFICATION_STAGE/ppa_classification_team/07_stage_synthesis.md	36	36	空行/标题/表头/不新增断言的引导语	organization	### A2. 证书存在性已有无标签对象表示	nonmathematical	nonmathematical	research/audit/RELATIVE_HOLDER_COVERAGE_2026_10_07.md#rht-audit-source		标题/排版或研究建议；不承担已完成数学结论：空行/标题/表头/不新增断言的引导语	无本条独立数学结案；相邻实质断言另列。
RHT-SYN-U0188	history/sources/次单调论文研究/分类集研究/RLEB_LT_operator_space_research_asset_v1/RLEB_LT_operator_space_research_asset_v1/03_CLASSIFICATION_STAGE/ppa_classification_team/07_stage_synthesis.md	37	37	空行/标题/表头/不新增断言的引导语	organization	空LF行	nonmathematical	nonmathematical	research/audit/RELATIVE_HOLDER_COVERAGE_2026_10_07.md#rht-audit-source		标题/排版或研究建议；不承担已完成数学结论：空行/标题/表头/不新增断言的引导语	无本条独立数学结案；相邻实质断言另列。
RHT-SYN-U0189	history/sources/次单调论文研究/分类集研究/RLEB_LT_operator_space_research_asset_v1/RLEB_LT_operator_space_research_asset_v1/03_CLASSIFICATION_STAGE/ppa_classification_team/07_stage_synthesis.md	38	38	空行/标题/表头/不新增断言的引导语	organization	在合法的完整紧源图卡	nonmathematical	nonmathematical	research/audit/RELATIVE_HOLDER_COVERAGE_2026_10_07.md#rht-audit-source		标题/排版或研究建议；不承担已完成数学结论：空行/标题/表头/不新增断言的引导语	无本条独立数学结案；相邻实质断言另列。
RHT-SYN-U0190	history/sources/次单调论文研究/分类集研究/RLEB_LT_operator_space_research_asset_v1/RLEB_LT_operator_space_research_asset_v1/03_CLASSIFICATION_STAGE/ppa_classification_team/07_stage_synthesis.md	39	39	空行/标题/表头/不新增断言的引导语	organization	空LF行	nonmathematical	nonmathematical	research/audit/RELATIVE_HOLDER_COVERAGE_2026_10_07.md#rht-audit-source		标题/排版或研究建议；不承担已完成数学结论：空行/标题/表头/不新增断言的引导语	无本条独立数学结案；相邻实质断言另列。
RHT-SYN-U0033	history/sources/次单调论文研究/分类集研究/RLEB_LT_operator_space_research_asset_v1/RLEB_LT_operator_space_research_asset_v1/03_CLASSIFICATION_STAGE/ppa_classification_team/07_stage_synthesis.md	40	42	固定λ完整F_T,K源图定义	definition	"\[
F_{T,K}(u)=\{(x-u)/\lambda:x\in K,\ Tx=u\}
\]"	derived-checked	duplicate	research/canonical/uniform_holder_thinness.md#uht-source-card	C180-v1	准确复用已存在规范结论；断言：固定λ完整F_T,K源图定义；沿所列锚点核同对象/量词，不升级更广来源报告。	图卡代数已恢复；本行不认证紧预算块或具体认证谓词。
RHT-SYN-U0191	history/sources/次单调论文研究/分类集研究/RLEB_LT_operator_space_research_asset_v1/RLEB_LT_operator_space_research_asset_v1/03_CLASSIFICATION_STAGE/ppa_classification_team/07_stage_synthesis.md	43	43	空行/标题/表头/不新增断言的引导语	organization	空LF行	nonmathematical	nonmathematical	research/audit/RELATIVE_HOLDER_COVERAGE_2026_10_07.md#rht-audit-source		标题/排版或研究建议；不承担已完成数学结论：空行/标题/表头/不新增断言的引导语	无本条独立数学结案；相邻实质断言另列。
RHT-SYN-U0034	history/sources/次单调论文研究/分类集研究/RLEB_LT_operator_space_research_asset_v1/RLEB_LT_operator_space_research_asset_v1/03_CLASSIFICATION_STAGE/ppa_classification_team/07_stage_synthesis.md	44	44	direct-RLEB对象像Kσ	mathematical	内，direct-RLEB、普通 gauge 的 energy-RLEB、LT 公共 all-pairs 认证类均为对象侧 $K_\sigma$：可数个紧算子块的并。证明通过连续违约量、参数紧化和 Arzelà–Ascoli 完成；没有使用“证书空间小，所以对象像小”的错误推理。	source-report	deferred	research/audit/RELATIVE_HOLDER_COVERAGE_2026_10_07.md#rht-audit-source		仅来源报告；准确断言：direct-RLEB对象像Kσ。本次未以历史PASS、摘要或邻近定理补该原生范围。	固定全部参数/规范gauge并证明同对象紧块与可数等价耗尽。
RHT-SYN-U0035	history/sources/次单调论文研究/分类集研究/RLEB_LT_operator_space_research_asset_v1/RLEB_LT_operator_space_research_asset_v1/03_CLASSIFICATION_STAGE/ppa_classification_team/07_stage_synthesis.md	44	44	ordinary-gauge energy-RLEB对象像Kσ	mathematical	内，direct-RLEB、普通 gauge 的 energy-RLEB、LT 公共 all-pairs 认证类均为对象侧 $K_\sigma$：可数个紧算子块的并。证明通过连续违约量、参数紧化和 Arzelà–Ascoli 完成；没有使用“证书空间小，所以对象像小”的错误推理。	source-report	deferred	research/audit/RELATIVE_HOLDER_COVERAGE_2026_10_07.md#rht-audit-source		仅来源报告；准确断言：ordinary-gauge energy-RLEB对象像Kσ。本次未以历史PASS、摘要或邻近定理补该原生范围。	核普通gauge全域与能量证书闭约束、参数紧化及对象投影。
RHT-SYN-U0036	history/sources/次单调论文研究/分类集研究/RLEB_LT_operator_space_research_asset_v1/RLEB_LT_operator_space_research_asset_v1/03_CLASSIFICATION_STAGE/ppa_classification_team/07_stage_synthesis.md	44	44	LT公共all-pairs认证像Kσ	mathematical	内，direct-RLEB、普通 gauge 的 energy-RLEB、LT 公共 all-pairs 认证类均为对象侧 $K_\sigma$：可数个紧算子块的并。证明通过连续违约量、参数紧化和 Arzelà–Ascoli 完成；没有使用“证书空间小，所以对象像小”的错误推理。	source-report	deferred	research/audit/RELATIVE_HOLDER_COVERAGE_2026_10_07.md#rht-audit-source		仅来源报告；准确断言：LT公共all-pairs认证像Kσ。本次未以历史PASS、摘要或邻近定理补该原生范围。	核LT完整定义和同图同域闭预算穷尽。
RHT-SYN-U0037	history/sources/次单调论文研究/分类集研究/RLEB_LT_operator_space_research_asset_v1/RLEB_LT_operator_space_research_asset_v1/03_CLASSIFICATION_STAGE/ppa_classification_team/07_stage_synthesis.md	44	44	连续违约量完成证明	mathematical	内，direct-RLEB、普通 gauge 的 energy-RLEB、LT 公共 all-pairs 认证类均为对象侧 $K_\sigma$：可数个紧算子块的并。证明通过连续违约量、参数紧化和 Arzelà–Ascoli 完成；没有使用“证书空间小，所以对象像小”的错误推理。	source-report	deferred	research/audit/RELATIVE_HOLDER_COVERAGE_2026_10_07.md#rht-audit-source		仅来源报告；准确断言：连续违约量完成证明。本次未以历史PASS、摘要或邻近定理补该原生范围。	恢复所用违约泛函的连续性和全部图点量词。
RHT-SYN-U0038	history/sources/次单调论文研究/分类集研究/RLEB_LT_operator_space_research_asset_v1/RLEB_LT_operator_space_research_asset_v1/03_CLASSIFICATION_STAGE/ppa_classification_team/07_stage_synthesis.md	44	44	参数紧化完成证明	mathematical	内，direct-RLEB、普通 gauge 的 energy-RLEB、LT 公共 all-pairs 认证类均为对象侧 $K_\sigma$：可数个紧算子块的并。证明通过连续违约量、参数紧化和 Arzelà–Ascoli 完成；没有使用“证书空间小，所以对象像小”的错误推理。	source-report	deferred	research/audit/RELATIVE_HOLDER_COVERAGE_2026_10_07.md#rht-audit-source		仅来源报告；准确断言：参数紧化完成证明。本次未以历史PASS、摘要或邻近定理补该原生范围。	核参数紧块确实覆盖所有实证书及边界严格不等式。
RHT-SYN-U0039	history/sources/次单调论文研究/分类集研究/RLEB_LT_operator_space_research_asset_v1/RLEB_LT_operator_space_research_asset_v1/03_CLASSIFICATION_STAGE/ppa_classification_team/07_stage_synthesis.md	44	44	Arzelà–Ascoli完成证明	mathematical	内，direct-RLEB、普通 gauge 的 energy-RLEB、LT 公共 all-pairs 认证类均为对象侧 $K_\sigma$：可数个紧算子块的并。证明通过连续违约量、参数紧化和 Arzelà–Ascoli 完成；没有使用“证书空间小，所以对象像小”的错误推理。	source-report	deferred	research/audit/RELATIVE_HOLDER_COVERAGE_2026_10_07.md#rht-audit-source		仅来源报告；准确断言：Arzelà–Ascoli完成证明。本次未以历史PASS、摘要或邻近定理补该原生范围。	核同一对象块的统一模、有界性及闭性。
RHT-SYN-U0040	history/sources/次单调论文研究/分类集研究/RLEB_LT_operator_space_research_asset_v1/RLEB_LT_operator_space_research_asset_v1/03_CLASSIFICATION_STAGE/ppa_classification_team/07_stage_synthesis.md	44	44	不使用证书空间小即对象像小的推理	organization	内，direct-RLEB、普通 gauge 的 energy-RLEB、LT 公共 all-pairs 认证类均为对象侧 $K_\sigma$：可数个紧算子块的并。证明通过连续违约量、参数紧化和 Arzelà–Ascoli 完成；没有使用“证书空间小，所以对象像小”的错误推理。	nonmathematical	nonmathematical	research/audit/RELATIVE_HOLDER_COVERAGE_2026_10_07.md#rht-audit-source		标题/排版或研究建议；不承担已完成数学结论：不使用证书空间小即对象像小的推理	无本条独立数学结案；相邻实质断言另列。
RHT-SYN-U0192	history/sources/次单调论文研究/分类集研究/RLEB_LT_operator_space_research_asset_v1/RLEB_LT_operator_space_research_asset_v1/03_CLASSIFICATION_STAGE/ppa_classification_team/07_stage_synthesis.md	45	45	空行/标题/表头/不新增断言的引导语	organization	空LF行	nonmathematical	nonmathematical	research/audit/RELATIVE_HOLDER_COVERAGE_2026_10_07.md#rht-audit-source		标题/排版或研究建议；不承担已完成数学结论：空行/标题/表头/不新增断言的引导语	无本条独立数学结案；相邻实质断言另列。
RHT-SYN-U0041	history/sources/次单调论文研究/分类集研究/RLEB_LT_operator_space_research_asset_v1/RLEB_LT_operator_space_research_asset_v1/03_CLASSIFICATION_STAGE/ppa_classification_team/07_stage_synthesis.md	46	46	每个固定预算对象块有共同实际尾	mathematical	每个固定预算对象块也在全时间拓扑中紧，因为该块有共同实际尾。	source-report	deferred	research/audit/RELATIVE_HOLDER_COVERAGE_2026_10_07.md#rht-audit-source		仅来源报告；准确断言：每个固定预算对象块有共同实际尾。本次未以历史PASS、摘要或邻近定理补该原生范围。	各原生预算的兼容、留域与统一尾须逐类证明。
RHT-SYN-U0042	history/sources/次单调论文研究/分类集研究/RLEB_LT_operator_space_research_asset_v1/RLEB_LT_operator_space_research_asset_v1/03_CLASSIFICATION_STAGE/ppa_classification_team/07_stage_synthesis.md	46	46	每个预算块在全时间拓扑紧	mathematical	每个固定预算对象块也在全时间拓扑中紧，因为该块有共同实际尾。	source-report	deferred	research/audit/RELATIVE_HOLDER_COVERAGE_2026_10_07.md#rht-audit-source		仅来源报告；准确断言：每个预算块在全时间拓扑紧。本次未以历史PASS、摘要或邻近定理补该原生范围。	源块先证一致紧且有同一零尾；C06条件工具不能自动认证源块。
RHT-SYN-U0193	history/sources/次单调论文研究/分类集研究/RLEB_LT_operator_space_research_asset_v1/RLEB_LT_operator_space_research_asset_v1/03_CLASSIFICATION_STAGE/ppa_classification_team/07_stage_synthesis.md	47	47	空行/标题/表头/不新增断言的引导语	organization	空LF行	nonmathematical	nonmathematical	research/audit/RELATIVE_HOLDER_COVERAGE_2026_10_07.md#rht-audit-source		标题/排版或研究建议；不承担已完成数学结论：空行/标题/表头/不新增断言的引导语	无本条独立数学结案；相邻实质断言另列。
RHT-SYN-U0043	history/sources/次单调论文研究/分类集研究/RLEB_LT_operator_space_research_asset_v1/RLEB_LT_operator_space_research_asset_v1/03_CLASSIFICATION_STAGE/ppa_classification_team/07_stage_synthesis.md	48	48	F_T,K是主动定义完整源图，不是裁剪既有F	mathematical	**范围不能丢失：**这是整个原算子被定义为 $F_{T,K}$ 的图卡，不是把任意已有全局 $F$ 的外部图点裁掉后得到的结论。	derived-checked	duplicate	research/canonical/uniform_holder_thinness.md#uht-source-card	C180-v1	准确复用已存在规范结论；断言：F_T,K是主动定义完整源图，不是裁剪既有F；沿所列锚点核同对象/量词，不升级更广来源报告。	无该已证精确子句的新义务；不认证同行更宽原生图或历史行为。
RHT-SYN-U0194	history/sources/次单调论文研究/分类集研究/RLEB_LT_operator_space_research_asset_v1/RLEB_LT_operator_space_research_asset_v1/03_CLASSIFICATION_STAGE/ppa_classification_team/07_stage_synthesis.md	49	49	空行/标题/表头/不新增断言的引导语	organization	空LF行	nonmathematical	nonmathematical	research/audit/RELATIVE_HOLDER_COVERAGE_2026_10_07.md#rht-audit-source		标题/排版或研究建议；不承担已完成数学结论：空行/标题/表头/不新增断言的引导语	无本条独立数学结案；相邻实质断言另列。
RHT-SYN-U0195	history/sources/次单调论文研究/分类集研究/RLEB_LT_operator_space_research_asset_v1/RLEB_LT_operator_space_research_asset_v1/03_CLASSIFICATION_STAGE/ppa_classification_team/07_stage_synthesis.md	50	50	空行/标题/表头/不新增断言的引导语	organization	### A3. 任意实步长的编码已绕开一个真实障碍	nonmathematical	nonmathematical	research/audit/RELATIVE_HOLDER_COVERAGE_2026_10_07.md#rht-audit-source		标题/排版或研究建议；不承担已完成数学结论：空行/标题/表头/不新增断言的引导语	无本条独立数学结案；相邻实质断言另列。
RHT-SYN-U0196	history/sources/次单调论文研究/分类集研究/RLEB_LT_operator_space_research_asset_v1/RLEB_LT_operator_space_research_asset_v1/03_CLASSIFICATION_STAGE/ppa_classification_team/07_stage_synthesis.md	51	51	空行/标题/表头/不新增断言的引导语	organization	空LF行	nonmathematical	nonmathematical	research/audit/RELATIVE_HOLDER_COVERAGE_2026_10_07.md#rht-audit-source		标题/排版或研究建议；不承担已完成数学结论：空行/标题/表头/不新增断言的引导语	无本条独立数学结案；相邻实质断言另列。
RHT-SYN-U0044	history/sources/次单调论文研究/分类集研究/RLEB_LT_operator_space_research_asset_v1/RLEB_LT_operator_space_research_asset_v1/03_CLASSIFICATION_STAGE/ppa_classification_team/07_stage_synthesis.md	52	52	固定锚允许缩域germ中LT像Fσ	mathematical	对固定解锚点、允许合法缩域的完整原图 germ，LT、direct-RLEB、energy-RLEB 的认证类及其联合步长图均获得 $F_\sigma$ 表示。	source-report	deferred	research/canonical/operator_space_construction_frontier.md#ocf-g		仅来源报告；准确断言：固定锚允许缩域germ中LT像Fσ。本次未以历史PASS、摘要或邻近定理补该原生范围。	先定义原germ空间、完整认证谓词及闭预算等价穷尽。
RHT-SYN-U0045	history/sources/次单调论文研究/分类集研究/RLEB_LT_operator_space_research_asset_v1/RLEB_LT_operator_space_research_asset_v1/03_CLASSIFICATION_STAGE/ppa_classification_team/07_stage_synthesis.md	52	52	固定锚允许缩域germ中direct像Fσ	mathematical	对固定解锚点、允许合法缩域的完整原图 germ，LT、direct-RLEB、energy-RLEB 的认证类及其联合步长图均获得 $F_\sigma$ 表示。	source-report	deferred	research/canonical/operator_space_construction_frontier.md#ocf-g		仅来源报告；准确断言：固定锚允许缩域germ中direct像Fσ。本次未以历史PASS、摘要或邻近定理补该原生范围。	同一原生空间证明direct预算闭性与可数耗尽。
RHT-SYN-U0046	history/sources/次单调论文研究/分类集研究/RLEB_LT_operator_space_research_asset_v1/RLEB_LT_operator_space_research_asset_v1/03_CLASSIFICATION_STAGE/ppa_classification_team/07_stage_synthesis.md	52	52	固定锚允许缩域germ中energy像Fσ	mathematical	对固定解锚点、允许合法缩域的完整原图 germ，LT、direct-RLEB、energy-RLEB 的认证类及其联合步长图均获得 $F_\sigma$ 表示。	source-report	deferred	research/canonical/operator_space_construction_frontier.md#ocf-g		仅来源报告；准确断言：固定锚允许缩域germ中energy像Fσ。本次未以历史PASS、摘要或邻近定理补该原生范围。	同一原生空间证明energy预算闭性与可数耗尽。
RHT-SYN-U0047	history/sources/次单调论文研究/分类集研究/RLEB_LT_operator_space_research_asset_v1/RLEB_LT_operator_space_research_asset_v1/03_CLASSIFICATION_STAGE/ppa_classification_team/07_stage_synthesis.md	52	52	三个联合步长图Fσ	mathematical	对固定解锚点、允许合法缩域的完整原图 germ，LT、direct-RLEB、energy-RLEB 的认证类及其联合步长图均获得 $F_\sigma$ 表示。	source-report	deferred	research/canonical/operator_space_construction_frontier.md#ocf-g		仅来源报告；准确断言：三个联合步长图Fσ。本次未以历史PASS、摘要或邻近定理补该原生范围。	联合空间X×(0,∞)及完整实参数闭性另核；不能由各切片Fσ推联合。
RHT-SYN-U0197	history/sources/次单调论文研究/分类集研究/RLEB_LT_operator_space_research_asset_v1/RLEB_LT_operator_space_research_asset_v1/03_CLASSIFICATION_STAGE/ppa_classification_team/07_stage_synthesis.md	53	53	空行/标题/表头/不新增断言的引导语	organization	空LF行	nonmathematical	nonmathematical	research/audit/RELATIVE_HOLDER_COVERAGE_2026_10_07.md#rht-audit-source		标题/排版或研究建议；不承担已完成数学结论：空行/标题/表头/不新增断言的引导语	无本条独立数学结案；相邻实质断言另列。
RHT-SYN-U0048	history/sources/次单调论文研究/分类集研究/RLEB_LT_operator_space_research_asset_v1/RLEB_LT_operator_space_research_asset_v1/03_CLASSIFICATION_STAGE/ppa_classification_team/07_stage_synthesis.md	54	54	正实步长放入紧参数块后消去	mathematical	步长 $\mu>0$ 本身放入紧参数块后消去；不需要假设可用步长谱开放，更不需要把实步长偷换成有理步长。闭块证明同时控制完整覆盖、全部图点上的 RL 和真实全纤维 EB。	source-report	deferred	research/canonical/operator_space_construction_frontier.md#ocf-g		仅来源报告；准确断言：正实步长放入紧参数块后消去。本次未以历史PASS、摘要或邻近定理补该原生范围。	逐类证明投影闭且等价可数耗尽，不凭参数域可σ紧就判认证像。
RHT-SYN-U0049	history/sources/次单调论文研究/分类集研究/RLEB_LT_operator_space_research_asset_v1/RLEB_LT_operator_space_research_asset_v1/03_CLASSIFICATION_STAGE/ppa_classification_team/07_stage_synthesis.md	54	54	不需可用步长谱开放	mathematical	步长 $\mu>0$ 本身放入紧参数块后消去；不需要假设可用步长谱开放，更不需要把实步长偷换成有理步长。闭块证明同时控制完整覆盖、全部图点上的 RL 和真实全纤维 EB。	source-report	deferred	research/canonical/operator_space_construction_frontier.md#ocf-g		仅来源报告；准确断言：不需可用步长谱开放。本次未以历史PASS、摘要或邻近定理补该原生范围。	给正确的紧实参数投影论证后方可省开放门。
RHT-SYN-U0050	history/sources/次单调论文研究/分类集研究/RLEB_LT_operator_space_research_asset_v1/RLEB_LT_operator_space_research_asset_v1/03_CLASSIFICATION_STAGE/ppa_classification_team/07_stage_synthesis.md	54	54	实步长不必换成有理步长	mathematical	步长 $\mu>0$ 本身放入紧参数块后消去；不需要假设可用步长谱开放，更不需要把实步长偷换成有理步长。闭块证明同时控制完整覆盖、全部图点上的 RL 和真实全纤维 EB。	source-report	deferred	research/canonical/operator_space_construction_frontier.md#ocf-g		仅来源报告；准确断言：实步长不必换成有理步长。本次未以历史PASS、摘要或邻近定理补该原生范围。	核全部实λ量词与可数紧覆盖，不以稠密有理数替代存在。
RHT-SYN-U0051	history/sources/次单调论文研究/分类集研究/RLEB_LT_operator_space_research_asset_v1/RLEB_LT_operator_space_research_asset_v1/03_CLASSIFICATION_STAGE/ppa_classification_team/07_stage_synthesis.md	54	54	闭块控制完整覆盖	mathematical	步长 $\mu>0$ 本身放入紧参数块后消去；不需要假设可用步长谱开放，更不需要把实步长偷换成有理步长。闭块证明同时控制完整覆盖、全部图点上的 RL 和真实全纤维 EB。	source-report	deferred	research/canonical/operator_space_construction_frontier.md#ocf-g		仅来源报告；准确断言：闭块控制完整覆盖。本次未以历史PASS、摘要或邻近定理补该原生范围。	覆盖和完整纤维存在的闭传递独立证明。
RHT-SYN-U0052	history/sources/次单调论文研究/分类集研究/RLEB_LT_operator_space_research_asset_v1/RLEB_LT_operator_space_research_asset_v1/03_CLASSIFICATION_STAGE/ppa_classification_team/07_stage_synthesis.md	54	54	闭块控制全部图点RL	mathematical	步长 $\mu>0$ 本身放入紧参数块后消去；不需要假设可用步长谱开放，更不需要把实步长偷换成有理步长。闭块证明同时控制完整覆盖、全部图点上的 RL 和真实全纤维 EB。	source-report	deferred	research/canonical/operator_space_construction_frontier.md#ocf-g		仅来源报告；准确断言：闭块控制全部图点RL。本次未以历史PASS、摘要或邻近定理补该原生范围。	源图收敛下所有点对与同尺度闭传递。
RHT-SYN-U0053	history/sources/次单调论文研究/分类集研究/RLEB_LT_operator_space_research_asset_v1/RLEB_LT_operator_space_research_asset_v1/03_CLASSIFICATION_STAGE/ppa_classification_team/07_stage_synthesis.md	54	54	闭块控制真全纤维EB	mathematical	步长 $\mu>0$ 本身放入紧参数块后消去；不需要假设可用步长谱开放，更不需要把实步长偷换成有理步长。闭块证明同时控制完整覆盖、全部图点上的 RL 和真实全纤维 EB。	source-report	deferred	research/canonical/operator_space_construction_frontier.md#ocf-g		仅来源报告；准确断言：闭块控制真全纤维EB。本次未以历史PASS、摘要或邻近定理补该原生范围。	必须是inf残差且满足取到或gauge右连续门。
RHT-SYN-U0198	history/sources/次单调论文研究/分类集研究/RLEB_LT_operator_space_research_asset_v1/RLEB_LT_operator_space_research_asset_v1/03_CLASSIFICATION_STAGE/ppa_classification_team/07_stage_synthesis.md	55	55	空行/标题/表头/不新增断言的引导语	organization	空LF行	nonmathematical	nonmathematical	research/audit/RELATIVE_HOLDER_COVERAGE_2026_10_07.md#rht-audit-source		标题/排版或研究建议；不承担已完成数学结论：空行/标题/表头/不新增断言的引导语	无本条独立数学结案；相邻实质断言另列。
RHT-SYN-U0054	history/sources/次单调论文研究/分类集研究/RLEB_LT_operator_space_research_asset_v1/RLEB_LT_operator_space_research_asset_v1/03_CLASSIFICATION_STAGE/ppa_classification_team/07_stage_synthesis.md	56	56	germ缩域编码未关闭同宏观域/同尾/输出迹的统一编码	programme	**这还不是 A1 冻结的大域、同尾、输出迹谓词的全部统一编码。** Germ 的缩域量词和固定宏观规格必须继续区分。	nonmathematical	nonmathematical	research/canonical/operator_space_construction_frontier.md#ocf-g		标题/排版或研究建议；不承担已完成数学结论：germ缩域编码未关闭同宏观域/同尾/输出迹的统一编码	这是开放研究要求而非已证成果；按该锚点保留准确前沿。
RHT-SYN-U0199	history/sources/次单调论文研究/分类集研究/RLEB_LT_operator_space_research_asset_v1/RLEB_LT_operator_space_research_asset_v1/03_CLASSIFICATION_STAGE/ppa_classification_team/07_stage_synthesis.md	57	57	空行/标题/表头/不新增断言的引导语	organization	空LF行	nonmathematical	nonmathematical	research/audit/RELATIVE_HOLDER_COVERAGE_2026_10_07.md#rht-audit-source		标题/排版或研究建议；不承担已完成数学结论：空行/标题/表头/不新增断言的引导语	无本条独立数学结案；相邻实质断言另列。
RHT-SYN-U0200	history/sources/次单调论文研究/分类集研究/RLEB_LT_operator_space_research_asset_v1/RLEB_LT_operator_space_research_asset_v1/03_CLASSIFICATION_STAGE/ppa_classification_team/07_stage_synthesis.md	58	58	空行/标题/表头/不新增断言的引导语	organization	### A4. 步长谱已出现可写成定理的结构结果	nonmathematical	nonmathematical	research/audit/RELATIVE_HOLDER_COVERAGE_2026_10_07.md#rht-audit-source		标题/排版或研究建议；不承担已完成数学结论：空行/标题/表头/不新增断言的引导语	无本条独立数学结案；相邻实质断言另列。
RHT-SYN-U0201	history/sources/次单调论文研究/分类集研究/RLEB_LT_operator_space_research_asset_v1/RLEB_LT_operator_space_research_asset_v1/03_CLASSIFICATION_STAGE/ppa_classification_team/07_stage_synthesis.md	59	59	空行/标题/表头/不新增断言的引导语	organization	空LF行	nonmathematical	nonmathematical	research/audit/RELATIVE_HOLDER_COVERAGE_2026_10_07.md#rht-audit-source		标题/排版或研究建议；不承担已完成数学结论：空行/标题/表头/不新增断言的引导语	无本条独立数学结案；相邻实质断言另列。
RHT-SYN-U0055	history/sources/次单调论文研究/分类集研究/RLEB_LT_operator_space_research_asset_v1/RLEB_LT_operator_space_research_asset_v1/03_CLASSIFICATION_STAGE/ppa_classification_team/07_stage_synthesis.md	60	60	每个非空紧A紧含(1,∞)可实现	mathematical	给定任意非空紧集 $A\Subset(1,\infty)$，可构造一个完整闭图原算子、固定非点零集，使固定解点附近的完整良定谱、LT/direct/energy 认证谱和全选择收敛谱都恰为 $A$。	source-report	deferred	research/canonical/operator_space_construction_frontier.md#ocf-g		仅来源报告；准确断言：每个非空紧A紧含(1,∞)可实现。本次未以历史PASS、摘要或邻近定理补该原生范围。	构造依赖任意紧A且逐项验证，不以单点例替代全A。
RHT-SYN-U0056	history/sources/次单调论文研究/分类集研究/RLEB_LT_operator_space_research_asset_v1/RLEB_LT_operator_space_research_asset_v1/03_CLASSIFICATION_STAGE/ppa_classification_team/07_stage_synthesis.md	60	60	实现者完整原图闭	mathematical	给定任意非空紧集 $A\Subset(1,\infty)$，可构造一个完整闭图原算子、固定非点零集，使固定解点附近的完整良定谱、LT/direct/energy 认证谱和全选择收敛谱都恰为 $A$。	source-report	deferred	research/canonical/operator_space_construction_frontier.md#ocf-g		仅来源报告；准确断言：实现者完整原图闭。本次未以历史PASS、摘要或邻近定理补该原生范围。	全部参数端点/逃逸序列的闭图检查。
RHT-SYN-U0057	history/sources/次单调论文研究/分类集研究/RLEB_LT_operator_space_research_asset_v1/RLEB_LT_operator_space_research_asset_v1/03_CLASSIFICATION_STAGE/ppa_classification_team/07_stage_synthesis.md	60	60	实现者零集固定且非点	mathematical	给定任意非空紧集 $A\Subset(1,\infty)$，可构造一个完整闭图原算子、固定非点零集，使固定解点附近的完整良定谱、LT/direct/energy 认证谱和全选择收敛谱都恰为 $A$。	source-report	deferred	research/canonical/operator_space_construction_frontier.md#ocf-g		仅来源报告；准确断言：实现者零集固定且非点。本次未以历史PASS、摘要或邻近定理补该原生范围。	完整零图点精确等式。
RHT-SYN-U0058	history/sources/次单调论文研究/分类集研究/RLEB_LT_operator_space_research_asset_v1/RLEB_LT_operator_space_research_asset_v1/03_CLASSIFICATION_STAGE/ppa_classification_team/07_stage_synthesis.md	60	60	固定解点附近完整良定谱=A	mathematical	给定任意非空紧集 $A\Subset(1,\infty)$，可构造一个完整闭图原算子、固定非点零集，使固定解点附近的完整良定谱、LT/direct/energy 认证谱和全选择收敛谱都恰为 $A$。	source-report	deferred	research/canonical/operator_space_construction_frontier.md#ocf-g		仅来源报告；准确断言：固定解点附近完整良定谱=A。本次未以历史PASS、摘要或邻近定理补该原生范围。	A内全部覆盖/唯一/连续，A外完整碰撞或失覆盖。
RHT-SYN-U0059	history/sources/次单调论文研究/分类集研究/RLEB_LT_operator_space_research_asset_v1/RLEB_LT_operator_space_research_asset_v1/03_CLASSIFICATION_STAGE/ppa_classification_team/07_stage_synthesis.md	60	60	LT认证谱=A	mathematical	给定任意非空紧集 $A\Subset(1,\infty)$，可构造一个完整闭图原算子、固定非点零集，使固定解点附近的完整良定谱、LT/direct/energy 认证谱和全选择收敛谱都恰为 $A$。	source-report	deferred	research/canonical/operator_space_construction_frontier.md#ocf-g		仅来源报告；准确断言：LT认证谱=A。本次未以历史PASS、摘要或邻近定理补该原生范围。	同一原图、同λ、同局部定义，证A内认证及A外排除。
RHT-SYN-U0060	history/sources/次单调论文研究/分类集研究/RLEB_LT_operator_space_research_asset_v1/RLEB_LT_operator_space_research_asset_v1/03_CLASSIFICATION_STAGE/ppa_classification_team/07_stage_synthesis.md	60	60	direct认证谱=A	mathematical	给定任意非空紧集 $A\Subset(1,\infty)$，可构造一个完整闭图原算子、固定非点零集，使固定解点附近的完整良定谱、LT/direct/energy 认证谱和全选择收敛谱都恰为 $A$。	source-report	deferred	research/canonical/operator_space_construction_frontier.md#ocf-g		仅来源报告；准确断言：direct认证谱=A。本次未以历史PASS、摘要或邻近定理补该原生范围。	精确direct谓词和A内外双向证明。
RHT-SYN-U0061	history/sources/次单调论文研究/分类集研究/RLEB_LT_operator_space_research_asset_v1/RLEB_LT_operator_space_research_asset_v1/03_CLASSIFICATION_STAGE/ppa_classification_team/07_stage_synthesis.md	60	60	energy认证谱=A	mathematical	给定任意非空紧集 $A\Subset(1,\infty)$，可构造一个完整闭图原算子、固定非点零集，使固定解点附近的完整良定谱、LT/direct/energy 认证谱和全选择收敛谱都恰为 $A$。	source-report	deferred	research/canonical/operator_space_construction_frontier.md#ocf-g		仅来源报告；准确断言：energy认证谱=A。本次未以历史PASS、摘要或邻近定理补该原生范围。	精确energy谓词和A内外双向证明。
RHT-SYN-U0062	history/sources/次单调论文研究/分类集研究/RLEB_LT_operator_space_research_asset_v1/RLEB_LT_operator_space_research_asset_v1/03_CLASSIFICATION_STAGE/ppa_classification_team/07_stage_synthesis.md	60	60	全选择收敛谱=A	mathematical	给定任意非空紧集 $A\Subset(1,\infty)$，可构造一个完整闭图原算子、固定非点零集，使固定解点附近的完整良定谱、LT/direct/energy 认证谱和全选择收敛谱都恰为 $A$。	source-report	deferred	research/canonical/operator_space_construction_frontier.md#ocf-g		仅来源报告；准确断言：全选择收敛谱=A。本次未以历史PASS、摘要或邻近定理补该原生范围。	任意λ和全部完整路径的收敛/失败量词独立证明。
RHT-SYN-U0202	history/sources/次单调论文研究/分类集研究/RLEB_LT_operator_space_research_asset_v1/RLEB_LT_operator_space_research_asset_v1/03_CLASSIFICATION_STAGE/ppa_classification_team/07_stage_synthesis.md	61	61	空行/标题/表头/不新增断言的引导语	organization	空LF行	nonmathematical	nonmathematical	research/audit/RELATIVE_HOLDER_COVERAGE_2026_10_07.md#rht-audit-source		标题/排版或研究建议；不承担已完成数学结论：空行/标题/表头/不新增断言的引导语	无本条独立数学结案；相邻实质断言另列。
RHT-SYN-U0063	history/sources/次单调论文研究/分类集研究/RLEB_LT_operator_space_research_asset_v1/RLEB_LT_operator_space_research_asset_v1/03_CLASSIFICATION_STAGE/ppa_classification_team/07_stage_synthesis.md	62	62	谱可为无理单点	mathematical	因此谱可以是无理单点，也可以是 Cantor 紧集；严格局部证书本身不保证开步长窗口。任意紧 $A$ 的版本只声称闭图，不能把非半代数 $A$ 的构造冒称半代数。	source-report	deferred	research/canonical/operator_space_construction_frontier.md#ocf-g		仅来源报告；准确断言：谱可为无理单点。本次未以历史PASS、摘要或邻近定理补该原生范围。	依赖上一全谱实现的准确构造，不能由摘要确认。
RHT-SYN-U0064	history/sources/次单调论文研究/分类集研究/RLEB_LT_operator_space_research_asset_v1/RLEB_LT_operator_space_research_asset_v1/03_CLASSIFICATION_STAGE/ppa_classification_team/07_stage_synthesis.md	62	62	谱可为Cantor紧集	mathematical	因此谱可以是无理单点，也可以是 Cantor 紧集；严格局部证书本身不保证开步长窗口。任意紧 $A$ 的版本只声称闭图，不能把非半代数 $A$ 的构造冒称半代数。	source-report	deferred	research/canonical/operator_space_construction_frontier.md#ocf-g		仅来源报告；准确断言：谱可为Cantor紧集。本次未以历史PASS、摘要或邻近定理补该原生范围。	依赖任意紧A完整实现而非某一个可写公式例。
RHT-SYN-U0065	history/sources/次单调论文研究/分类集研究/RLEB_LT_operator_space_research_asset_v1/RLEB_LT_operator_space_research_asset_v1/03_CLASSIFICATION_STAGE/ppa_classification_team/07_stage_synthesis.md	62	62	严格局部证书不保证开步长窗口	mathematical	因此谱可以是无理单点，也可以是 Cantor 紧集；严格局部证书本身不保证开步长窗口。任意紧 $A$ 的版本只声称闭图，不能把非半代数 $A$ 的构造冒称半代数。	source-report	deferred	research/canonical/operator_space_construction_frontier.md#ocf-g		仅来源报告；准确断言：严格局部证书不保证开步长窗口。本次未以历史PASS、摘要或邻近定理补该原生范围。	在同一完整原图上验证严格证书和孤立/非开谱，不由标签或近似步长推断。
RHT-SYN-U0066	history/sources/次单调论文研究/分类集研究/RLEB_LT_operator_space_research_asset_v1/RLEB_LT_operator_space_research_asset_v1/03_CLASSIFICATION_STAGE/ppa_classification_team/07_stage_synthesis.md	62	62	任意紧A仅声称闭图，不声称非半代数A实现为半代数	organization	因此谱可以是无理单点，也可以是 Cantor 紧集；严格局部证书本身不保证开步长窗口。任意紧 $A$ 的版本只声称闭图，不能把非半代数 $A$ 的构造冒称半代数。	nonmathematical	nonmathematical	research/audit/RELATIVE_HOLDER_COVERAGE_2026_10_07.md#rht-audit-source		标题/排版或研究建议；不承担已完成数学结论：任意紧A仅声称闭图，不声称非半代数A实现为半代数	无本条独立数学结案；相邻实质断言另列。
RHT-SYN-U0203	history/sources/次单调论文研究/分类集研究/RLEB_LT_operator_space_research_asset_v1/RLEB_LT_operator_space_research_asset_v1/03_CLASSIFICATION_STAGE/ppa_classification_team/07_stage_synthesis.md	63	63	空行/标题/表头/不新增断言的引导语	organization	空LF行	nonmathematical	nonmathematical	research/audit/RELATIVE_HOLDER_COVERAGE_2026_10_07.md#rht-audit-source		标题/排版或研究建议；不承担已完成数学结论：空行/标题/表头/不新增断言的引导语	无本条独立数学结案；相邻实质断言另列。
RHT-SYN-U0067	history/sources/次单调论文研究/分类集研究/RLEB_LT_operator_space_research_asset_v1/RLEB_LT_operator_space_research_asset_v1/03_CLASSIFICATION_STAGE/ppa_classification_team/07_stage_synthesis.md	64	64	存在严格完整RLEB例	mathematical	另外已有严格完整 RLEB 例子满足：单值良定谱只有一个步长，但每个正步长下的全部完整轨道都收敛。这从体系上区分了“单值良定”“算法实际收敛”“某理论可认证”三个性质。	source-report	deferred	research/canonical/operator_space_construction_frontier.md#ocf-g		仅来源报告；准确断言：存在严格完整RLEB例。本次未以历史PASS、摘要或邻近定理补该原生范围。	复核全部图纤维、真实EB、全对RL、coverage与严格兼容。
RHT-SYN-U0068	history/sources/次单调论文研究/分类集研究/RLEB_LT_operator_space_research_asset_v1/RLEB_LT_operator_space_research_asset_v1/03_CLASSIFICATION_STAGE/ppa_classification_team/07_stage_synthesis.md	64	64	该同一例单值良定谱为单点	mathematical	另外已有严格完整 RLEB 例子满足：单值良定谱只有一个步长，但每个正步长下的全部完整轨道都收敛。这从体系上区分了“单值良定”“算法实际收敛”“某理论可认证”三个性质。	source-report	deferred	research/canonical/operator_space_construction_frontier.md#ocf-g		仅来源报告；准确断言：该同一例单值良定谱为单点。本次未以历史PASS、摘要或邻近定理补该原生范围。	所有其他正步长完整碰撞/失覆盖；目标步长良定。
RHT-SYN-U0069	history/sources/次单调论文研究/分类集研究/RLEB_LT_operator_space_research_asset_v1/RLEB_LT_operator_space_research_asset_v1/03_CLASSIFICATION_STAGE/ppa_classification_team/07_stage_synthesis.md	64	64	同一例每个正步长全部完整轨道收敛	mathematical	另外已有严格完整 RLEB 例子满足：单值良定谱只有一个步长，但每个正步长下的全部完整轨道都收敛。这从体系上区分了“单值良定”“算法实际收敛”“某理论可认证”三个性质。	source-report	deferred	research/canonical/operator_space_construction_frontier.md#ocf-g		仅来源报告；准确断言：同一例每个正步长全部完整轨道收敛。本次未以历史PASS、摘要或邻近定理补该原生范围。	步长全称、全部选择、存在轨道/留域与收敛分别验证。
RHT-SYN-U0070	history/sources/次单调论文研究/分类集研究/RLEB_LT_operator_space_research_asset_v1/RLEB_LT_operator_space_research_asset_v1/03_CLASSIFICATION_STAGE/ppa_classification_team/07_stage_synthesis.md	64	64	例分离良定/实际收敛/理论认证三性质	mathematical	另外已有严格完整 RLEB 例子满足：单值良定谱只有一个步长，但每个正步长下的全部完整轨道都收敛。这从体系上区分了“单值良定”“算法实际收敛”“某理论可认证”三个性质。	source-report	deferred	research/canonical/operator_space_construction_frontier.md#ocf-g		仅来源报告；准确断言：例分离良定/实际收敛/理论认证三性质。本次未以历史PASS、摘要或邻近定理补该原生范围。	须基于上述同对象反例，不能由名称差异推出严格分离。
RHT-SYN-U0204	history/sources/次单调论文研究/分类集研究/RLEB_LT_operator_space_research_asset_v1/RLEB_LT_operator_space_research_asset_v1/03_CLASSIFICATION_STAGE/ppa_classification_team/07_stage_synthesis.md	65	65	空行/标题/表头/不新增断言的引导语	organization	空LF行	nonmathematical	nonmathematical	research/audit/RELATIVE_HOLDER_COVERAGE_2026_10_07.md#rht-audit-source		标题/排版或研究建议；不承担已完成数学结论：空行/标题/表头/不新增断言的引导语	无本条独立数学结案；相邻实质断言另列。
RHT-SYN-U0071	history/sources/次单调论文研究/分类集研究/RLEB_LT_operator_space_research_asset_v1/RLEB_LT_operator_space_research_asset_v1/03_CLASSIFICATION_STAGE/ppa_classification_team/07_stage_synthesis.md	66	66	上述结果已作范围内复核	historical-evidence	上述结果经范围内复核，**原创性仍未清关**。	source-report	deferred	research/audit/RELATIVE_HOLDER_COVERAGE_2026_10_07.md#rht-audit-source		仅来源报告；准确断言：上述结果已作范围内复核。本次未以历史PASS、摘要或邻近定理补该原生范围。	需历史审查记录及具体受审版本，非本次独立证明。
RHT-SYN-U0072	history/sources/次单调论文研究/分类集研究/RLEB_LT_operator_space_research_asset_v1/RLEB_LT_operator_space_research_asset_v1/03_CLASSIFICATION_STAGE/ppa_classification_team/07_stage_synthesis.md	66	66	原创性未清关声明	organization	上述结果经范围内复核，**原创性仍未清关**。	nonmathematical	nonmathematical	research/audit/RELATIVE_HOLDER_COVERAGE_2026_10_07.md#rht-audit-source		标题/排版或研究建议；不承担已完成数学结论：原创性未清关声明	无本条独立数学结案；相邻实质断言另列。
RHT-SYN-U0205	history/sources/次单调论文研究/分类集研究/RLEB_LT_operator_space_research_asset_v1/RLEB_LT_operator_space_research_asset_v1/03_CLASSIFICATION_STAGE/ppa_classification_team/07_stage_synthesis.md	67	67	空行/标题/表头/不新增断言的引导语	organization	空LF行	nonmathematical	nonmathematical	research/audit/RELATIVE_HOLDER_COVERAGE_2026_10_07.md#rht-audit-source		标题/排版或研究建议；不承担已完成数学结论：空行/标题/表头/不新增断言的引导语	无本条独立数学结案；相邻实质断言另列。
RHT-SYN-U0206	history/sources/次单调论文研究/分类集研究/RLEB_LT_operator_space_research_asset_v1/RLEB_LT_operator_space_research_asset_v1/03_CLASSIFICATION_STAGE/ppa_classification_team/07_stage_synthesis.md	68	68	空行/标题/表头/不新增断言的引导语	organization	### A5. 结构性变形已通过复核，但不是总分类	nonmathematical	nonmathematical	research/audit/RELATIVE_HOLDER_COVERAGE_2026_10_07.md#rht-audit-source		标题/排版或研究建议；不承担已完成数学结论：空行/标题/表头/不新增断言的引导语	无本条独立数学结案；相邻实质断言另列。
RHT-SYN-U0207	history/sources/次单调论文研究/分类集研究/RLEB_LT_operator_space_research_asset_v1/RLEB_LT_operator_space_research_asset_v1/03_CLASSIFICATION_STAGE/ppa_classification_team/07_stage_synthesis.md	69	69	空行/标题/表头/不新增断言的引导语	organization	空LF行	nonmathematical	nonmathematical	research/audit/RELATIVE_HOLDER_COVERAGE_2026_10_07.md#rht-audit-source		标题/排版或研究建议；不承担已完成数学结论：空行/标题/表头/不新增断言的引导语	无本条独立数学结案；相邻实质断言另列。
RHT-SYN-U0208	history/sources/次单调论文研究/分类集研究/RLEB_LT_operator_space_research_asset_v1/RLEB_LT_operator_space_research_asset_v1/03_CLASSIFICATION_STAGE/ppa_classification_team/07_stage_synthesis.md	70	70	空行/标题/表头/不新增断言的引导语	organization	完整原图上的共轭作用为	nonmathematical	nonmathematical	research/audit/RELATIVE_HOLDER_COVERAGE_2026_10_07.md#rht-audit-source		标题/排版或研究建议；不承担已完成数学结论：空行/标题/表头/不新增断言的引导语	无本条独立数学结案；相邻实质断言另列。
RHT-SYN-U0209	history/sources/次单调论文研究/分类集研究/RLEB_LT_operator_space_research_asset_v1/RLEB_LT_operator_space_research_asset_v1/03_CLASSIFICATION_STAGE/ppa_classification_team/07_stage_synthesis.md	71	71	空行/标题/表头/不新增断言的引导语	organization	空LF行	nonmathematical	nonmathematical	research/audit/RELATIVE_HOLDER_COVERAGE_2026_10_07.md#rht-audit-source		标题/排版或研究建议；不承担已完成数学结论：空行/标题/表头/不新增断言的引导语	无本条独立数学结案；相邻实质断言另列。
RHT-SYN-U0073	history/sources/次单调论文研究/分类集研究/RLEB_LT_operator_space_research_asset_v1/RLEB_LT_operator_space_research_asset_v1/03_CLASSIFICATION_STAGE/ppa_classification_team/07_stage_synthesis.md	72	75	Lλ输入/输出图完整共轭定义	definition	"\[
G^h=L_\lambda^{-1}(h\times h)L_\lambda G,
\qquad J_{\lambda F^h}=hJ_{\lambda F}h^{-1}.
\]"	source-report	deferred	research/audit/RELATIVE_HOLDER_COVERAGE_2026_10_07.md#rht-audit-source		仅来源报告；准确断言：Lλ输入/输出图完整共轭定义。本次未以历史PASS、摘要或邻近定理补该原生范围。	源Lλ=(u+λv,u)与反射坐标不同；固定同胚h、域和值域，不以名字合并两共轭。
RHT-SYN-U0074	history/sources/次单调论文研究/分类集研究/RLEB_LT_operator_space_research_asset_v1/RLEB_LT_operator_space_research_asset_v1/03_CLASSIFICATION_STAGE/ppa_classification_team/07_stage_synthesis.md	72	75	完整J共轭恒等式	formula	"\[
G^h=L_\lambda^{-1}(h\times h)L_\lambda G,
\qquad J_{\lambda F^h}=hJ_{\lambda F}h^{-1}.
\]"	source-report	deferred	research/audit/RELATIVE_HOLDER_COVERAGE_2026_10_07.md#rht-audit-source		仅来源报告；准确断言：完整J共轭恒等式。本次未以历史PASS、摘要或邻近定理补该原生范围。	从源输入/输出Lλ共轭逐完整纤维证明JλFh=hJλFh逆及定义域，不能从反射坐标共轭直接推此式。
RHT-SYN-U0210	history/sources/次单调论文研究/分类集研究/RLEB_LT_operator_space_research_asset_v1/RLEB_LT_operator_space_research_asset_v1/03_CLASSIFICATION_STAGE/ppa_classification_team/07_stage_synthesis.md	76	76	空行/标题/表头/不新增断言的引导语	organization	空LF行	nonmathematical	nonmathematical	research/audit/RELATIVE_HOLDER_COVERAGE_2026_10_07.md#rht-audit-source		标题/排版或研究建议；不承担已完成数学结论：空行/标题/表头/不新增断言的引导语	无本条独立数学结案；相邻实质断言另列。
RHT-SYN-U0075	history/sources/次单调论文研究/分类集研究/RLEB_LT_operator_space_research_asset_v1/RLEB_LT_operator_space_research_asset_v1/03_CLASSIFICATION_STAGE/ppa_classification_team/07_stage_synthesis.md	77	77	仿射解集/法向收缩/非退化切漂整个函数层	mathematical	在仿射解集、正常收缩且切向漂移非退化的整个函数结构层上，近恒等法向幂变形能同时保证：	source-report	deferred	research/canonical/operator_space_construction_frontier.md#ocf-f		仅来源报告；准确断言：仿射解集/法向收缩/非退化切漂整个函数层。本次未以历史PASS、摘要或邻近定理补该原生范围。	完整写出结构假设、参数统一性和内生层拓扑。
RHT-SYN-U0076	history/sources/次单调论文研究/分类集研究/RLEB_LT_operator_space_research_asset_v1/RLEB_LT_operator_space_research_asset_v1/03_CLASSIFICATION_STAGE/ppa_classification_team/07_stage_synthesis.md	77	77	近恒等法向幂变形同时保持所列性质	mathematical	在仿射解集、正常收缩且切向漂移非退化的整个函数结构层上，近恒等法向幂变形能同时保证：	source-report	deferred	research/canonical/operator_space_construction_frontier.md#ocf-f		仅来源报告；准确断言：近恒等法向幂变形同时保持所列性质。本次未以历史PASS、摘要或邻近定理补该原生范围。	对层内每个函数给变形并验证五个独立保持门，非一个例子。
RHT-SYN-U0211	history/sources/次单调论文研究/分类集研究/RLEB_LT_operator_space_research_asset_v1/RLEB_LT_operator_space_research_asset_v1/03_CLASSIFICATION_STAGE/ppa_classification_team/07_stage_synthesis.md	78	78	空行/标题/表头/不新增断言的引导语	organization	空LF行	nonmathematical	nonmathematical	research/audit/RELATIVE_HOLDER_COVERAGE_2026_10_07.md#rht-audit-source		标题/排版或研究建议；不承担已完成数学结论：空行/标题/表头/不新增断言的引导语	无本条独立数学结案；相邻实质断言另列。
RHT-SYN-U0077	history/sources/次单调论文研究/分类集研究/RLEB_LT_operator_space_research_asset_v1/RLEB_LT_operator_space_research_asset_v1/03_CLASSIFICATION_STAGE/ppa_classification_team/07_stage_synthesis.md	79	79	变形保持完整resolvent	mathematical	- 完整 resolvent 与精确零集；	source-report	deferred	research/canonical/operator_space_construction_frontier.md#ocf-f		仅来源报告；准确断言：变形保持完整resolvent。本次未以历史PASS、摘要或邻近定理补该原生范围。	新全图的同输入唯一/覆盖及精确反演。
RHT-SYN-U0078	history/sources/次单调论文研究/分类集研究/RLEB_LT_operator_space_research_asset_v1/RLEB_LT_operator_space_research_asset_v1/03_CLASSIFICATION_STAGE/ppa_classification_team/07_stage_synthesis.md	79	79	变形保持精确零集	mathematical	- 完整 resolvent 与精确零集；	source-report	deferred	research/canonical/operator_space_construction_frontier.md#ocf-f		仅来源报告；准确断言：变形保持精确零集。本次未以历史PASS、摘要或邻近定理补该原生范围。	核h(S)=S及无新增零点。
RHT-SYN-U0079	history/sources/次单调论文研究/分类集研究/RLEB_LT_operator_space_research_asset_v1/RLEB_LT_operator_space_research_asset_v1/03_CLASSIFICATION_STAGE/ppa_classification_team/07_stage_synthesis.md	80	80	变形保持all-pairs RL	mathematical	- all-pairs RL；	source-report	deferred	research/canonical/operator_space_construction_frontier.md#ocf-f		仅来源报告；准确断言：变形保持all-pairs RL。本次未以历史PASS、摘要或邻近定理补该原生范围。	全部完整图点对、同λ、同尺度，不只锚定或沿轨道。
RHT-SYN-U0080	history/sources/次单调论文研究/分类集研究/RLEB_LT_operator_space_research_asset_v1/RLEB_LT_operator_space_research_asset_v1/03_CLASSIFICATION_STAGE/ppa_classification_team/07_stage_synthesis.md	81	81	变形保持整个逆纤维真实幂EB	mathematical	- 整个逆纤维的真实幂次 EB；	source-report	deferred	research/canonical/operator_space_construction_frontier.md#ocf-f		仅来源报告；准确断言：变形保持整个逆纤维真实幂EB。本次未以历史PASS、摘要或邻近定理补该原生范围。	对完整新图纤维求inf；不得用选中图值代替。
RHT-SYN-U0081	history/sources/次单调论文研究/分类集研究/RLEB_LT_operator_space_research_asset_v1/RLEB_LT_operator_space_research_asset_v1/03_CLASSIFICATION_STAGE/ppa_classification_team/07_stage_synthesis.md	82	82	变形保持严格RLEB兼容	mathematical	- 严格 RLEB 兼容与一个共同小初值邻域；	source-report	deferred	research/canonical/operator_space_construction_frontier.md#ocf-f		仅来源报告；准确断言：变形保持严格RLEB兼容。本次未以历史PASS、摘要或邻近定理补该原生范围。	写定新γ、真实EB幂与系数并核严格不等式。
RHT-SYN-U0082	history/sources/次单调论文研究/分类集研究/RLEB_LT_operator_space_research_asset_v1/RLEB_LT_operator_space_research_asset_v1/03_CLASSIFICATION_STAGE/ppa_classification_team/07_stage_synthesis.md	82	82	变形保持共同小初值邻域	mathematical	- 严格 RLEB 兼容与一个共同小初值邻域；	source-report	deferred	research/canonical/operator_space_construction_frontier.md#ocf-f		仅来源报告；准确断言：变形保持共同小初值邻域。本次未以历史PASS、摘要或邻近定理补该原生范围。	证明所有该邻域初值完整轨道留域且预算统一。
RHT-SYN-U0083	history/sources/次单调论文研究/分类集研究/RLEB_LT_operator_space_research_asset_v1/RLEB_LT_operator_space_research_asset_v1/03_CLASSIFICATION_STAGE/ppa_classification_team/07_stage_synthesis.md	83	83	同一新算子任意正步长无LT局部all-pairs认证	mathematical	- 同一个新原算子在任意正步长下均无 LT all-pairs 局部认证。	source-report	deferred	research/canonical/operator_space_construction_frontier.md#ocf-f		仅来源报告；准确断言：同一新算子任意正步长无LT局部all-pairs认证。本次未以历史PASS、摘要或邻近定理补该原生范围。	必须对全部正λ而非构造λ排除完整LT必要条件。
RHT-SYN-U0212	history/sources/次单调论文研究/分类集研究/RLEB_LT_operator_space_research_asset_v1/RLEB_LT_operator_space_research_asset_v1/03_CLASSIFICATION_STAGE/ppa_classification_team/07_stage_synthesis.md	84	84	空行/标题/表头/不新增断言的引导语	organization	空LF行	nonmathematical	nonmathematical	research/audit/RELATIVE_HOLDER_COVERAGE_2026_10_07.md#rht-audit-source		标题/排版或研究建议；不承担已完成数学结论：空行/标题/表头/不新增断言的引导语	无本条独立数学结案；相邻实质断言另列。
RHT-SYN-U0084	history/sources/次单调论文研究/分类集研究/RLEB_LT_operator_space_research_asset_v1/RLEB_LT_operator_space_research_asset_v1/03_CLASSIFICATION_STAGE/ppa_classification_team/07_stage_synthesis.md	85	85	声明范围内PASS	historical-evidence	审计为**声明范围内 PASS**。它覆盖任意满足结构条件的函数，而不只是一个固定公式例子。	source-report	deferred	research/audit/RELATIVE_HOLDER_COVERAGE_2026_10_07.md#rht-audit-source		仅来源报告；准确断言：声明范围内PASS。本次未以历史PASS、摘要或邻近定理补该原生范围。	核历史受审稿版本及实际审核证据；不从标签推定理。
RHT-SYN-U0085	history/sources/次单调论文研究/分类集研究/RLEB_LT_operator_space_research_asset_v1/RLEB_LT_operator_space_research_asset_v1/03_CLASSIFICATION_STAGE/ppa_classification_team/07_stage_synthesis.md	85	85	覆盖任意结构函数不只是固定公式	mathematical	审计为**声明范围内 PASS**。它覆盖任意满足结构条件的函数，而不只是一个固定公式例子。	source-report	deferred	research/canonical/operator_space_construction_frontier.md#ocf-f		仅来源报告；准确断言：覆盖任意结构函数不只是固定公式。本次未以历史PASS、摘要或邻近定理补该原生范围。	结构条件下全称证明及各常数的依赖。
RHT-SYN-U0213	history/sources/次单调论文研究/分类集研究/RLEB_LT_operator_space_research_asset_v1/RLEB_LT_operator_space_research_asset_v1/03_CLASSIFICATION_STAGE/ppa_classification_team/07_stage_synthesis.md	86	86	空行/标题/表头/不新增断言的引导语	organization	空LF行	nonmathematical	nonmathematical	research/audit/RELATIVE_HOLDER_COVERAGE_2026_10_07.md#rht-audit-source		标题/排版或研究建议；不承担已完成数学结论：空行/标题/表头/不新增断言的引导语	无本条独立数学结案；相邻实质断言另列。
RHT-SYN-U0214	history/sources/次单调论文研究/分类集研究/RLEB_LT_operator_space_research_asset_v1/RLEB_LT_operator_space_research_asset_v1/03_CLASSIFICATION_STAGE/ppa_classification_team/07_stage_synthesis.md	87	87	空行/标题/表头/不新增断言的引导语	organization	但目前实际尾只保证	nonmathematical	nonmathematical	research/audit/RELATIVE_HOLDER_COVERAGE_2026_10_07.md#rht-audit-source		标题/排版或研究建议；不承担已完成数学结论：空行/标题/表头/不新增断言的引导语	无本条独立数学结案；相邻实质断言另列。
RHT-SYN-U0215	history/sources/次单调论文研究/分类集研究/RLEB_LT_operator_space_research_asset_v1/RLEB_LT_operator_space_research_asset_v1/03_CLASSIFICATION_STAGE/ppa_classification_team/07_stage_synthesis.md	88	88	空行/标题/表头/不新增断言的引导语	organization	空LF行	nonmathematical	nonmathematical	research/audit/RELATIVE_HOLDER_COVERAGE_2026_10_07.md#rht-audit-source		标题/排版或研究建议；不承担已完成数学结论：空行/标题/表头/不新增断言的引导语	无本条独立数学结案；相邻实质断言另列。
RHT-SYN-U0086	history/sources/次单调论文研究/分类集研究/RLEB_LT_operator_space_research_asset_v1/RLEB_LT_operator_space_research_asset_v1/03_CLASSIFICATION_STAGE/ppa_classification_team/07_stage_synthesis.md	89	91	实际尾仅从De映至D_(1+ε)e	formula	"\[
\mathfrak D_e\longrightarrow\mathfrak D_{(1+\varepsilon)e},
\]"	source-report	deferred	research/canonical/operator_space_construction_frontier.md#ocf-f		仅来源报告；准确断言：实际尾仅从De映至D_(1+ε)e。本次未以历史PASS、摘要或邻近定理补该原生范围。	核完整共轭的实际成对迭代尾及到S距离尾；不能把系数损失视为零。
RHT-SYN-U0216	history/sources/次单调论文研究/分类集研究/RLEB_LT_operator_space_research_asset_v1/RLEB_LT_operator_space_research_asset_v1/03_CLASSIFICATION_STAGE/ppa_classification_team/07_stage_synthesis.md	92	92	空行/标题/表头/不新增断言的引导语	organization	空LF行	nonmathematical	nonmathematical	research/audit/RELATIVE_HOLDER_COVERAGE_2026_10_07.md#rht-audit-source		标题/排版或研究建议；不承担已完成数学结论：空行/标题/表头/不新增断言的引导语	无本条独立数学结案；相邻实质断言另列。
RHT-SYN-U0087	history/sources/次单调论文研究/分类集研究/RLEB_LT_operator_space_research_asset_v1/RLEB_LT_operator_space_research_asset_v1/03_CLASSIFICATION_STAGE/ppa_classification_team/07_stage_synthesis.md	93	93	新证书域可能缩小	mathematical	新证书的局部域也可能缩小。因此没有证明变形在原来同一个宏观比较空间内进行。	source-report	deferred	research/canonical/operator_space_construction_frontier.md#ocf-f		仅来源报告；准确断言：新证书域可能缩小。本次未以历史PASS、摘要或邻近定理补该原生范围。	具体来源构造中域半径与参数依赖仍待核。
RHT-SYN-U0088	history/sources/次单调论文研究/分类集研究/RLEB_LT_operator_space_research_asset_v1/RLEB_LT_operator_space_research_asset_v1/03_CLASSIFICATION_STAGE/ppa_classification_team/07_stage_synthesis.md	93	93	尚未证明变形在同宏观比较空间内	programme	新证书的局部域也可能缩小。因此没有证明变形在原来同一个宏观比较空间内进行。	nonmathematical	nonmathematical	research/canonical/operator_space_construction_frontier.md#ocf-f		标题/排版或研究建议；不承担已完成数学结论：尚未证明变形在同宏观比较空间内	这是开放研究要求而非已证成果；按该锚点保留准确前沿。
RHT-SYN-U0217	history/sources/次单调论文研究/分类集研究/RLEB_LT_operator_space_research_asset_v1/RLEB_LT_operator_space_research_asset_v1/03_CLASSIFICATION_STAGE/ppa_classification_team/07_stage_synthesis.md	94	94	空行/标题/表头/不新增断言的引导语	organization	空LF行	nonmathematical	nonmathematical	research/audit/RELATIVE_HOLDER_COVERAGE_2026_10_07.md#rht-audit-source		标题/排版或研究建议；不承担已完成数学结论：空行/标题/表头/不新增断言的引导语	无本条独立数学结案；相邻实质断言另列。
RHT-SYN-U0218	history/sources/次单调论文研究/分类集研究/RLEB_LT_operator_space_research_asset_v1/RLEB_LT_operator_space_research_asset_v1/03_CLASSIFICATION_STAGE/ppa_classification_team/07_stage_synthesis.md	95	95	空行/标题/表头/不新增断言的引导语	organization	## B. 已经证明：哪些原目标表述可能空洞	nonmathematical	nonmathematical	research/audit/RELATIVE_HOLDER_COVERAGE_2026_10_07.md#rht-audit-source		标题/排版或研究建议；不承担已完成数学结论：空行/标题/表头/不新增断言的引导语	无本条独立数学结案；相邻实质断言另列。
RHT-SYN-U0219	history/sources/次单调论文研究/分类集研究/RLEB_LT_operator_space_research_asset_v1/RLEB_LT_operator_space_research_asset_v1/03_CLASSIFICATION_STAGE/ppa_classification_team/07_stage_synthesis.md	96	96	空行/标题/表头/不新增断言的引导语	organization	空LF行	nonmathematical	nonmathematical	research/audit/RELATIVE_HOLDER_COVERAGE_2026_10_07.md#rht-audit-source		标题/排版或研究建议；不承担已完成数学结论：空行/标题/表头/不新增断言的引导语	无本条独立数学结案；相邻实质断言另列。
RHT-SYN-U0220	history/sources/次单调论文研究/分类集研究/RLEB_LT_operator_space_research_asset_v1/RLEB_LT_operator_space_research_asset_v1/03_CLASSIFICATION_STAGE/ppa_classification_team/07_stage_synthesis.md	105	105	空行/标题/表头/不新增断言的引导语	organization	### B2. RLEB 作为相对分母可能自第一纲	nonmathematical	nonmathematical	research/audit/RELATIVE_HOLDER_COVERAGE_2026_10_07.md#rht-audit-source		标题/排版或研究建议；不承担已完成数学结论：空行/标题/表头/不新增断言的引导语	无本条独立数学结案；相邻实质断言另列。
RHT-SYN-U0221	history/sources/次单调论文研究/分类集研究/RLEB_LT_operator_space_research_asset_v1/RLEB_LT_operator_space_research_asset_v1/03_CLASSIFICATION_STAGE/ppa_classification_team/07_stage_synthesis.md	106	106	空行/标题/表头/不新增断言的引导语	organization	空LF行	nonmathematical	nonmathematical	research/audit/RELATIVE_HOLDER_COVERAGE_2026_10_07.md#rht-audit-source		标题/排版或研究建议；不承担已完成数学结论：空行/标题/表头/不新增断言的引导语	无本条独立数学结案；相邻实质断言另列。
RHT-SYN-U0089	history/sources/次单调论文研究/分类集研究/RLEB_LT_operator_space_research_asset_v1/RLEB_LT_operator_space_research_asset_v1/03_CLASSIFICATION_STAGE/ppa_classification_team/07_stage_synthesis.md	107	111	矩形K、底边S、全部连续一步回缩M_ret定义	definition	"在矩形 $K=[-1,1]\times[0,1]$、底边 $S$ 上，取全部连续一步回缩：

\[
\mathscr M_{\rm ret}=\{T\in C(K,S):T|_S=I\}.
\]"	derived-checked	rewritten	research/canonical/relative_holder_thinness.md#rht-object	C186-v1	C186-v1独立直接推导并逐项核验；断言：矩形K、底边S、全部连续一步回缩M_ret定义；RH1–11完整保值域、固定集、同尾及正Hölder资格。	本准确数学子句已重构；原生认证名称、一般母空间及历史证据仍分列未闭。
RHT-SYN-U0222	history/sources/次单调论文研究/分类集研究/RLEB_LT_operator_space_research_asset_v1/RLEB_LT_operator_space_research_asset_v1/03_CLASSIFICATION_STAGE/ppa_classification_team/07_stage_synthesis.md	112	112	空行/标题/表头/不新增断言的引导语	organization	空LF行	nonmathematical	nonmathematical	research/audit/RELATIVE_HOLDER_COVERAGE_2026_10_07.md#rht-audit-source		标题/排版或研究建议；不承担已完成数学结论：空行/标题/表头/不新增断言的引导语	无本条独立数学结案；相邻实质断言另列。
RHT-SYN-U0090	history/sources/次单调论文研究/分类集研究/RLEB_LT_operator_space_research_asset_v1/RLEB_LT_operator_space_research_asset_v1/03_CLASSIFICATION_STAGE/ppa_classification_team/07_stage_synthesis.md	113	113	M_ret为非空完备中立一步尾层	mathematical	这是一个完整中立尾层。其输出都在 $S$，真实 EB 左端为零；RLEB 成员恰为具有某个正 Hölder 指数的回缩。这个 Hölder 并类在自身的相对 $C^0$ 拓扑中第一纲。	derived-checked	rewritten	research/canonical/relative_holder_thinness.md#rht-retractions	C186-v1	C186-v1独立直接推导并逐项核验；断言：M_ret为非空完备中立一步尾层；RH1–11完整保值域、固定集、同尾及正Hölder资格。	本准确数学子句已重构；原生认证名称、一般母空间及历史证据仍分列未闭。
RHT-SYN-U0091	history/sources/次单调论文研究/分类集研究/RLEB_LT_operator_space_research_asset_v1/RLEB_LT_operator_space_research_asset_v1/03_CLASSIFICATION_STAGE/ppa_classification_team/07_stage_synthesis.md	113	113	输出全在S且完整源图真EB左端为零	mathematical	这是一个完整中立尾层。其输出都在 $S$，真实 EB 左端为零；RLEB 成员恰为具有某个正 Hölder 指数的回缩。这个 Hölder 并类在自身的相对 $C^0$ 拓扑中第一纲。	derived-checked	rewritten	research/canonical/relative_holder_thinness.md#rht-graph	C186-v1	C186-v1独立直接推导并逐项核验；断言：输出全在S且完整源图真EB左端为零；RH1–11完整保值域、固定集、同尾及正Hölder资格。	本准确数学子句已重构；原生认证名称、一般母空间及历史证据仍分列未闭。
RHT-SYN-U0092	history/sources/次单调论文研究/分类集研究/RLEB_LT_operator_space_research_asset_v1/RLEB_LT_operator_space_research_asset_v1/03_CLASSIFICATION_STAGE/ppa_classification_team/07_stage_synthesis.md	113	113	RLEB成员恰为某正Hölder回缩	mathematical	这是一个完整中立尾层。其输出都在 $S$，真实 EB 左端为零；RLEB 成员恰为具有某个正 Hölder 指数的回缩。这个 Hölder 并类在自身的相对 $C^0$ 拓扑中第一纲。	source-report	deferred	research/canonical/relative_holder_thinness.md#rht-graph		仅来源报告；准确断言：RLEB成员恰为某正Hölder回缩。本次未以历史PASS、摘要或邻近定理补该原生范围。	指定direct/energy定义、gauge、全K量词及输入边界coverage；RH11只证明明定反射模等价。
RHT-SYN-U0093	history/sources/次单调论文研究/分类集研究/RLEB_LT_operator_space_research_asset_v1/RLEB_LT_operator_space_research_asset_v1/03_CLASSIFICATION_STAGE/ppa_classification_team/07_stage_synthesis.md	113	113	正Hölder回缩并类在自身相对C0拓扑第一纲	mathematical	这是一个完整中立尾层。其输出都在 $S$，真实 EB 左端为零；RLEB 成员恰为具有某个正 Hölder 指数的回缩。这个 Hölder 并类在自身的相对 $C^0$ 拓扑中第一纲。	derived-checked	rewritten	research/canonical/relative_holder_thinness.md#rht-perturbation	C186-v1	C186-v1独立直接推导并逐项核验；断言：正Hölder回缩并类在自身相对C0拓扑第一纲；RH1–11完整保值域、固定集、同尾及正Hölder资格。	本准确数学子句已重构；原生认证名称、一般母空间及历史证据仍分列未闭。
RHT-SYN-U0223	history/sources/次单调论文研究/分类集研究/RLEB_LT_operator_space_research_asset_v1/RLEB_LT_operator_space_research_asset_v1/03_CLASSIFICATION_STAGE/ppa_classification_team/07_stage_synthesis.md	114	114	空行/标题/表头/不新增断言的引导语	organization	空LF行	nonmathematical	nonmathematical	research/audit/RELATIVE_HOLDER_COVERAGE_2026_10_07.md#rht-audit-source		标题/排版或研究建议；不承担已完成数学结论：空行/标题/表头/不新增断言的引导语	无本条独立数学结案；相邻实质断言另列。
RHT-SYN-U0094	history/sources/次单调论文研究/分类集研究/RLEB_LT_operator_space_research_asset_v1/RLEB_LT_operator_space_research_asset_v1/03_CLASSIFICATION_STAGE/ppa_classification_team/07_stage_synthesis.md	115	115	任何子集在H+这个环境中第一纲	mathematical	于是其中任何子集都第一纲。“LT 在 RLEB 中第一纲”在这里即使为真，也不能表示 LT 比 RLEB 特别稀少。	derived-checked	rewritten	research/canonical/relative_holder_thinness.md#rht-boundary	C186-v1	C186-v1独立直接推导并逐项核验；断言：任何子集在H+这个环境中第一纲；RH1–11完整保值域、固定集、同尾及正Hölder资格。	本准确数学子句已重构；原生认证名称、一般母空间及历史证据仍分列未闭。
RHT-SYN-U0095	history/sources/次单调论文研究/分类集研究/RLEB_LT_operator_space_research_asset_v1/RLEB_LT_operator_space_research_asset_v1/03_CLASSIFICATION_STAGE/ppa_classification_team/07_stage_synthesis.md	115	115	LT子集相对第一纲无法在自第一纲分母衡量特别稀少	mathematical	于是其中任何子集都第一纲。“LT 在 RLEB 中第一纲”在这里即使为真，也不能表示 LT 比 RLEB 特别稀少。	derived-checked	rewritten	research/canonical/relative_holder_thinness.md#rht-boundary	C186-v1	C186-v1独立直接推导并逐项核验；断言：LT子集相对第一纲无法在自第一纲分母衡量特别稀少；RH1–11完整保值域、固定集、同尾及正Hölder资格。	本准确数学子句已重构；原生认证名称、一般母空间及历史证据仍分列未闭。
RHT-SYN-U0224	history/sources/次单调论文研究/分类集研究/RLEB_LT_operator_space_research_asset_v1/RLEB_LT_operator_space_research_asset_v1/03_CLASSIFICATION_STAGE/ppa_classification_team/07_stage_synthesis.md	116	116	空行/标题/表头/不新增断言的引导语	organization	空LF行	nonmathematical	nonmathematical	research/audit/RELATIVE_HOLDER_COVERAGE_2026_10_07.md#rht-audit-source		标题/排版或研究建议；不承担已完成数学结论：空行/标题/表头/不新增断言的引导语	无本条独立数学结案；相邻实质断言另列。
RHT-SYN-U0096	history/sources/次单调论文研究/分类集研究/RLEB_LT_operator_space_research_asset_v1/RLEB_LT_operator_space_research_asset_v1/03_CLASSIFICATION_STAGE/ppa_classification_team/07_stage_synthesis.md	117	117	该矩形例不推出所有RLEB空间自第一纲	mathematical	这不是证明所有 RLEB 空间都自第一纲，而是证明**必须先检验比较分母的 Baire/非第一纲性质**。	derived-checked	rewritten	research/canonical/relative_holder_thinness.md#rht-boundary	C186-v1	C186-v1独立直接推导并逐项核验；断言：该矩形例不推出所有RLEB空间自第一纲；RH1–11完整保值域、固定集、同尾及正Hölder资格。	本准确数学子句已重构；原生认证名称、一般母空间及历史证据仍分列未闭。
RHT-SYN-U0097	history/sources/次单调论文研究/分类集研究/RLEB_LT_operator_space_research_asset_v1/RLEB_LT_operator_space_research_asset_v1/03_CLASSIFICATION_STAGE/ppa_classification_team/07_stage_synthesis.md	117	117	选择分母须另验非空Baire或自身非第一纲	programme	这不是证明所有 RLEB 空间都自第一纲，而是证明**必须先检验比较分母的 Baire/非第一纲性质**。	nonmathematical	nonmathematical	research/canonical/operator_space_construction_frontier.md#ocf-c		标题/排版或研究建议；不承担已完成数学结论：选择分母须另验非空Baire或自身非第一纲	这是开放研究要求而非已证成果；按该锚点保留准确前沿。
RHT-SYN-U0225	history/sources/次单调论文研究/分类集研究/RLEB_LT_operator_space_research_asset_v1/RLEB_LT_operator_space_research_asset_v1/03_CLASSIFICATION_STAGE/ppa_classification_team/07_stage_synthesis.md	118	118	空行/标题/表头/不新增断言的引导语	organization	空LF行	nonmathematical	nonmathematical	research/audit/RELATIVE_HOLDER_COVERAGE_2026_10_07.md#rht-audit-source		标题/排版或研究建议；不承担已完成数学结论：空行/标题/表头/不新增断言的引导语	无本条独立数学结案；相邻实质断言另列。
RHT-SYN-U0226	history/sources/次单调论文研究/分类集研究/RLEB_LT_operator_space_research_asset_v1/RLEB_LT_operator_space_research_asset_v1/03_CLASSIFICATION_STAGE/ppa_classification_team/07_stage_synthesis.md	119	119	空行/标题/表头/不新增断言的引导语	organization	### B3. 单个精确尾层也不能代表整个收敛世界	nonmathematical	nonmathematical	research/audit/RELATIVE_HOLDER_COVERAGE_2026_10_07.md#rht-audit-source		标题/排版或研究建议；不承担已完成数学结论：空行/标题/表头/不新增断言的引导语	无本条独立数学结案；相邻实质断言另列。
RHT-SYN-U0227	history/sources/次单调论文研究/分类集研究/RLEB_LT_operator_space_research_asset_v1/RLEB_LT_operator_space_research_asset_v1/03_CLASSIFICATION_STAGE/ppa_classification_team/07_stage_synthesis.md	120	120	空行/标题/表头/不新增断言的引导语	organization	空LF行	nonmathematical	nonmathematical	research/audit/RELATIVE_HOLDER_COVERAGE_2026_10_07.md#rht-audit-source		标题/排版或研究建议；不承担已完成数学结论：空行/标题/表头/不新增断言的引导语	无本条独立数学结案；相邻实质断言另列。
RHT-SYN-U0098	history/sources/次单调论文研究/分类集研究/RLEB_LT_operator_space_research_asset_v1/RLEB_LT_operator_space_research_asset_v1/03_CLASSIFICATION_STAGE/ppa_classification_team/07_stage_synthesis.md	121	121	共同尾层可能只有一个对象	mathematical	共同尾层可以因回缩几何不可能而为空，可以只有一个对象，也可处在更大中立空间的无处稠密边界。甚至都已一致收敛、精确解集相同的映射，可在全时间拓扑中任意接近，却不属于同一个预先给定的尾预算。	derived-checked	duplicate	research/canonical/uniform_holder_thinness.md#uht-boundary	C180-v1	准确复用已存在规范结论；断言：共同尾层可能只有一个对象；沿所列锚点核同对象/量词，不升级更广来源报告。	无该已证精确子句的新义务；不认证同行更宽原生图或历史行为。
RHT-SYN-U0099	history/sources/次单调论文研究/分类集研究/RLEB_LT_operator_space_research_asset_v1/RLEB_LT_operator_space_research_asset_v1/03_CLASSIFICATION_STAGE/ppa_classification_team/07_stage_synthesis.md	121	121	S不能是连续回缩像时一致收敛到S层为空	mathematical	共同尾层可以因回缩几何不可能而为空，可以只有一个对象，也可处在更大中立空间的无处稠密边界。甚至都已一致收敛、精确解集相同的映射，可在全时间拓扑中任意接近，却不属于同一个预先给定的尾预算。	derived-checked	duplicate	research/canonical/compact_t_observation.md#ct-object	C06	准确复用已存在规范结论；断言：S不能是连续回缩像时一致收敛到S层为空；沿所列锚点核同对象/量词，不升级更广来源报告。	无该已证精确子句的新义务；不认证同行更宽原生图或历史行为。
RHT-SYN-U0100	history/sources/次单调论文研究/分类集研究/RLEB_LT_operator_space_research_asset_v1/RLEB_LT_operator_space_research_asset_v1/03_CLASSIFICATION_STAGE/ppa_classification_team/07_stage_synthesis.md	121	121	共同尾层可为更大中立空间无处稠密边界	mathematical	共同尾层可以因回缩几何不可能而为空，可以只有一个对象，也可处在更大中立空间的无处稠密边界。甚至都已一致收敛、精确解集相同的映射，可在全时间拓扑中任意接近，却不属于同一个预先给定的尾预算。	source-report	deferred	research/audit/RELATIVE_HOLDER_COVERAGE_2026_10_07.md#rht-audit-source		仅来源报告；准确断言：共同尾层可为更大中立空间无处稠密边界。本次未以历史PASS、摘要或邻近定理补该原生范围。	固定父层、精确Fix或只固定S、共同尾条件后给相对无内点构造。
RHT-SYN-U0101	history/sources/次单调论文研究/分类集研究/RLEB_LT_operator_space_research_asset_v1/RLEB_LT_operator_space_research_asset_v1/03_CLASSIFICATION_STAGE/ppa_classification_team/07_stage_synthesis.md	121	121	同S一致收敛映射全时间任意接近却不在同预定尾预算	mathematical	共同尾层可以因回缩几何不可能而为空，可以只有一个对象，也可处在更大中立空间的无处稠密边界。甚至都已一致收敛、精确解集相同的映射，可在全时间拓扑中任意接近，却不属于同一个预先给定的尾预算。	source-report	deferred	research/audit/RELATIVE_HOLDER_COVERAGE_2026_10_07.md#rht-audit-source		仅来源报告；准确断言：同S一致收敛映射全时间任意接近却不在同预定尾预算。本次未以历史PASS、摘要或邻近定理补该原生范围。	构造同K/S/全部尾量词的慢收缩族，并核全时间距及预算违反。
RHT-SYN-U0228	history/sources/次单调论文研究/分类集研究/RLEB_LT_operator_space_research_asset_v1/RLEB_LT_operator_space_research_asset_v1/03_CLASSIFICATION_STAGE/ppa_classification_team/07_stage_synthesis.md	122	122	空行/标题/表头/不新增断言的引导语	organization	空LF行	nonmathematical	nonmathematical	research/audit/RELATIVE_HOLDER_COVERAGE_2026_10_07.md#rht-audit-source		标题/排版或研究建议；不承担已完成数学结论：空行/标题/表头/不新增断言的引导语	无本条独立数学结案；相邻实质断言另列。
RHT-SYN-U0102	history/sources/次单调论文研究/分类集研究/RLEB_LT_operator_space_research_asset_v1/RLEB_LT_operator_space_research_asset_v1/03_CLASSIFICATION_STAGE/ppa_classification_team/07_stage_synthesis.md	123	123	尾层内类差必须同时报告非退化、母层位置与跨尺度转移	programme	因此“这一尾层中类差很大”必须同时报告该层是否非退化、位于母空间何处、能否跨尺度转移。	nonmathematical	nonmathematical	research/canonical/operator_space_construction_frontier.md#ocf-specification		标题/排版或研究建议；不承担已完成数学结论：尾层内类差必须同时报告非退化、母层位置与跨尺度转移	这是开放研究要求而非已证成果；按该锚点保留准确前沿。
RHT-SYN-U0229	history/sources/次单调论文研究/分类集研究/RLEB_LT_operator_space_research_asset_v1/RLEB_LT_operator_space_research_asset_v1/03_CLASSIFICATION_STAGE/ppa_classification_team/07_stage_synthesis.md	124	124	空行/标题/表头/不新增断言的引导语	organization	空LF行	nonmathematical	nonmathematical	research/audit/RELATIVE_HOLDER_COVERAGE_2026_10_07.md#rht-audit-source		标题/排版或研究建议；不承担已完成数学结论：空行/标题/表头/不新增断言的引导语	无本条独立数学结案；相邻实质断言另列。
RHT-SYN-U0230	history/sources/次单调论文研究/分类集研究/RLEB_LT_operator_space_research_asset_v1/RLEB_LT_operator_space_research_asset_v1/03_CLASSIFICATION_STAGE/ppa_classification_team/07_stage_synthesis.md	125	125	空行/标题/表头/不新增断言的引导语	organization	## C. 真正尚未解决的三项局部瓶颈	nonmathematical	nonmathematical	research/audit/RELATIVE_HOLDER_COVERAGE_2026_10_07.md#rht-audit-source		标题/排版或研究建议；不承担已完成数学结论：空行/标题/表头/不新增断言的引导语	无本条独立数学结案；相邻实质断言另列。
RHT-SYN-U0231	history/sources/次单调论文研究/分类集研究/RLEB_LT_operator_space_research_asset_v1/RLEB_LT_operator_space_research_asset_v1/03_CLASSIFICATION_STAGE/ppa_classification_team/07_stage_synthesis.md	126	126	空行/标题/表头/不新增断言的引导语	organization	空LF行	nonmathematical	nonmathematical	research/audit/RELATIVE_HOLDER_COVERAGE_2026_10_07.md#rht-audit-source		标题/排版或研究建议；不承担已完成数学结论：空行/标题/表头/不新增断言的引导语	无本条独立数学结案；相邻实质断言另列。
RHT-SYN-U0232	history/sources/次单调论文研究/分类集研究/RLEB_LT_operator_space_research_asset_v1/RLEB_LT_operator_space_research_asset_v1/03_CLASSIFICATION_STAGE/ppa_classification_team/07_stage_synthesis.md	127	127	空行/标题/表头/不新增断言的引导语	organization	| 瓶颈 | 已经有什么 | 还必须证明什么 |	nonmathematical	nonmathematical	research/audit/RELATIVE_HOLDER_COVERAGE_2026_10_07.md#rht-audit-source		标题/排版或研究建议；不承担已完成数学结论：空行/标题/表头/不新增断言的引导语	无本条独立数学结案；相邻实质断言另列。
RHT-SYN-U0233	history/sources/次单调论文研究/分类集研究/RLEB_LT_operator_space_research_asset_v1/RLEB_LT_operator_space_research_asset_v1/03_CLASSIFICATION_STAGE/ppa_classification_team/07_stage_synthesis.md	128	128	空行/标题/表头/不新增断言的引导语	organization	|---|---|---|	nonmathematical	nonmathematical	research/audit/RELATIVE_HOLDER_COVERAGE_2026_10_07.md#rht-audit-source		标题/排版或研究建议；不承担已完成数学结论：空行/标题/表头/不新增断言的引导语	无本条独立数学结案；相邻实质断言另列。
RHT-SYN-U0103	history/sources/次单调论文研究/分类集研究/RLEB_LT_operator_space_research_asset_v1/RLEB_LT_operator_space_research_asset_v1/03_CLASSIFICATION_STAGE/ppa_classification_team/07_stage_synthesis.md	129	129	已有全图共轭模块	mathematical	| **同尾、同域、同证书闭合** | 全图共轭；真实 EB；RL；严格兼容；尾损失可任意接近 1 | 若对象已饱和 $e_n$，如何修改后仍留在同一个 $\mathfrak D_e$；是否能在预定宏观域上保住证书。否则只能得到跨层定理 |	source-report	deferred	research/canonical/operator_space_construction_frontier.md#ocf-f		仅来源报告；准确断言：已有全图共轭模块。本次未以历史PASS、摘要或邻近定理补该原生范围。	源变形对象和完整图坐标需核。
RHT-SYN-U0104	history/sources/次单调论文研究/分类集研究/RLEB_LT_operator_space_research_asset_v1/RLEB_LT_operator_space_research_asset_v1/03_CLASSIFICATION_STAGE/ppa_classification_team/07_stage_synthesis.md	129	129	已有真实EB模块	mathematical	| **同尾、同域、同证书闭合** | 全图共轭；真实 EB；RL；严格兼容；尾损失可任意接近 1 | 若对象已饱和 $e_n$，如何修改后仍留在同一个 $\mathfrak D_e$；是否能在预定宏观域上保住证书。否则只能得到跨层定理 |	source-report	deferred	research/canonical/operator_space_construction_frontier.md#ocf-f		仅来源报告；准确断言：已有真实EB模块。本次未以历史PASS、摘要或邻近定理补该原生范围。	全部逆纤维残差证明仍需源构造核验。
RHT-SYN-U0105	history/sources/次单调论文研究/分类集研究/RLEB_LT_operator_space_research_asset_v1/RLEB_LT_operator_space_research_asset_v1/03_CLASSIFICATION_STAGE/ppa_classification_team/07_stage_synthesis.md	129	129	已有RL模块	mathematical	| **同尾、同域、同证书闭合** | 全图共轭；真实 EB；RL；严格兼容；尾损失可任意接近 1 | 若对象已饱和 $e_n$，如何修改后仍留在同一个 $\mathfrak D_e$；是否能在预定宏观域上保住证书。否则只能得到跨层定理 |	source-report	deferred	research/canonical/operator_space_construction_frontier.md#ocf-f		仅来源报告；准确断言：已有RL模块。本次未以历史PASS、摘要或邻近定理补该原生范围。	全对同尺度保持需源证明。
RHT-SYN-U0106	history/sources/次单调论文研究/分类集研究/RLEB_LT_operator_space_research_asset_v1/RLEB_LT_operator_space_research_asset_v1/03_CLASSIFICATION_STAGE/ppa_classification_team/07_stage_synthesis.md	129	129	已有严格兼容模块	mathematical	| **同尾、同域、同证书闭合** | 全图共轭；真实 EB；RL；严格兼容；尾损失可任意接近 1 | 若对象已饱和 $e_n$，如何修改后仍留在同一个 $\mathfrak D_e$；是否能在预定宏观域上保住证书。否则只能得到跨层定理 |	source-report	deferred	research/canonical/operator_space_construction_frontier.md#ocf-f		仅来源报告；准确断言：已有严格兼容模块。本次未以历史PASS、摘要或邻近定理补该原生范围。	新模与gauge系数需同域严格复核。
RHT-SYN-U0107	history/sources/次单调论文研究/分类集研究/RLEB_LT_operator_space_research_asset_v1/RLEB_LT_operator_space_research_asset_v1/03_CLASSIFICATION_STAGE/ppa_classification_team/07_stage_synthesis.md	129	129	尾损失可任意近1	mathematical	| **同尾、同域、同证书闭合** | 全图共轭；真实 EB；RL；严格兼容；尾损失可任意接近 1 | 若对象已饱和 $e_n$，如何修改后仍留在同一个 $\mathfrak D_e$；是否能在预定宏观域上保住证书。否则只能得到跨层定理 |	source-report	deferred	research/canonical/operator_space_construction_frontier.md#ocf-f		仅来源报告；准确断言：尾损失可任意近1。本次未以历史PASS、摘要或邻近定理补该原生范围。	核ε量词与共同初值/证书域依赖。
RHT-SYN-U0108	history/sources/次单调论文研究/分类集研究/RLEB_LT_operator_space_research_asset_v1/RLEB_LT_operator_space_research_asset_v1/03_CLASSIFICATION_STAGE/ppa_classification_team/07_stage_synthesis.md	129	129	饱和en的同尾保持、预定宏观域证书仍开放；否则只跨层	programme	| **同尾、同域、同证书闭合** | 全图共轭；真实 EB；RL；严格兼容；尾损失可任意接近 1 | 若对象已饱和 $e_n$，如何修改后仍留在同一个 $\mathfrak D_e$；是否能在预定宏观域上保住证书。否则只能得到跨层定理 |	nonmathematical	nonmathematical	research/canonical/operator_space_construction_frontier.md#ocf-f		标题/排版或研究建议；不承担已完成数学结论：饱和en的同尾保持、预定宏观域证书仍开放；否则只跨层	这是开放研究要求而非已证成果；按该锚点保留准确前沿。
RHT-SYN-U0109	history/sources/次单调论文研究/分类集研究/RLEB_LT_operator_space_research_asset_v1/RLEB_LT_operator_space_research_asset_v1/03_CLASSIFICATION_STAGE/ppa_classification_team/07_stage_synthesis.md	130	130	已有对象侧闭紧预算块	mathematical	| **拟作分母的 RLEB 层之非空 Baire/非第一纲性** | 对象侧闭紧预算块；整个并类的 $K_\sigma$ 表示 | 选择并证明一个有鉴别力、非退化的相对分母；不能把整个 RLEB 并类默认成 Baire |	source-report	deferred	research/canonical/operator_space_construction_frontier.md#ocf-c		仅来源报告；准确断言：已有对象侧闭紧预算块。本次未以历史PASS、摘要或邻近定理补该原生范围。	需原生三类分别证明真实紧块。
RHT-SYN-U0110	history/sources/次单调论文研究/分类集研究/RLEB_LT_operator_space_research_asset_v1/RLEB_LT_operator_space_research_asset_v1/03_CLASSIFICATION_STAGE/ppa_classification_team/07_stage_synthesis.md	130	130	已有整个RLEB并类Kσ	mathematical	| **拟作分母的 RLEB 层之非空 Baire/非第一纲性** | 对象侧闭紧预算块；整个并类的 $K_\sigma$ 表示 | 选择并证明一个有鉴别力、非退化的相对分母；不能把整个 RLEB 并类默认成 Baire |	source-report	deferred	research/canonical/operator_space_construction_frontier.md#ocf-c		仅来源报告；准确断言：已有整个RLEB并类Kσ。本次未以历史PASS、摘要或邻近定理补该原生范围。	需同一对象空间可数等价耗尽。
RHT-SYN-U0111	history/sources/次单调论文研究/分类集研究/RLEB_LT_operator_space_research_asset_v1/RLEB_LT_operator_space_research_asset_v1/03_CLASSIFICATION_STAGE/ppa_classification_team/07_stage_synthesis.md	130	130	有鉴别力非退化相对分母待选证，不能默认整个RLEB Baire	programme	| **拟作分母的 RLEB 层之非空 Baire/非第一纲性** | 对象侧闭紧预算块；整个并类的 $K_\sigma$ 表示 | 选择并证明一个有鉴别力、非退化的相对分母；不能把整个 RLEB 并类默认成 Baire |	nonmathematical	nonmathematical	research/canonical/operator_space_construction_frontier.md#ocf-c		标题/排版或研究建议；不承担已完成数学结论：有鉴别力非退化相对分母待选证，不能默认整个RLEB Baire	这是开放研究要求而非已证成果；按该锚点保留准确前沿。
RHT-SYN-U0112	history/sources/次单调论文研究/分类集研究/RLEB_LT_operator_space_research_asset_v1/RLEB_LT_operator_space_research_asset_v1/03_CLASSIFICATION_STAGE/ppa_classification_team/07_stage_synthesis.md	131	131	法向收缩/非退化漂移层内通用变形已得	mathematical	| **结构层在中立母空间中的位置** | 正常收缩—非退化切向漂移层内的通用变形 | 该层及变形后类的闭包、相对内部、稠密/非第一纲性，或证明哪些中立区域排斥它；不能用层自身的加权导数拓扑替代母空间 AW 类别 |	source-report	deferred	research/canonical/operator_space_construction_frontier.md#ocf-f		仅来源报告；准确断言：法向收缩/非退化漂移层内通用变形已得。本次未以历史PASS、摘要或邻近定理补该原生范围。	结构层全部函数和准确变形范围仍须独立核验。
RHT-SYN-U0113	history/sources/次单调论文研究/分类集研究/RLEB_LT_operator_space_research_asset_v1/RLEB_LT_operator_space_research_asset_v1/03_CLASSIFICATION_STAGE/ppa_classification_team/07_stage_synthesis.md	131	131	层闭包/内部/稠密/非第一纲/排斥区域及母层AW位置仍开放	programme	| **结构层在中立母空间中的位置** | 正常收缩—非退化切向漂移层内的通用变形 | 该层及变形后类的闭包、相对内部、稠密/非第一纲性，或证明哪些中立区域排斥它；不能用层自身的加权导数拓扑替代母空间 AW 类别 |	nonmathematical	nonmathematical	research/canonical/operator_space_construction_frontier.md#ocf-specification		标题/排版或研究建议；不承担已完成数学结论：层闭包/内部/稠密/非第一纲/排斥区域及母层AW位置仍开放	这是开放研究要求而非已证成果；按该锚点保留准确前沿。
RHT-SYN-U0234	history/sources/次单调论文研究/分类集研究/RLEB_LT_operator_space_research_asset_v1/RLEB_LT_operator_space_research_asset_v1/03_CLASSIFICATION_STAGE/ppa_classification_team/07_stage_synthesis.md	132	132	空行/标题/表头/不新增断言的引导语	organization	空LF行	nonmathematical	nonmathematical	research/audit/RELATIVE_HOLDER_COVERAGE_2026_10_07.md#rht-audit-source		标题/排版或研究建议；不承担已完成数学结论：空行/标题/表头/不新增断言的引导语	无本条独立数学结案；相邻实质断言另列。
RHT-SYN-U0114	history/sources/次单调论文研究/分类集研究/RLEB_LT_operator_space_research_asset_v1/RLEB_LT_operator_space_research_asset_v1/03_CLASSIFICATION_STAGE/ppa_classification_team/07_stage_synthesis.md	133	133	三项桥为同一比较定理承重点的研究判断	organization	这三项是同一个比较定理的承重点，不是三个可忽略的排版细节。	nonmathematical	nonmathematical	research/audit/RELATIVE_HOLDER_COVERAGE_2026_10_07.md#rht-audit-source		标题/排版或研究建议；不承担已完成数学结论：三项桥为同一比较定理承重点的研究判断	无本条独立数学结案；相邻实质断言另列。
RHT-SYN-U0235	history/sources/次单调论文研究/分类集研究/RLEB_LT_operator_space_research_asset_v1/RLEB_LT_operator_space_research_asset_v1/03_CLASSIFICATION_STAGE/ppa_classification_team/07_stage_synthesis.md	134	134	空行/标题/表头/不新增断言的引导语	organization	空LF行	nonmathematical	nonmathematical	research/audit/RELATIVE_HOLDER_COVERAGE_2026_10_07.md#rht-audit-source		标题/排版或研究建议；不承担已完成数学结论：空行/标题/表头/不新增断言的引导语	无本条独立数学结案；相邻实质断言另列。
RHT-SYN-U0115	history/sources/次单调论文研究/分类集研究/RLEB_LT_operator_space_research_asset_v1/RLEB_LT_operator_space_research_asset_v1/03_CLASSIFICATION_STAGE/ppa_classification_team/07_stage_synthesis.md	135	135	任意正步长LT推出线性位移必要条件	mathematical	另有推广边界：任意正步长 LT 推出线性位移必要条件，现已覆盖局部仿射及 $C^1$ 解流形；但保 RLEB 的幂变形主定理目前在仿射分裂结构中完成。不能把 $C^1$ 必要条件的证明当成弯曲流形构造也已完成。	source-report	deferred	research/canonical/operator_space_construction_frontier.md#ocf-f		仅来源报告；准确断言：任意正步长LT推出线性位移必要条件。本次未以历史PASS、摘要或邻近定理补该原生范围。	给完整LT all-pairs定义并证明同图任意正步长必要式。
RHT-SYN-U0116	history/sources/次单调论文研究/分类集研究/RLEB_LT_operator_space_research_asset_v1/RLEB_LT_operator_space_research_asset_v1/03_CLASSIFICATION_STAGE/ppa_classification_team/07_stage_synthesis.md	135	135	必要条件覆盖局部仿射解集	mathematical	另有推广边界：任意正步长 LT 推出线性位移必要条件，现已覆盖局部仿射及 $C^1$ 解流形；但保 RLEB 的幂变形主定理目前在仿射分裂结构中完成。不能把 $C^1$ 必要条件的证明当成弯曲流形构造也已完成。	source-report	deferred	research/canonical/operator_space_construction_frontier.md#ocf-f		仅来源报告；准确断言：必要条件覆盖局部仿射解集。本次未以历史PASS、摘要或邻近定理补该原生范围。	精确局部域和全部完整纤维。
RHT-SYN-U0117	history/sources/次单调论文研究/分类集研究/RLEB_LT_operator_space_research_asset_v1/RLEB_LT_operator_space_research_asset_v1/03_CLASSIFICATION_STAGE/ppa_classification_team/07_stage_synthesis.md	135	135	必要条件覆盖C1解流形	mathematical	另有推广边界：任意正步长 LT 推出线性位移必要条件，现已覆盖局部仿射及 $C^1$ 解流形；但保 RLEB 的幂变形主定理目前在仿射分裂结构中完成。不能把 $C^1$ 必要条件的证明当成弯曲流形构造也已完成。	source-report	deferred	research/canonical/operator_space_construction_frontier.md#ocf-f		仅来源报告；准确断言：必要条件覆盖C1解流形。本次未以历史PASS、摘要或邻近定理补该原生范围。	管状坐标、锚与线性误差估计独立核验。
RHT-SYN-U0118	history/sources/次单调论文研究/分类集研究/RLEB_LT_operator_space_research_asset_v1/RLEB_LT_operator_space_research_asset_v1/03_CLASSIFICATION_STAGE/ppa_classification_team/07_stage_synthesis.md	135	135	保RLEB幂变形主定理仿射层完成	mathematical	另有推广边界：任意正步长 LT 推出线性位移必要条件，现已覆盖局部仿射及 $C^1$ 解流形；但保 RLEB 的幂变形主定理目前在仿射分裂结构中完成。不能把 $C^1$ 必要条件的证明当成弯曲流形构造也已完成。	source-report	deferred	research/canonical/operator_space_construction_frontier.md#ocf-f		仅来源报告；准确断言：保RLEB幂变形主定理仿射层完成。本次未以历史PASS、摘要或邻近定理补该原生范围。	全层保持门及实际证明恢复，不能由必要条件推充分构造。
RHT-SYN-U0119	history/sources/次单调论文研究/分类集研究/RLEB_LT_operator_space_research_asset_v1/RLEB_LT_operator_space_research_asset_v1/03_CLASSIFICATION_STAGE/ppa_classification_team/07_stage_synthesis.md	135	135	C1必要条件不关闭弯曲流形构造	programme	另有推广边界：任意正步长 LT 推出线性位移必要条件，现已覆盖局部仿射及 $C^1$ 解流形；但保 RLEB 的幂变形主定理目前在仿射分裂结构中完成。不能把 $C^1$ 必要条件的证明当成弯曲流形构造也已完成。	nonmathematical	nonmathematical	research/canonical/operator_space_construction_frontier.md#ocf-f		标题/排版或研究建议；不承担已完成数学结论：C1必要条件不关闭弯曲流形构造	这是开放研究要求而非已证成果；按该锚点保留准确前沿。
RHT-SYN-U0236	history/sources/次单调论文研究/分类集研究/RLEB_LT_operator_space_research_asset_v1/RLEB_LT_operator_space_research_asset_v1/03_CLASSIFICATION_STAGE/ppa_classification_team/07_stage_synthesis.md	136	136	空行/标题/表头/不新增断言的引导语	organization	空LF行	nonmathematical	nonmathematical	research/audit/RELATIVE_HOLDER_COVERAGE_2026_10_07.md#rht-audit-source		标题/排版或研究建议；不承担已完成数学结论：空行/标题/表头/不新增断言的引导语	无本条独立数学结案；相邻实质断言另列。
RHT-SYN-U0237	history/sources/次单调论文研究/分类集研究/RLEB_LT_operator_space_research_asset_v1/RLEB_LT_operator_space_research_asset_v1/03_CLASSIFICATION_STAGE/ppa_classification_team/07_stage_synthesis.md	137	137	空行/标题/表头/不新增断言的引导语	organization	## D. 下一阶段采用什么“大小语言”	nonmathematical	nonmathematical	research/audit/RELATIVE_HOLDER_COVERAGE_2026_10_07.md#rht-audit-source		标题/排版或研究建议；不承担已完成数学结论：空行/标题/表头/不新增断言的引导语	无本条独立数学结案；相邻实质断言另列。
RHT-SYN-U0238	history/sources/次单调论文研究/分类集研究/RLEB_LT_operator_space_research_asset_v1/RLEB_LT_operator_space_research_asset_v1/03_CLASSIFICATION_STAGE/ppa_classification_team/07_stage_synthesis.md	138	138	空行/标题/表头/不新增断言的引导语	organization	空LF行	nonmathematical	nonmathematical	research/audit/RELATIVE_HOLDER_COVERAGE_2026_10_07.md#rht-audit-source		标题/排版或研究建议；不承担已完成数学结论：空行/标题/表头/不新增断言的引导语	无本条独立数学结案；相邻实质断言另列。
RHT-SYN-U0239	history/sources/次单调论文研究/分类集研究/RLEB_LT_operator_space_research_asset_v1/RLEB_LT_operator_space_research_asset_v1/03_CLASSIFICATION_STAGE/ppa_classification_team/07_stage_synthesis.md	139	139	空行/标题/表头/不新增断言的引导语	organization	### D1. 建议采用内生实际尾的分层类别剖面	nonmathematical	nonmathematical	research/audit/RELATIVE_HOLDER_COVERAGE_2026_10_07.md#rht-audit-source		标题/排版或研究建议；不承担已完成数学结论：空行/标题/表头/不新增断言的引导语	无本条独立数学结案；相邻实质断言另列。
RHT-SYN-U0240	history/sources/次单调论文研究/分类集研究/RLEB_LT_operator_space_research_asset_v1/RLEB_LT_operator_space_research_asset_v1/03_CLASSIFICATION_STAGE/ppa_classification_team/07_stage_synthesis.md	140	140	空行/标题/表头/不新增断言的引导语	organization	空LF行	nonmathematical	nonmathematical	research/audit/RELATIVE_HOLDER_COVERAGE_2026_10_07.md#rht-audit-source		标题/排版或研究建议；不承担已完成数学结论：空行/标题/表头/不新增断言的引导语	无本条独立数学结案；相邻实质断言另列。
RHT-SYN-U0120	history/sources/次单调论文研究/分类集研究/RLEB_LT_operator_space_research_asset_v1/RLEB_LT_operator_space_research_asset_v1/03_CLASSIFICATION_STAGE/ppa_classification_team/07_stage_synthesis.md	141	141	紧自映射域无速率一致收敛到S且固定S的层	mathematical	在紧自映射域的无速率一致收敛层 $\mathscr C_{\rm lu}$ 中定义	derived-checked	duplicate	research/canonical/compact_t_observation.md#ct-object	C06	准确复用已存在规范结论；断言：紧自映射域无速率一致收敛到S且固定S的层；沿所列锚点核同对象/量词，不升级更广来源报告。	无该已证精确子句的新义务；不认证同行更宽原生图或历史行为。
RHT-SYN-U0241	history/sources/次单调论文研究/分类集研究/RLEB_LT_operator_space_research_asset_v1/RLEB_LT_operator_space_research_asset_v1/03_CLASSIFICATION_STAGE/ppa_classification_team/07_stage_synthesis.md	142	142	空行/标题/表头/不新增断言的引导语	organization	空LF行	nonmathematical	nonmathematical	research/audit/RELATIVE_HOLDER_COVERAGE_2026_10_07.md#rht-audit-source		标题/排版或研究建议；不承担已完成数学结论：空行/标题/表头/不新增断言的引导语	无本条独立数学结案；相邻实质断言另列。
RHT-SYN-U0121	history/sources/次单调论文研究/分类集研究/RLEB_LT_operator_space_research_asset_v1/RLEB_LT_operator_space_research_asset_v1/03_CLASSIFICATION_STAGE/ppa_classification_team/07_stage_synthesis.md	143	148	内生w_n为全部尾对差及全部尾到S距离最大值	definition	"\[
w_n(T)=\max\left\{
\sup_{k,\ell\ge n}\|T^k-T^\ell\|_K,
\sup_{k\ge n}\|d(T^k\cdot,S)\|_K
\right\}.
\]"	derived-checked	duplicate	research/canonical/compact_t_observation.md#ct-object	C06	准确复用已存在规范结论；断言：内生w_n为全部尾对差及全部尾到S距离最大值；沿所列锚点核同对象/量词，不升级更广来源报告。	仅CT1同T-only对象；原完整图版本另列。
RHT-SYN-U0242	history/sources/次单调论文研究/分类集研究/RLEB_LT_operator_space_research_asset_v1/RLEB_LT_operator_space_research_asset_v1/03_CLASSIFICATION_STAGE/ppa_classification_team/07_stage_synthesis.md	149	149	空行/标题/表头/不新增断言的引导语	organization	空LF行	nonmathematical	nonmathematical	research/audit/RELATIVE_HOLDER_COVERAGE_2026_10_07.md#rht-audit-source		标题/排版或研究建议；不承担已完成数学结论：空行/标题/表头/不新增断言的引导语	无本条独立数学结案；相邻实质断言另列。
RHT-SYN-U0122	history/sources/次单调论文研究/分类集研究/RLEB_LT_operator_space_research_asset_v1/RLEB_LT_operator_space_research_asset_v1/03_CLASSIFICATION_STAGE/ppa_classification_team/07_stage_synthesis.md	150	150	对象的w(T)属于c0	mathematical	$w(T)\in c_0$ 由对象唯一确定，不是可随意重选的尾证书。全时间一致距离下已有	derived-checked	duplicate	research/canonical/compact_t_observation.md#ct-object	C06	准确复用已存在规范结论；断言：对象的w(T)属于c0；沿所列锚点核同对象/量词，不升级更广来源报告。	无该已证精确子句的新义务；不认证同行更宽原生图或历史行为。
RHT-SYN-U0123	history/sources/次单调论文研究/分类集研究/RLEB_LT_operator_space_research_asset_v1/RLEB_LT_operator_space_research_asset_v1/03_CLASSIFICATION_STAGE/ppa_classification_team/07_stage_synthesis.md	150	150	w(T)由对象唯一决定不能随意重选	mathematical	$w(T)\in c_0$ 由对象唯一确定，不是可随意重选的尾证书。全时间一致距离下已有	derived-checked	duplicate	research/canonical/compact_t_observation.md#ct-object	C06	准确复用已存在规范结论；断言：w(T)由对象唯一决定不能随意重选；沿所列锚点核同对象/量词，不升级更广来源报告。	无该已证精确子句的新义务；不认证同行更宽原生图或历史行为。
RHT-SYN-U0243	history/sources/次单调论文研究/分类集研究/RLEB_LT_operator_space_research_asset_v1/RLEB_LT_operator_space_research_asset_v1/03_CLASSIFICATION_STAGE/ppa_classification_team/07_stage_synthesis.md	151	151	空行/标题/表头/不新增断言的引导语	organization	空LF行	nonmathematical	nonmathematical	research/audit/RELATIVE_HOLDER_COVERAGE_2026_10_07.md#rht-audit-source		标题/排版或研究建议；不承担已完成数学结论：空行/标题/表头/不新增断言的引导语	无本条独立数学结案；相邻实质断言另列。
RHT-SYN-U0124	history/sources/次单调论文研究/分类集研究/RLEB_LT_operator_space_research_asset_v1/RLEB_LT_operator_space_research_asset_v1/03_CLASSIFICATION_STAGE/ppa_classification_team/07_stage_synthesis.md	152	154	w在同全时间距离下2-Lipschitz	formula	"\[
\|w(T)-w(U)\|_{\ell^\infty}\le2d_{\rm dyn}(T,U).
\]"	derived-checked	duplicate	research/canonical/compact_t_observation.md#ct-proper	C06	准确复用已存在规范结论；断言：w在同全时间距离下2-Lipschitz；沿所列锚点核同对象/量词，不升级更广来源报告。	两迭代差各损失d_all、距离项损失d_all；不替原AW度量。
RHT-SYN-U0244	history/sources/次单调论文研究/分类集研究/RLEB_LT_operator_space_research_asset_v1/RLEB_LT_operator_space_research_asset_v1/03_CLASSIFICATION_STAGE/ppa_classification_team/07_stage_synthesis.md	155	155	空行/标题/表头/不新增断言的引导语	organization	空LF行	nonmathematical	nonmathematical	research/audit/RELATIVE_HOLDER_COVERAGE_2026_10_07.md#rht-audit-source		标题/排版或研究建议；不承担已完成数学结论：空行/标题/表头/不新增断言的引导语	无本条独立数学结案；相邻实质断言另列。
RHT-SYN-U0125	history/sources/次单调论文研究/分类集研究/RLEB_LT_operator_space_research_asset_v1/RLEB_LT_operator_space_research_asset_v1/03_CLASSIFICATION_STAGE/ppa_classification_team/07_stage_synthesis.md	156	156	非增e共同尾条件等价w≤e	mathematical	对非增 $e\to0$，原共同尾层恰为 $\{T:w(T)\le e\}$。保留完整原图的局部版本以 $B$ 上的轨道 trace 替换 $T^k|_K$，仍保留原图坐标。	derived-checked	duplicate	research/canonical/compact_t_observation.md#ct-proper	C06	准确复用已存在规范结论；断言：非增e共同尾条件等价w≤e；沿所列锚点核同对象/量词，不升级更广来源报告。	无该已证精确子句的新义务；不认证同行更宽原生图或历史行为。
RHT-SYN-U0126	history/sources/次单调论文研究/分类集研究/RLEB_LT_operator_space_research_asset_v1/RLEB_LT_operator_space_research_asset_v1/03_CLASSIFICATION_STAGE/ppa_classification_team/07_stage_synthesis.md	156	156	完整原图局部B-trace版本保原图坐标	mathematical	对非增 $e\to0$，原共同尾层恰为 $\{T:w(T)\le e\}$。保留完整原图的局部版本以 $B$ 上的轨道 trace 替换 $T^k|_K$，仍保留原图坐标。	source-report	deferred	research/canonical/operator_space_construction_frontier.md#ocf-b		仅来源报告；准确断言：完整原图局部B-trace版本保原图坐标。本次未以历史PASS、摘要或邻近定理补该原生范围。	完整图父空间、局部trace连续性、良定与全纤维门另证；不由C06 T-only授予。
RHT-SYN-U0245	history/sources/次单调论文研究/分类集研究/RLEB_LT_operator_space_research_asset_v1/RLEB_LT_operator_space_research_asset_v1/03_CLASSIFICATION_STAGE/ppa_classification_team/07_stage_synthesis.md	157	157	空行/标题/表头/不新增断言的引导语	organization	空LF行	nonmathematical	nonmathematical	research/audit/RELATIVE_HOLDER_COVERAGE_2026_10_07.md#rht-audit-source		标题/排版或研究建议；不承担已完成数学结论：空行/标题/表头/不新增断言的引导语	无本条独立数学结案；相邻实质断言另列。
RHT-SYN-U0127	history/sources/次单调论文研究/分类集研究/RLEB_LT_operator_space_research_asset_v1/RLEB_LT_operator_space_research_asset_v1/03_CLASSIFICATION_STAGE/ppa_classification_team/07_stage_synthesis.md	158	158	建议用分层类别剖面而非单纲标签	programme	建议下一阶段不再只输出一个“第一纲”标签，而为每套理论 $C$ 记录一个**分层类别剖面**：	nonmathematical	nonmathematical	research/canonical/operator_space_construction_frontier.md#ocf-b		标题/排版或研究建议；不承担已完成数学结论：建议用分层类别剖面而非单纲标签	这是开放研究要求而非已证成果；按该锚点保留准确前沿。
RHT-SYN-U0246	history/sources/次单调论文研究/分类集研究/RLEB_LT_operator_space_research_asset_v1/RLEB_LT_operator_space_research_asset_v1/03_CLASSIFICATION_STAGE/ppa_classification_team/07_stage_synthesis.md	159	159	空行/标题/表头/不新增断言的引导语	organization	空LF行	nonmathematical	nonmathematical	research/audit/RELATIVE_HOLDER_COVERAGE_2026_10_07.md#rht-audit-source		标题/排版或研究建议；不承担已完成数学结论：空行/标题/表头/不新增断言的引导语	无本条独立数学结案；相邻实质断言另列。
RHT-SYN-U0128	history/sources/次单调论文研究/分类集研究/RLEB_LT_operator_space_research_asset_v1/RLEB_LT_operator_space_research_asset_v1/03_CLASSIFICATION_STAGE/ppa_classification_team/07_stage_synthesis.md	160	167	Prof_C(e)登记相对内部、闭包、类别	definition	"\[
\operatorname{Prof}_C(e)
=\Bigl(
\operatorname{Int}_{\mathfrak D_e}\mathcal C_C,
\overline{\mathcal C_C\cap\mathfrak D_e}^{\,\mathfrak D_e},
\operatorname{Cat}_{\mathfrak D_e}(\mathcal C_C\cap\mathfrak D_e)
\Bigr),
\]"	nonmathematical	nonmathematical	research/canonical/operator_space_construction_frontier.md#ocf-b		标题/排版或研究建议；不承担已完成数学结论：Prof_C(e)登记相对内部、闭包、类别	仅记录格式；各实际认证类剖面的数学取值与跨层传递仍开放。
RHT-SYN-U0247	history/sources/次单调论文研究/分类集研究/RLEB_LT_operator_space_research_asset_v1/RLEB_LT_operator_space_research_asset_v1/03_CLASSIFICATION_STAGE/ppa_classification_team/07_stage_synthesis.md	168	168	空行/标题/表头/不新增断言的引导语	organization	空LF行	nonmathematical	nonmathematical	research/audit/RELATIVE_HOLDER_COVERAGE_2026_10_07.md#rht-audit-source		标题/排版或研究建议；不承担已完成数学结论：空行/标题/表头/不新增断言的引导语	无本条独立数学结案；相邻实质断言另列。
RHT-SYN-U0129	history/sources/次单调论文研究/分类集研究/RLEB_LT_operator_space_research_asset_v1/RLEB_LT_operator_space_research_asset_v1/03_CLASSIFICATION_STAGE/ppa_classification_team/07_stage_synthesis.md	169	169	同时登记非空/退化、解几何、认证域；Cat为状态记录非数值测度	organization	同时登记 $\mathfrak D_e$ 的非空/退化状态、实际解几何和使用的认证域。这里 $\operatorname{Cat}$ 只是“第一纲、非第一纲、余稀等已证明状态”的记录符号，不是新定义的数值测度。	nonmathematical	nonmathematical	research/audit/RELATIVE_HOLDER_COVERAGE_2026_10_07.md#rht-audit-source		标题/排版或研究建议；不承担已完成数学结论：同时登记非空/退化、解几何、认证域；Cat为状态记录非数值测度	无本条独立数学结案；相邻实质断言另列。
RHT-SYN-U0248	history/sources/次单调论文研究/分类集研究/RLEB_LT_operator_space_research_asset_v1/RLEB_LT_operator_space_research_asset_v1/03_CLASSIFICATION_STAGE/ppa_classification_team/07_stage_synthesis.md	170	170	空行/标题/表头/不新增断言的引导语	organization	空LF行	nonmathematical	nonmathematical	research/audit/RELATIVE_HOLDER_COVERAGE_2026_10_07.md#rht-audit-source		标题/排版或研究建议；不承担已完成数学结论：空行/标题/表头/不新增断言的引导语	无本条独立数学结案；相邻实质断言另列。
RHT-SYN-U0130	history/sources/次单调论文研究/分类集研究/RLEB_LT_operator_space_research_asset_v1/RLEB_LT_operator_space_research_asset_v1/03_CLASSIFICATION_STAGE/ppa_classification_team/07_stage_synthesis.md	171	171	跨尺度类别定理尚未证明，需核ce/时间平移/放宽保持	programme	这一语言已经有明确的规范坐标基础，但**跨尺度类别定理尚待证明**。首要检验为：比较结论能否在 $e\mapsto ce$、有限时间平移或明确的尾尺度放宽下保持。现有共轭给出 $e\mapsto(1+\varepsilon)e$ 的受控对象映射，是可用起点；连续映射或层包含本身不保纲，不能把这一步省略。	nonmathematical	nonmathematical	research/canonical/operator_space_construction_frontier.md#ocf-b		标题/排版或研究建议；不承担已完成数学结论：跨尺度类别定理尚未证明，需核ce/时间平移/放宽保持	这是开放研究要求而非已证成果；按该锚点保留准确前沿。
RHT-SYN-U0131	history/sources/次单调论文研究/分类集研究/RLEB_LT_operator_space_research_asset_v1/RLEB_LT_operator_space_research_asset_v1/03_CLASSIFICATION_STAGE/ppa_classification_team/07_stage_synthesis.md	171	171	现有共轭给e到(1+ε)e受控映射	mathematical	这一语言已经有明确的规范坐标基础，但**跨尺度类别定理尚待证明**。首要检验为：比较结论能否在 $e\mapsto ce$、有限时间平移或明确的尾尺度放宽下保持。现有共轭给出 $e\mapsto(1+\varepsilon)e$ 的受控对象映射，是可用起点；连续映射或层包含本身不保纲，不能把这一步省略。	source-report	deferred	research/canonical/operator_space_construction_frontier.md#ocf-f		仅来源报告；准确断言：现有共轭给e到(1+ε)e受控映射。本次未以历史PASS、摘要或邻近定理补该原生范围。	须先恢复源通用构造及实际预算估计；C186的零尾特例不替此全层结论。
RHT-SYN-U0132	history/sources/次单调论文研究/分类集研究/RLEB_LT_operator_space_research_asset_v1/RLEB_LT_operator_space_research_asset_v1/03_CLASSIFICATION_STAGE/ppa_classification_team/07_stage_synthesis.md	171	171	连续映射本身不保证保纲	mathematical	这一语言已经有明确的规范坐标基础，但**跨尺度类别定理尚待证明**。首要检验为：比较结论能否在 $e\mapsto ce$、有限时间平移或明确的尾尺度放宽下保持。现有共轭给出 $e\mapsto(1+\varepsilon)e$ 的受控对象映射，是可用起点；连续映射或层包含本身不保纲，不能把这一步省略。	derived-checked	duplicate	research/canonical/operator_space_construction_frontier.md#ocf-b	C06	准确复用已存在规范结论；断言：连续映射本身不保证保纲；沿所列锚点核同对象/量词，不升级更广来源报告。	无该已证精确子句的新义务；不认证同行更宽原生图或历史行为。
RHT-SYN-U0133	history/sources/次单调论文研究/分类集研究/RLEB_LT_operator_space_research_asset_v1/RLEB_LT_operator_space_research_asset_v1/03_CLASSIFICATION_STAGE/ppa_classification_team/07_stage_synthesis.md	171	171	层包含不自动提供类别转移	programme	这一语言已经有明确的规范坐标基础，但**跨尺度类别定理尚待证明**。首要检验为：比较结论能否在 $e\mapsto ce$、有限时间平移或明确的尾尺度放宽下保持。现有共轭给出 $e\mapsto(1+\varepsilon)e$ 的受控对象映射，是可用起点；连续映射或层包含本身不保纲，不能把这一步省略。	nonmathematical	nonmathematical	research/canonical/operator_space_construction_frontier.md#ocf-b		标题/排版或研究建议；不承担已完成数学结论：层包含不自动提供类别转移	这是开放研究要求而非已证成果；按该锚点保留准确前沿。
RHT-SYN-U0249	history/sources/次单调论文研究/分类集研究/RLEB_LT_operator_space_research_asset_v1/RLEB_LT_operator_space_research_asset_v1/03_CLASSIFICATION_STAGE/ppa_classification_team/07_stage_synthesis.md	172	172	空行/标题/表头/不新增断言的引导语	organization	空LF行	nonmathematical	nonmathematical	research/audit/RELATIVE_HOLDER_COVERAGE_2026_10_07.md#rht-audit-source		标题/排版或研究建议；不承担已完成数学结论：空行/标题/表头/不新增断言的引导语	无本条独立数学结案；相邻实质断言另列。
RHT-SYN-U0134	history/sources/次单调论文研究/分类集研究/RLEB_LT_operator_space_research_asset_v1/RLEB_LT_operator_space_research_asset_v1/03_CLASSIFICATION_STAGE/ppa_classification_team/07_stage_synthesis.md	173	173	可后置采用固定证书闭紧对象层	mathematical	如果需要先获得一个严格可执行的 Baire 分类定理，可以后置选择固定证书预算的闭紧对象层；它天然 Baire，但必须另外验证非空、非退化、LT 部分是否有内点，以及该层在中立母空间中的位置。**它是后置分析层，不改名为全体算子母空间。**	source-report	deferred	research/canonical/operator_space_construction_frontier.md#ocf-c		仅来源报告；准确断言：可后置采用固定证书闭紧对象层。本次未以历史PASS、摘要或邻近定理补该原生范围。	实际原生证书块的闭性、紧性及同对象身份仍需验证。
RHT-SYN-U0135	history/sources/次单调论文研究/分类集研究/RLEB_LT_operator_space_research_asset_v1/RLEB_LT_operator_space_research_asset_v1/03_CLASSIFICATION_STAGE/ppa_classification_team/07_stage_synthesis.md	173	173	已证非空紧度量块是Baire这一条件事实	mathematical	如果需要先获得一个严格可执行的 Baire 分类定理，可以后置选择固定证书预算的闭紧对象层；它天然 Baire，但必须另外验证非空、非退化、LT 部分是否有内点，以及该层在中立母空间中的位置。**它是后置分析层，不改名为全体算子母空间。**	derived-checked	duplicate	research/canonical/compact_t_observation.md#ct-proper	C06	准确复用已存在规范结论；断言：已证非空紧度量块是Baire这一条件事实；沿所列锚点核同对象/量词，不升级更广来源报告。	只复用Baire基础事实；不认证源原生块真的闭紧、非空或非退化。
RHT-SYN-U0136	history/sources/次单调论文研究/分类集研究/RLEB_LT_operator_space_research_asset_v1/RLEB_LT_operator_space_research_asset_v1/03_CLASSIFICATION_STAGE/ppa_classification_team/07_stage_synthesis.md	173	173	块非空/非退化/LT内点/母空间位置必须另验；不改称全体母空间	programme	如果需要先获得一个严格可执行的 Baire 分类定理，可以后置选择固定证书预算的闭紧对象层；它天然 Baire，但必须另外验证非空、非退化、LT 部分是否有内点，以及该层在中立母空间中的位置。**它是后置分析层，不改名为全体算子母空间。**	nonmathematical	nonmathematical	research/canonical/operator_space_construction_frontier.md#ocf-c		标题/排版或研究建议；不承担已完成数学结论：块非空/非退化/LT内点/母空间位置必须另验；不改称全体母空间	这是开放研究要求而非已证成果；按该锚点保留准确前沿。
RHT-SYN-U0250	history/sources/次单调论文研究/分类集研究/RLEB_LT_operator_space_research_asset_v1/RLEB_LT_operator_space_research_asset_v1/03_CLASSIFICATION_STAGE/ppa_classification_team/07_stage_synthesis.md	174	174	空行/标题/表头/不新增断言的引导语	organization	空LF行	nonmathematical	nonmathematical	research/audit/RELATIVE_HOLDER_COVERAGE_2026_10_07.md#rht-audit-source		标题/排版或研究建议；不承担已完成数学结论：空行/标题/表头/不新增断言的引导语	无本条独立数学结案；相邻实质断言另列。
RHT-SYN-U0251	history/sources/次单调论文研究/分类集研究/RLEB_LT_operator_space_research_asset_v1/RLEB_LT_operator_space_research_asset_v1/03_CLASSIFICATION_STAGE/ppa_classification_team/07_stage_synthesis.md	175	175	空行/标题/表头/不新增断言的引导语	organization	### D2. 推荐的自动执行路线及验收条件	nonmathematical	nonmathematical	research/audit/RELATIVE_HOLDER_COVERAGE_2026_10_07.md#rht-audit-source		标题/排版或研究建议；不承担已完成数学结论：空行/标题/表头/不新增断言的引导语	无本条独立数学结案；相邻实质断言另列。
RHT-SYN-U0252	history/sources/次单调论文研究/分类集研究/RLEB_LT_operator_space_research_asset_v1/RLEB_LT_operator_space_research_asset_v1/03_CLASSIFICATION_STAGE/ppa_classification_team/07_stage_synthesis.md	176	176	空行/标题/表头/不新增断言的引导语	organization	空LF行	nonmathematical	nonmathematical	research/audit/RELATIVE_HOLDER_COVERAGE_2026_10_07.md#rht-audit-source		标题/排版或研究建议；不承担已完成数学结论：空行/标题/表头/不新增断言的引导语	无本条独立数学结案；相邻实质断言另列。
RHT-SYN-U0137	history/sources/次单调论文研究/分类集研究/RLEB_LT_operator_space_research_asset_v1/RLEB_LT_operator_space_research_asset_v1/03_CLASSIFICATION_STAGE/ppa_classification_team/07_stage_synthesis.md	177	177	仿射非点S欧氏几何首攻、内生结构分层与母体系	programme	1. **先选几何，不选结论。** 以仿射非点 $S$ 和原欧氏几何首攻，定义正常收缩与非退化切向耦合的内生结构分层，保留原中立体系。进一步精确登记变形前后属于哪个层；光滑源层经粗糙变形后可能出层，不能据此声称源层内部的稠密性。	nonmathematical	nonmathematical	research/canonical/operator_space_construction_frontier.md#ocf-specification		标题/排版或研究建议；不承担已完成数学结论：仿射非点S欧氏几何首攻、内生结构分层与母体系	这是开放研究要求而非已证成果；按该锚点保留准确前沿。
RHT-SYN-U0138	history/sources/次单调论文研究/分类集研究/RLEB_LT_operator_space_research_asset_v1/RLEB_LT_operator_space_research_asset_v1/03_CLASSIFICATION_STAGE/ppa_classification_team/07_stage_synthesis.md	177	177	登记变形前后层身份；粗糙变形可能出光滑层不推出内部稠密	programme	1. **先选几何，不选结论。** 以仿射非点 $S$ 和原欧氏几何首攻，定义正常收缩与非退化切向耦合的内生结构分层，保留原中立体系。进一步精确登记变形前后属于哪个层；光滑源层经粗糙变形后可能出层，不能据此声称源层内部的稠密性。	nonmathematical	nonmathematical	research/canonical/operator_space_construction_frontier.md#ocf-f		标题/排版或研究建议；不承担已完成数学结论：登记变形前后层身份；粗糙变形可能出光滑层不推出内部稠密	这是开放研究要求而非已证成果；按该锚点保留准确前沿。
RHT-SYN-U0139	history/sources/次单调论文研究/分类集研究/RLEB_LT_operator_space_research_asset_v1/RLEB_LT_operator_space_research_asset_v1/03_CLASSIFICATION_STAGE/ppa_classification_team/07_stage_synthesis.md	178	178	同尾同域闭合或不可能/跨尺度定理；1+ε损失非零	programme	2. **先做同层闭合或明确的跨层定理。** 处理精确尾饱和与宏观域。若严格同层不可能，应给不可能定理，再证明跨尺度剖面中哪一种比较仍有意义；不因损失 $1+\varepsilon$ 很小就把它当作零。	nonmathematical	nonmathematical	research/canonical/operator_space_construction_frontier.md#ocf-f		标题/排版或研究建议；不承担已完成数学结论：同尾同域闭合或不可能/跨尺度定理；1+ε损失非零	这是开放研究要求而非已证成果；按该锚点保留准确前沿。
RHT-SYN-U0140	history/sources/次单调论文研究/分类集研究/RLEB_LT_operator_space_research_asset_v1/RLEB_LT_operator_space_research_asset_v1/03_CLASSIFICATION_STAGE/ppa_classification_team/07_stage_synthesis.md	179	179	分母闭/Polish或非空Baire及中立空间位置分别验	programme	3. **验证 Baire 分母与母空间位置。** 对拟分类结构层证明闭/Polish 或采用另一确切非空 Baire 表示；独立判定其在中立空间中是开、稠密、非第一纲，还是受限薄层。即使答案是薄层，也必须写入结论。	nonmathematical	nonmathematical	research/canonical/operator_space_construction_frontier.md#ocf-c		标题/排版或研究建议；不承担已完成数学结论：分母闭/Polish或非空Baire及中立空间位置分别验	这是开放研究要求而非已证成果；按该锚点保留准确前沿。
RHT-SYN-U0141	history/sources/次单调论文研究/分类集研究/RLEB_LT_operator_space_research_asset_v1/RLEB_LT_operator_space_research_asset_v1/03_CLASSIFICATION_STAGE/ppa_classification_team/07_stage_synthesis.md	180	180	在验证的层内同时记录RLEB/LT/差集/两者未认证部分	programme	4. **最后才下 RLEB–LT 类别判决。** 在已经验证有鉴别力的层内，同时报告 RLEB、LT、差集以及两者都未认证部分；采用同一步长口径，或已经完成的任意实步长原图编码。允许证明 LT 不小、双方都小、或不同层答案相反。	nonmathematical	nonmathematical	research/canonical/operator_space_construction_frontier.md#ocf-specification		标题/排版或研究建议；不承担已完成数学结论：在验证的层内同时记录RLEB/LT/差集/两者未认证部分	这是开放研究要求而非已证成果；按该锚点保留准确前沿。
RHT-SYN-U0142	history/sources/次单调论文研究/分类集研究/RLEB_LT_operator_space_research_asset_v1/RLEB_LT_operator_space_research_asset_v1/03_CLASSIFICATION_STAGE/ppa_classification_team/07_stage_synthesis.md	180	180	固定同一步长口径或另证全实步长原图编码	programme	4. **最后才下 RLEB–LT 类别判决。** 在已经验证有鉴别力的层内，同时报告 RLEB、LT、差集以及两者都未认证部分；采用同一步长口径，或已经完成的任意实步长原图编码。允许证明 LT 不小、双方都小、或不同层答案相反。	nonmathematical	nonmathematical	research/canonical/operator_space_construction_frontier.md#ocf-g		标题/排版或研究建议；不承担已完成数学结论：固定同一步长口径或另证全实步长原图编码	这是开放研究要求而非已证成果；按该锚点保留准确前沿。
RHT-SYN-U0143	history/sources/次单调论文研究/分类集研究/RLEB_LT_operator_space_research_asset_v1/RLEB_LT_operator_space_research_asset_v1/03_CLASSIFICATION_STAGE/ppa_classification_team/07_stage_synthesis.md	180	180	允许各层比较答案相反或双方皆小的研究策略	organization	4. **最后才下 RLEB–LT 类别判决。** 在已经验证有鉴别力的层内，同时报告 RLEB、LT、差集以及两者都未认证部分；采用同一步长口径，或已经完成的任意实步长原图编码。允许证明 LT 不小、双方都小、或不同层答案相反。	nonmathematical	nonmathematical	research/audit/RELATIVE_HOLDER_COVERAGE_2026_10_07.md#rht-audit-source		标题/排版或研究建议；不承担已完成数学结论：允许各层比较答案相反或双方皆小的研究策略	无本条独立数学结案；相邻实质断言另列。
RHT-SYN-U0144	history/sources/次单调论文研究/分类集研究/RLEB_LT_operator_space_research_asset_v1/RLEB_LT_operator_space_research_asset_v1/03_CLASSIFICATION_STAGE/ppa_classification_team/07_stage_synthesis.md	181	181	已有线性位移必要条件可复用	mathematical	5. **随后推广 $C^1$ 解流形。** 已有线性位移必要条件可复用；管状几何、真实残差、同域化和变形闭合分别重新证明。无限维 Hilbert 不作为当前首攻的前置门槛。	source-report	deferred	research/canonical/operator_space_construction_frontier.md#ocf-f		仅来源报告；准确断言：已有线性位移必要条件可复用。本次未以历史PASS、摘要或邻近定理补该原生范围。	源条件精确对象与仿射/C1范围仍需独立证明。
RHT-SYN-U0145	history/sources/次单调论文研究/分类集研究/RLEB_LT_operator_space_research_asset_v1/RLEB_LT_operator_space_research_asset_v1/03_CLASSIFICATION_STAGE/ppa_classification_team/07_stage_synthesis.md	181	181	C1推广的管状几何/真残差/同域化/变形闭合分别证明	programme	5. **随后推广 $C^1$ 解流形。** 已有线性位移必要条件可复用；管状几何、真实残差、同域化和变形闭合分别重新证明。无限维 Hilbert 不作为当前首攻的前置门槛。	nonmathematical	nonmathematical	research/canonical/operator_space_construction_frontier.md#ocf-f		标题/排版或研究建议；不承担已完成数学结论：C1推广的管状几何/真残差/同域化/变形闭合分别证明	这是开放研究要求而非已证成果；按该锚点保留准确前沿。
RHT-SYN-U0146	history/sources/次单调论文研究/分类集研究/RLEB_LT_operator_space_research_asset_v1/RLEB_LT_operator_space_research_asset_v1/03_CLASSIFICATION_STAGE/ppa_classification_team/07_stage_synthesis.md	181	181	无限维Hilbert不是本阶段前置门槛	organization	5. **随后推广 $C^1$ 解流形。** 已有线性位移必要条件可复用；管状几何、真实残差、同域化和变形闭合分别重新证明。无限维 Hilbert 不作为当前首攻的前置门槛。	nonmathematical	nonmathematical	research/audit/RELATIVE_HOLDER_COVERAGE_2026_10_07.md#rht-audit-source		标题/排版或研究建议；不承担已完成数学结论：无限维Hilbert不是本阶段前置门槛	无本条独立数学结案；相邻实质断言另列。
RHT-SYN-U0253	history/sources/次单调论文研究/分类集研究/RLEB_LT_operator_space_research_asset_v1/RLEB_LT_operator_space_research_asset_v1/03_CLASSIFICATION_STAGE/ppa_classification_team/07_stage_synthesis.md	182	182	空行/标题/表头/不新增断言的引导语	organization	空LF行	nonmathematical	nonmathematical	research/audit/RELATIVE_HOLDER_COVERAGE_2026_10_07.md#rht-audit-source		标题/排版或研究建议；不承担已完成数学结论：空行/标题/表头/不新增断言的引导语	无本条独立数学结案；相邻实质断言另列。
RHT-SYN-U0147	history/sources/次单调论文研究/分类集研究/RLEB_LT_operator_space_research_asset_v1/RLEB_LT_operator_space_research_asset_v1/03_CLASSIFICATION_STAGE/ppa_classification_team/07_stage_synthesis.md	183	183	自动推进与用户范围选择建议，不是数学证明	organization	首轮可以继续独立推进上述工作，不需要用户提供新的数据。若用户愿意作一个范围选择，唯一有用的问题是：**是否接受先在仿射/光滑解几何的非退化结构层建立完整分类与母空间位置定理，再推广任意闭解集？** 本报告建议接受，并将“母空间位置定理”列为不可删去的验收项，以免重回特殊层自说自话。	nonmathematical	nonmathematical	research/audit/RELATIVE_HOLDER_COVERAGE_2026_10_07.md#rht-audit-source		标题/排版或研究建议；不承担已完成数学结论：自动推进与用户范围选择建议，不是数学证明	无本条独立数学结案；相邻实质断言另列。
RHT-SYN-U0148	history/sources/次单调论文研究/分类集研究/RLEB_LT_operator_space_research_asset_v1/RLEB_LT_operator_space_research_asset_v1/03_CLASSIFICATION_STAGE/ppa_classification_team/07_stage_synthesis.md	183	183	将母空间位置列为不可删验收项	programme	首轮可以继续独立推进上述工作，不需要用户提供新的数据。若用户愿意作一个范围选择，唯一有用的问题是：**是否接受先在仿射/光滑解几何的非退化结构层建立完整分类与母空间位置定理，再推广任意闭解集？** 本报告建议接受，并将“母空间位置定理”列为不可删去的验收项，以免重回特殊层自说自话。	nonmathematical	nonmathematical	research/canonical/operator_space_construction_frontier.md#ocf-specification		标题/排版或研究建议；不承担已完成数学结论：将母空间位置列为不可删验收项	这是开放研究要求而非已证成果；按该锚点保留准确前沿。
RHT-SYN-U0254	history/sources/次单调论文研究/分类集研究/RLEB_LT_operator_space_research_asset_v1/RLEB_LT_operator_space_research_asset_v1/03_CLASSIFICATION_STAGE/ppa_classification_team/07_stage_synthesis.md	184	184	空行/标题/表头/不新增断言的引导语	organization	空LF行	nonmathematical	nonmathematical	research/audit/RELATIVE_HOLDER_COVERAGE_2026_10_07.md#rht-audit-source		标题/排版或研究建议；不承担已完成数学结论：空行/标题/表头/不新增断言的引导语	无本条独立数学结案；相邻实质断言另列。
RHT-SYN-U0255	history/sources/次单调论文研究/分类集研究/RLEB_LT_operator_space_research_asset_v1/RLEB_LT_operator_space_research_asset_v1/03_CLASSIFICATION_STAGE/ppa_classification_team/07_stage_synthesis.md	185	185	空行/标题/表头/不新增断言的引导语	organization	## E. 目前成果能否写进论文	nonmathematical	nonmathematical	research/audit/RELATIVE_HOLDER_COVERAGE_2026_10_07.md#rht-audit-source		标题/排版或研究建议；不承担已完成数学结论：空行/标题/表头/不新增断言的引导语	无本条独立数学结案；相邻实质断言另列。
RHT-SYN-U0256	history/sources/次单调论文研究/分类集研究/RLEB_LT_operator_space_research_asset_v1/RLEB_LT_operator_space_research_asset_v1/03_CLASSIFICATION_STAGE/ppa_classification_team/07_stage_synthesis.md	186	186	空行/标题/表头/不新增断言的引导语	organization	空LF行	nonmathematical	nonmathematical	research/audit/RELATIVE_HOLDER_COVERAGE_2026_10_07.md#rht-audit-source		标题/排版或研究建议；不承担已完成数学结论：空行/标题/表头/不新增断言的引导语	无本条独立数学结案；相邻实质断言另列。
RHT-SYN-U0149	history/sources/次单调论文研究/分类集研究/RLEB_LT_operator_space_research_asset_v1/RLEB_LT_operator_space_research_asset_v1/03_CLASSIFICATION_STAGE/ppa_classification_team/07_stage_synthesis.md	187	187	可以入论文且不只是背景的价值判断	organization	可以进入论文，而且已经不只是背景资料：	nonmathematical	nonmathematical	research/audit/RELATIVE_HOLDER_COVERAGE_2026_10_07.md#rht-audit-source		标题/排版或研究建议；不承担已完成数学结论：可以入论文且不只是背景的价值判断	无本条独立数学结案；相邻实质断言另列。
RHT-SYN-U0257	history/sources/次单调论文研究/分类集研究/RLEB_LT_operator_space_research_asset_v1/RLEB_LT_operator_space_research_asset_v1/03_CLASSIFICATION_STAGE/ppa_classification_team/07_stage_synthesis.md	188	188	空行/标题/表头/不新增断言的引导语	organization	空LF行	nonmathematical	nonmathematical	research/audit/RELATIVE_HOLDER_COVERAGE_2026_10_07.md#rht-audit-source		标题/排版或研究建议；不承担已完成数学结论：空行/标题/表头/不新增断言的引导语	无本条独立数学结案；相邻实质断言另列。
RHT-SYN-U0150	history/sources/次单调论文研究/分类集研究/RLEB_LT_operator_space_research_asset_v1/RLEB_LT_operator_space_research_asset_v1/03_CLASSIFICATION_STAGE/ppa_classification_team/07_stage_synthesis.md	189	189	完整图紧证书投影是可陈述技术定理	mathematical	- 原全图的紧证书投影与任意实步长 $F_\sigma$ 编码，是一组可独立陈述的技术桥梁；	source-report	deferred	research/canonical/operator_space_construction_frontier.md#ocf-g		仅来源报告；准确断言：完整图紧证书投影是可陈述技术定理。本次未以历史PASS、摘要或邻近定理补该原生范围。	逐三类原生预算闭紧及投影等价的源证明仍未核。
RHT-SYN-U0151	history/sources/次单调论文研究/分类集研究/RLEB_LT_operator_space_research_asset_v1/RLEB_LT_operator_space_research_asset_v1/03_CLASSIFICATION_STAGE/ppa_classification_team/07_stage_synthesis.md	189	189	任意实步长Fσ编码是可陈述技术定理	mathematical	- 原全图的紧证书投影与任意实步长 $F_\sigma$ 编码，是一组可独立陈述的技术桥梁；	source-report	deferred	research/canonical/operator_space_construction_frontier.md#ocf-g		仅来源报告；准确断言：任意实步长Fσ编码是可陈述技术定理。本次未以历史PASS、摘要或邻近定理补该原生范围。	原空间/闭预算/全实λ耗尽需独立重建。
RHT-SYN-U0152	history/sources/次单调论文研究/分类集研究/RLEB_LT_operator_space_research_asset_v1/RLEB_LT_operator_space_research_asset_v1/03_CLASSIFICATION_STAGE/ppa_classification_team/07_stage_synthesis.md	190	190	任意紧步长谱实现为边界定理	mathematical	- 步长谱任意紧集实现、单值谱与全选择收敛谱分离，是明确的结构/边界定理；	source-report	deferred	research/canonical/operator_space_construction_frontier.md#ocf-g		仅来源报告；准确断言：任意紧步长谱实现为边界定理。本次未以历史PASS、摘要或邻近定理补该原生范围。	恢复完整构造及谱双向等式。
RHT-SYN-U0153	history/sources/次单调论文研究/分类集研究/RLEB_LT_operator_space_research_asset_v1/RLEB_LT_operator_space_research_asset_v1/03_CLASSIFICATION_STAGE/ppa_classification_team/07_stage_synthesis.md	190	190	单值谱与全选择收敛谱分离	mathematical	- 步长谱任意紧集实现、单值谱与全选择收敛谱分离，是明确的结构/边界定理；	source-report	deferred	research/canonical/operator_space_construction_frontier.md#ocf-g		仅来源报告；准确断言：单值谱与全选择收敛谱分离。本次未以历史PASS、摘要或邻近定理补该原生范围。	同一原图的所有正λ/全部路径核验。
RHT-SYN-U0154	history/sources/次单调论文研究/分类集研究/RLEB_LT_operator_space_research_asset_v1/RLEB_LT_operator_space_research_asset_v1/03_CLASSIFICATION_STAGE/ppa_classification_team/07_stage_synthesis.md	191	191	受控全图变形同时保真EB	mathematical	- 完整图受控变形同时保持真实 EB、RL 和严格兼容，是后续分类的建设性模块；	source-report	deferred	research/canonical/operator_space_construction_frontier.md#ocf-f		仅来源报告；准确断言：受控全图变形同时保真EB。本次未以历史PASS、摘要或邻近定理补该原生范围。	完整逆纤维inf估计。
RHT-SYN-U0155	history/sources/次单调论文研究/分类集研究/RLEB_LT_operator_space_research_asset_v1/RLEB_LT_operator_space_research_asset_v1/03_CLASSIFICATION_STAGE/ppa_classification_team/07_stage_synthesis.md	191	191	同变形保RL	mathematical	- 完整图受控变形同时保持真实 EB、RL 和严格兼容，是后续分类的建设性模块；	source-report	deferred	research/canonical/operator_space_construction_frontier.md#ocf-f		仅来源报告；准确断言：同变形保RL。本次未以历史PASS、摘要或邻近定理补该原生范围。	全部图点对及同尺度估计。
RHT-SYN-U0156	history/sources/次单调论文研究/分类集研究/RLEB_LT_operator_space_research_asset_v1/RLEB_LT_operator_space_research_asset_v1/03_CLASSIFICATION_STAGE/ppa_classification_team/07_stage_synthesis.md	191	191	同变形保严格兼容	mathematical	- 完整图受控变形同时保持真实 EB、RL 和严格兼容，是后续分类的建设性模块；	source-report	deferred	research/canonical/operator_space_construction_frontier.md#ocf-f		仅来源报告；准确断言：同变形保严格兼容。本次未以历史PASS、摘要或邻近定理补该原生范围。	与EB/RL同参数同域预算。
RHT-SYN-U0157	history/sources/次单调论文研究/分类集研究/RLEB_LT_operator_space_research_asset_v1/RLEB_LT_operator_space_research_asset_v1/03_CLASSIFICATION_STAGE/ppa_classification_team/07_stage_synthesis.md	192	192	正Hölder回缩自第一纲特例给分母诊断	mathematical	- 自第一纲与尾层退化的反定理，解释了为什么必须采用分层比较，不只是对原理论增加一个例子。	derived-checked	rewritten	research/canonical/relative_holder_thinness.md#rht-perturbation	C186-v1	C186-v1独立直接推导并逐项核验；断言：正Hölder回缩自第一纲特例给分母诊断；RH1–11完整保值域、固定集、同尾及正Hölder资格。	本准确数学子句已重构；原生认证名称、一般母空间及历史证据仍分列未闭。
RHT-SYN-U0158	history/sources/次单调论文研究/分类集研究/RLEB_LT_operator_space_research_asset_v1/RLEB_LT_operator_space_research_asset_v1/03_CLASSIFICATION_STAGE/ppa_classification_team/07_stage_synthesis.md	192	192	尾层可退化为单点的反例	mathematical	- 自第一纲与尾层退化的反定理，解释了为什么必须采用分层比较，不只是对原理论增加一个例子。	derived-checked	duplicate	research/canonical/uniform_holder_thinness.md#uht-boundary	C180-v1	准确复用已存在规范结论；断言：尾层可退化为单点的反例；沿所列锚点核同对象/量词，不升级更广来源报告。	无该已证精确子句的新义务；不认证同行更宽原生图或历史行为。
RHT-SYN-U0159	history/sources/次单调论文研究/分类集研究/RLEB_LT_operator_space_research_asset_v1/RLEB_LT_operator_space_research_asset_v1/03_CLASSIFICATION_STAGE/ppa_classification_team/07_stage_synthesis.md	192	192	上述边界说明分层比较研究价值的解释	organization	- 自第一纲与尾层退化的反定理，解释了为什么必须采用分层比较，不只是对原理论增加一个例子。	nonmathematical	nonmathematical	research/audit/RELATIVE_HOLDER_COVERAGE_2026_10_07.md#rht-audit-source		标题/排版或研究建议；不承担已完成数学结论：上述边界说明分层比较研究价值的解释	无本条独立数学结案；相邻实质断言另列。
RHT-SYN-U0258	history/sources/次单调论文研究/分类集研究/RLEB_LT_operator_space_research_asset_v1/RLEB_LT_operator_space_research_asset_v1/03_CLASSIFICATION_STAGE/ppa_classification_team/07_stage_synthesis.md	193	193	空行/标题/表头/不新增断言的引导语	organization	空LF行	nonmathematical	nonmathematical	research/audit/RELATIVE_HOLDER_COVERAGE_2026_10_07.md#rht-audit-source		标题/排版或研究建议；不承担已完成数学结论：空行/标题/表头/不新增断言的引导语	无本条独立数学结案；相邻实质断言另列。
RHT-SYN-U0160	history/sources/次单调论文研究/分类集研究/RLEB_LT_operator_space_research_asset_v1/RLEB_LT_operator_space_research_asset_v1/03_CLASSIFICATION_STAGE/ppa_classification_team/07_stage_synthesis.md	194	194	尚不能声称RLEB在中立算子世界覆盖绝大多数	programme	但当前还不足以写成“RLEB 在中立算子世界中比 LT 多出绝大多数”的结论。上述新精确定理也未完成独立优先权审计；不应据数学 PASS 承诺期刊级别。	nonmathematical	nonmathematical	research/canonical/operator_space_construction_frontier.md#ocf-specification		标题/排版或研究建议；不承担已完成数学结论：尚不能声称RLEB在中立算子世界覆盖绝大多数	这是开放研究要求而非已证成果；按该锚点保留准确前沿。
RHT-SYN-U0161	history/sources/次单调论文研究/分类集研究/RLEB_LT_operator_space_research_asset_v1/RLEB_LT_operator_space_research_asset_v1/03_CLASSIFICATION_STAGE/ppa_classification_team/07_stage_synthesis.md	194	194	独立优先权未完成及不承诺期刊级别的范围声明	organization	但当前还不足以写成“RLEB 在中立算子世界中比 LT 多出绝大多数”的结论。上述新精确定理也未完成独立优先权审计；不应据数学 PASS 承诺期刊级别。	nonmathematical	nonmathematical	research/audit/RELATIVE_HOLDER_COVERAGE_2026_10_07.md#rht-audit-source		标题/排版或研究建议；不承担已完成数学结论：独立优先权未完成及不承诺期刊级别的范围声明	无本条独立数学结案；相邻实质断言另列。
RHT-SYN-U0259	history/sources/次单调论文研究/分类集研究/RLEB_LT_operator_space_research_asset_v1/RLEB_LT_operator_space_research_asset_v1/03_CLASSIFICATION_STAGE/ppa_classification_team/07_stage_synthesis.md	195	195	空行/标题/表头/不新增断言的引导语	organization	空LF行	nonmathematical	nonmathematical	research/audit/RELATIVE_HOLDER_COVERAGE_2026_10_07.md#rht-audit-source		标题/排版或研究建议；不承担已完成数学结论：空行/标题/表头/不新增断言的引导语	无本条独立数学结案；相邻实质断言另列。
RHT-SYN-U0162	history/sources/次单调论文研究/分类集研究/RLEB_LT_operator_space_research_asset_v1/RLEB_LT_operator_space_research_asset_v1/03_CLASSIFICATION_STAGE/ppa_classification_team/07_stage_synthesis.md	196	196	研究稿与理论论文定位、主结论/题目调整建议	organization	合理定位：现在可以形成一份有清楚定理、证明和边界的研究稿；要使它成为以“认证覆盖分类”为核心的独立理论论文，还需要 C 中三项至少在一个非退化层上闭合，并完成其与中立母空间的联系。如果优先形成强步长谱论文，则应相应调整题目与主结论，而不是保留一个未证明的总体纲承诺。	nonmathematical	nonmathematical	research/audit/RELATIVE_HOLDER_COVERAGE_2026_10_07.md#rht-audit-source		标题/排版或研究建议；不承担已完成数学结论：研究稿与理论论文定位、主结论/题目调整建议	无本条独立数学结案；相邻实质断言另列。
RHT-SYN-U0163	history/sources/次单调论文研究/分类集研究/RLEB_LT_operator_space_research_asset_v1/RLEB_LT_operator_space_research_asset_v1/03_CLASSIFICATION_STAGE/ppa_classification_team/07_stage_synthesis.md	196	196	C三门在非退化层闭合并联系中立母空间仍是义务	programme	合理定位：现在可以形成一份有清楚定理、证明和边界的研究稿；要使它成为以“认证覆盖分类”为核心的独立理论论文，还需要 C 中三项至少在一个非退化层上闭合，并完成其与中立母空间的联系。如果优先形成强步长谱论文，则应相应调整题目与主结论，而不是保留一个未证明的总体纲承诺。	nonmathematical	nonmathematical	research/canonical/operator_space_construction_frontier.md#ocf-specification		标题/排版或研究建议；不承担已完成数学结论：C三门在非退化层闭合并联系中立母空间仍是义务	这是开放研究要求而非已证成果；按该锚点保留准确前沿。
RHT-SYN-U0260	history/sources/次单调论文研究/分类集研究/RLEB_LT_operator_space_research_asset_v1/RLEB_LT_operator_space_research_asset_v1/03_CLASSIFICATION_STAGE/ppa_classification_team/07_stage_synthesis.md	197	197	空行/标题/表头/不新增断言的引导语	organization	空LF行	nonmathematical	nonmathematical	research/audit/RELATIVE_HOLDER_COVERAGE_2026_10_07.md#rht-audit-source		标题/排版或研究建议；不承担已完成数学结论：空行/标题/表头/不新增断言的引导语	无本条独立数学结案；相邻实质断言另列。
RHT-SYN-U0261	history/sources/次单调论文研究/分类集研究/RLEB_LT_operator_space_research_asset_v1/RLEB_LT_operator_space_research_asset_v1/03_CLASSIFICATION_STAGE/ppa_classification_team/07_stage_synthesis.md	198	198	空行/标题/表头/不新增断言的引导语	organization	## 最终给用户的简短结论	nonmathematical	nonmathematical	research/audit/RELATIVE_HOLDER_COVERAGE_2026_10_07.md#rht-audit-source		标题/排版或研究建议；不承担已完成数学结论：空行/标题/表头/不新增断言的引导语	无本条独立数学结案；相邻实质断言另列。
RHT-SYN-U0262	history/sources/次单调论文研究/分类集研究/RLEB_LT_operator_space_research_asset_v1/RLEB_LT_operator_space_research_asset_v1/03_CLASSIFICATION_STAGE/ppa_classification_team/07_stage_synthesis.md	199	199	空行/标题/表头/不新增断言的引导语	organization	空LF行	nonmathematical	nonmathematical	research/audit/RELATIVE_HOLDER_COVERAGE_2026_10_07.md#rht-audit-source		标题/排版或研究建议；不承担已完成数学结论：空行/标题/表头/不新增断言的引导语	无本条独立数学结案；相邻实质断言另列。
RHT-SYN-U0164	history/sources/次单调论文研究/分类集研究/RLEB_LT_operator_space_research_asset_v1/RLEB_LT_operator_space_research_asset_v1/03_CLASSIFICATION_STAGE/ppa_classification_team/07_stage_synthesis.md	200	200	同尾同域、非空Baire分母、结构层位置三桥仍须完成	programme	**不是缺你的一个点子，而是缺团队该完成的三座桥：同尾同域闭合、非空 Baire 比较分母、结构层在中立空间中的位置。** 目前可以继续建设，不必让你替我们猜答案。	nonmathematical	nonmathematical	research/canonical/operator_space_construction_frontier.md#ocf-specification		标题/排版或研究建议；不承担已完成数学结论：同尾同域、非空Baire分母、结构层位置三桥仍须完成	这是开放研究要求而非已证成果；按该锚点保留准确前沿。
RHT-SYN-U0165	history/sources/次单调论文研究/分类集研究/RLEB_LT_operator_space_research_asset_v1/RLEB_LT_operator_space_research_asset_v1/03_CLASSIFICATION_STAGE/ppa_classification_team/07_stage_synthesis.md	200	200	不要求用户提供点子/数据的任务安排	organization	**不是缺你的一个点子，而是缺团队该完成的三座桥：同尾同域闭合、非空 Baire 比较分母、结构层在中立空间中的位置。** 目前可以继续建设，不必让你替我们猜答案。	nonmathematical	nonmathematical	research/audit/RELATIVE_HOLDER_COVERAGE_2026_10_07.md#rht-audit-source		标题/排版或研究建议；不承担已完成数学结论：不要求用户提供点子/数据的任务安排	无本条独立数学结案；相邻实质断言另列。
RHT-SYN-U0263	history/sources/次单调论文研究/分类集研究/RLEB_LT_operator_space_research_asset_v1/RLEB_LT_operator_space_research_asset_v1/03_CLASSIFICATION_STAGE/ppa_classification_team/07_stage_synthesis.md	201	201	空行/标题/表头/不新增断言的引导语	organization	空LF行	nonmathematical	nonmathematical	research/audit/RELATIVE_HOLDER_COVERAGE_2026_10_07.md#rht-audit-source		标题/排版或研究建议；不承担已完成数学结论：空行/标题/表头/不新增断言的引导语	无本条独立数学结案；相邻实质断言另列。
RHT-SYN-U0166	history/sources/次单调论文研究/分类集研究/RLEB_LT_operator_space_research_asset_v1/RLEB_LT_operator_space_research_asset_v1/03_CLASSIFICATION_STAGE/ppa_classification_team/07_stage_synthesis.md	202	202	以有鉴别力分层分类替代预定LT第一纲结论；证明层位置和转移边界	programme	方向应从“逼出 LT 第一纲”升级为“建立有鉴别力的分层分类”。保留总体系，先对一个内生、非退化结构层给完整判决和母空间位置，再向更一般解几何推广。这一推进顺序与只挑一个尖点例子作总体断言有本质区别：最终必须证明层的位置和转移边界，而不是只证明层内存在新对象。	nonmathematical	nonmathematical	research/canonical/operator_space_construction_frontier.md#ocf-specification		标题/排版或研究建议；不承担已完成数学结论：以有鉴别力分层分类替代预定LT第一纲结论；证明层位置和转移边界	这是开放研究要求而非已证成果；按该锚点保留准确前沿。
