unit_id	source_locator	line_start	line_end	source_label	unit_type	exact_payload	evidence_state	disposition	canonical_anchor	claim_ids	reason	remaining_obligation
SS1-C-U001	history/sources/次单调论文研究/分类集研究/RLEB_LT_operator_space_research_asset_v1/RLEB_LT_operator_space_research_asset_v1/06_RELATED_MANUSCRIPT_ASSETS/solution_selection_revised_v1_delivery.zip!/research_note.md	3	3	version	source-audit	来源自报v1及2026-09-19审计后修订日期	source-report	nonmathematical	research/canonical/selection_truncation_prior_tools.md#st-open-comparisons		版本及流程元数据，不承担数学证据	本单元无新增未闭义务；不关闭其它范围
SS1-C-U002	history/sources/次单调论文研究/分类集研究/RLEB_LT_operator_space_research_asset_v1/RLEB_LT_operator_space_research_asset_v1/06_RELATED_MANUSCRIPT_ASSETS/solution_selection_revised_v1_delivery.zip!/research_note.md	5	5	manuscript-origin	source-audit	以原RLEB TeX接口及平方根接缝为起点的来源身份	derived-checked	duplicate	research/canonical/solution_selection_rates.md#ss-rleb-ball	C136-v1	重复概述，保留来源定位并指向同一规范身份	本单元无新增未闭义务；不关闭其它范围
SS1-C-U003	history/sources/次单调论文研究/分类集研究/RLEB_LT_operator_space_research_asset_v1/RLEB_LT_operator_space_research_asset_v1/06_RELATED_MANUSCRIPT_ASSETS/solution_selection_revised_v1_delivery.zip!/research_note.md	7	7	abstract-transfer	theorem	局部Hölder单步和统一几何/超几何尾给显式极限选择模	derived-checked	duplicate	research/canonical/solution_selection_rates.md#ss-transfer	C08-v1	重复概述，保留来源定位并指向同一规范身份	本单元无新增未闭义务；不关闭其它范围
SS1-C-U004	history/sources/次单调论文研究/分类集研究/RLEB_LT_operator_space_research_asset_v1/RLEB_LT_operator_space_research_asset_v1/06_RELATED_MANUSCRIPT_ASSETS/solution_selection_revised_v1_delivery.zip!/research_note.md	7	7	abstract-matching-lower-bounds	sharp-modulus	固定实际参数几何量级及超几何指数的匹配下界	derived-checked	duplicate	research/canonical/selection_geometric_sharpness.md#gs-sharp	C138-v1	重复概述，保留来源定位并指向同一规范身份	本单元无新增未闭义务；不关闭其它范围
SS1-C-U005	history/sources/次单调论文研究/分类集研究/RLEB_LT_operator_space_research_asset_v1/RLEB_LT_operator_space_research_asset_v1/06_RELATED_MANUSCRIPT_ASSETS/solution_selection_revised_v1_delivery.zip!/research_note.md	7	7	abstract-full-graph-certificates	scope-boundary	闭图至多二值完整单值resolvent及真实最小残差和严格兼容	derived-checked	duplicate	research/canonical/selection_geometric_cap.md#gc-object	C137-v1	重复概述，保留来源定位并指向同一规范身份	本单元无新增未闭义务；不关闭其它范围
SS1-C-U006	history/sources/次单调论文研究/分类集研究/RLEB_LT_operator_space_research_asset_v1/RLEB_LT_operator_space_research_asset_v1/06_RELATED_MANUSCRIPT_ASSETS/solution_selection_revised_v1_delivery.zip!/research_note.md	7	7	abstract-rational-semialgebraicity	graph-property	有理指数显式族半代数	derived-checked	duplicate	research/canonical/selection_parameter_family.md#pf-object	C139-v1	重复概述，保留来源定位并指向同一规范身份	本单元无新增未闭义务；不关闭其它范围
SS1-C-U007	history/sources/次单调论文研究/分类集研究/RLEB_LT_operator_space_research_asset_v1/RLEB_LT_operator_space_research_asset_v1/06_RELATED_MANUSCRIPT_ASSETS/solution_selection_revised_v1_delivery.zip!/research_note.md	7	7	abstract-Q2-bad-selection	scope-boundary	敏感参考轨道Q二次与任意两点Hölder/半代数极限失败并存	derived-checked	duplicate	research/canonical/solution_selection_rates.md#ss-quadratic-tail	C115-v1	重复概述，保留来源定位并指向同一规范身份	本单元无新增未闭义务；不关闭其它范围
SS1-C-U008	history/sources/次单调论文研究/分类集研究/RLEB_LT_operator_space_research_asset_v1/RLEB_LT_operator_space_research_asset_v1/06_RELATED_MANUSCRIPT_ASSETS/solution_selection_revised_v1_delivery.zip!/research_note.md	9	9	prior-audit-report	source-audit	自报已经落实数学与优先权审计及NO-EXACT-PRIOR-FOUND	source-report	deferred	research/canonical/selection_truncation_prior_tools.md#st-open-comparisons		原件的精确报告已枚举；不把既往审计或执行标签自动升级	逐一手定理及版本核验；全局优先权仍开放
SS1-C-U009	history/sources/次单调论文研究/分类集研究/RLEB_LT_operator_space_research_asset_v1/RLEB_LT_operator_space_research_asset_v1/06_RELATED_MANUSCRIPT_ASSETS/solution_selection_revised_v1_delivery.zip!/research_note.md	9	9	nonexclusive-novelty	scope-boundary	解选择对象、截断法、逆图编码和坏极限现象已有先例；不宣称全球首次	derived-checked	rewritten	research/canonical/selection_truncation_prior_tools.md#st-open-comparisons		同一对象、范围和量词已有规范独立证明；本记录不计为新增定理	本单元无新增未闭义务；不关闭其它范围
SS1-C-U010	history/sources/次单调论文研究/分类集研究/RLEB_LT_operator_space_research_asset_v1/RLEB_LT_operator_space_research_asset_v1/06_RELATED_MANUSCRIPT_ASSETS/solution_selection_revised_v1_delivery.zip!/research_note.md	9	9	numerical-evidence-boundary	scope-boundary	不把有限数值测试当证明	derived-checked	rewritten	research/canonical/solution_selection_rates.md#ss-transfer	C08-v1	同一对象、范围和量词已有规范独立证明；本记录不计为新增定理	本单元无新增未闭义务；不关闭其它范围
SS1-C-U011	history/sources/次单调论文研究/分类集研究/RLEB_LT_operator_space_research_asset_v1/RLEB_LT_operator_space_research_asset_v1/06_RELATED_MANUSCRIPT_ASSETS/solution_selection_revised_v1_delivery.zip!/research_note.md	13	16	local-resolvent-and-selection	definition	图块G⊂gphF、单位步以外含λ的JG及迭代极限Π定义	derived-checked	rewritten	research/canonical/solution_selection_rates.md#ss-rleb-ball	C136-v1	同一对象、范围和量词已有规范独立证明；本记录不计为新增定理	本单元无新增未闭义务；不关闭其它范围
SS1-C-U012	history/sources/次单调论文研究/分类集研究/RLEB_LT_operator_space_research_asset_v1/RLEB_LT_operator_space_research_asset_v1/06_RELATED_MANUSCRIPT_ASSETS/solution_selection_revised_v1_delivery.zip!/research_note.md	18	18	full-fiber-interface	scope-boundary	共同轨道区域W上完整JλF=JG是移植完整PPA的充分门	derived-checked	rewritten	research/canonical/solution_selection_rates.md#ss-rleb-ball	C136-v1	同一对象、范围和量词已有规范独立证明；本记录不计为新增定理	本单元无新增未闭义务；不关闭其它范围
SS1-C-U013	history/sources/次单调论文研究/分类集研究/RLEB_LT_operator_space_research_asset_v1/RLEB_LT_operator_space_research_asset_v1/06_RELATED_MANUSCRIPT_ASSETS/solution_selection_revised_v1_delivery.zip!/research_note.md	18	18	explicit-all-fibers	inverse-fiber	显式模型λ=1在全空间反演全部近端纤维	derived-checked	duplicate	research/canonical/selection_geometric_cap.md#gc-object	C137-v1	重复概述，保留来源定位并指向同一规范身份	本单元无新增未闭义务；不关闭其它范围
SS1-C-U014	history/sources/次单调论文研究/分类集研究/RLEB_LT_operator_space_research_asset_v1/RLEB_LT_operator_space_research_asset_v1/06_RELATED_MANUSCRIPT_ASSETS/solution_selection_revised_v1_delivery.zip!/research_note.md	18	18	proximal-meaning	definition	proximal指算子inclusion，不主张势函数prox实现	derived-checked	rewritten	research/canonical/selection_geometric_cap.md#gc-object	C137-v1	同一对象、范围和量词已有规范独立证明；本记录不计为新增定理	本单元无新增未闭义务；不关闭其它范围
SS1-C-U015	history/sources/次单调论文研究/分类集研究/RLEB_LT_operator_space_research_asset_v1/RLEB_LT_operator_space_research_asset_v1/06_RELATED_MANUSCRIPT_ASSETS/solution_selection_revised_v1_delivery.zip!/research_note.md	22	24	overview-geometric-exponent	sharp-modulus	真实统一距离因子q配步界给β=γlog(1/q)/log(1/γ)	derived-checked	rewritten	research/canonical/solution_selection_rates.md#ss-rleb-ball	C136-v1	同一对象、范围和量词已有规范独立证明；本记录不计为新增定理	本单元无新增未闭义务；不关闭其它范围
SS1-C-U016	history/sources/次单调论文研究/分类集研究/RLEB_LT_operator_space_research_asset_v1/RLEB_LT_operator_space_research_asset_v1/06_RELATED_MANUSCRIPT_ASSETS/solution_selection_revised_v1_delivery.zip!/research_note.md	25	25	overview-fixed-real-parameters	theorem	每个固定实数γ,q∈(0,1)的严格兼容完整两值族及匹配量级	derived-checked	rewritten	research/canonical/selection_parameter_family.md#pf-object	C139-v1	同一对象、范围和量词已有规范独立证明；本记录不计为新增定理	本单元无新增未闭义务；不关闭其它范围
SS1-C-U017	history/sources/次单调论文研究/分类集研究/RLEB_LT_operator_space_research_asset_v1/RLEB_LT_operator_space_research_asset_v1/06_RELATED_MANUSCRIPT_ASSETS/solution_selection_revised_v1_delivery.zip!/research_note.md	25	25	overview-no-two-point-holder	scope-boundary	原点任意完整邻域无任意正阶两点Hölder模	derived-checked	rewritten	research/canonical/selection_parameter_family.md#pf-sharp	C139-v1	同一对象、范围和量词已有规范独立证明；本记录不计为新增定理	本单元无新增未闭义务；不关闭其它范围
SS1-C-U018	history/sources/次单调论文研究/分类集研究/RLEB_LT_operator_space_research_asset_v1/RLEB_LT_operator_space_research_asset_v1/06_RELATED_MANUSCRIPT_ASSETS/solution_selection_revised_v1_delivery.zip!/research_note.md	26	28	overview-supergeometric-exponent	sharp-modulus	统一距离d下一步≤Kd^ν给α=logν/log(ν/γ)	derived-checked	rewritten	research/canonical/solution_selection_rates.md#ss-rleb-ball	C136-v1	同一对象、范围和量词已有规范独立证明；本记录不计为新增定理	本单元无新增未闭义务；不关闭其它范围
SS1-C-U019	history/sources/次单调论文研究/分类集研究/RLEB_LT_operator_space_research_asset_v1/RLEB_LT_operator_space_research_asset_v1/06_RELATED_MANUSCRIPT_ASSETS/solution_selection_revised_v1_delivery.zip!/research_note.md	29	29	overview-exponent-optimality	sharp-modulus	固定γ,ν只能称指数层面不可提高，非最佳指数前常数	derived-checked	rewritten	research/canonical/selection_superlinear_family.md#sf-sharp	C141-v1	同一对象、范围和量词已有规范独立证明；本记录不计为新增定理	本单元无新增未闭义务；不关闭其它范围
SS1-C-U020	history/sources/次单调论文研究/分类集研究/RLEB_LT_operator_space_research_asset_v1/RLEB_LT_operator_space_research_asset_v1/06_RELATED_MANUSCRIPT_ASSETS/solution_selection_revised_v1_delivery.zip!/research_note.md	29	29	overview-Q2-point-error	path-dynamics	敏感参考轨道及全部非驻定局部轨道的实际点误差Q二次	derived-checked	rewritten	research/canonical/solution_selection_rates.md#ss-quadratic-tail	C115-v1	同一对象、范围和量词已有规范独立证明；本记录不计为新增定理	本单元无新增未闭义务；不关闭其它范围
SS1-C-U021	history/sources/次单调论文研究/分类集研究/RLEB_LT_operator_space_research_asset_v1/RLEB_LT_operator_space_research_asset_v1/06_RELATED_MANUSCRIPT_ASSETS/solution_selection_revised_v1_delivery.zip!/research_note.md	29	29	overview-rational-superfamily	graph-property	γ,ν有理时超线性族半代数	derived-checked	rewritten	research/canonical/selection_superlinear_family.md#sf-object	C141-v1	同一对象、范围和量词已有规范独立证明；本记录不计为新增定理	本单元无新增未闭义务；不关闭其它范围
SS1-C-U022	history/sources/次单调论文研究/分类集研究/RLEB_LT_operator_space_research_asset_v1/RLEB_LT_operator_space_research_asset_v1/06_RELATED_MANUSCRIPT_ASSETS/solution_selection_revised_v1_delivery.zip!/research_note.md	31	31	actual-q-vs-certificate	scope-boundary	实际q=1/4与保守κ极限1/2不同，固定类别量词分开	derived-checked	rewritten	research/canonical/selection_geometric_cap.md#gc-certificates	C137-v1	同一对象、范围和量词已有规范独立证明；本记录不计为新增定理	本单元无新增未闭义务；不关闭其它范围
SS1-C-U023	history/sources/次单调论文研究/分类集研究/RLEB_LT_operator_space_research_asset_v1/RLEB_LT_operator_space_research_asset_v1/06_RELATED_MANUSCRIPT_ASSETS/solution_selection_revised_v1_delivery.zip!/research_note.md	33	33	no-strong-tangential-inversion	scope-boundary	正文证书不主张满足附录统一强切向反演	derived-checked	rewritten	research/canonical/selection_tangential_condition.md#tc-boundary	C140-v1	同一对象、范围和量词已有规范独立证明；本记录不计为新增定理	本单元无新增未闭义务；不关闭其它范围
SS1-C-U024	history/sources/次单调论文研究/分类集研究/RLEB_LT_operator_space_research_asset_v1/RLEB_LT_operator_space_research_asset_v1/06_RELATED_MANUSCRIPT_ASSETS/solution_selection_revised_v1_delivery.zip!/research_note.md	39	42	local-holder-hypothesis	hypothesis	共同V、H,R>0、0<γ<1及只对距离≤R的单步Hölder	derived-checked	rewritten	research/canonical/solution_selection_rates.md#ss-transfer	C08-v1	同一对象、范围和量词已有规范独立证明；本记录不计为新增定理	本单元无新增未闭义务；不关闭其它范围
SS1-C-U025	history/sources/次单调论文研究/分类集研究/RLEB_LT_operator_space_research_asset_v1/RLEB_LT_operator_space_research_asset_v1/06_RELATED_MANUSCRIPT_ASSETS/solution_selection_revised_v1_delivery.zip!/research_note.md	44	44	common-family-limit	definition	初值族B⊂V全部轨道在共同V收敛，Π逐轨道定义	derived-checked	rewritten	research/canonical/solution_selection_rates.md#ss-transfer	C08-v1	同一对象、范围和量词已有规范独立证明；本记录不计为新增定理	本单元无新增未闭义务；不关闭其它范围
SS1-C-U026	history/sources/次单调论文研究/分类集研究/RLEB_LT_operator_space_research_asset_v1/RLEB_LT_operator_space_research_asset_v1/06_RELATED_MANUSCRIPT_ASSETS/solution_selection_revised_v1_delivery.zip!/research_note.md	46	54	geometric-common-tail-transfer	theorem	Mσ^k对全部B和全部k统一，得β=log(1/σ)/log(1/γ)对数对数模	derived-checked	rewritten	research/canonical/solution_selection_rates.md#ss-transfer	C08-v1	同一对象、范围和量词已有规范独立证明；本记录不计为新增定理	本单元无新增未闭义务；不关闭其它范围
SS1-C-U027	history/sources/次单调论文研究/分类集研究/RLEB_LT_operator_space_research_asset_v1/RLEB_LT_operator_space_research_asset_v1/06_RELATED_MANUSCRIPT_ASSETS/solution_selection_revised_v1_delivery.zip!/research_note.md	56	64	supergeometric-common-tail-transfer	theorem	M exp(-c0ν^k)对全部初值与k统一，得α根对数指数模	derived-checked	rewritten	research/canonical/solution_selection_rates.md#ss-transfer	C08-v1	同一对象、范围和量词已有规范独立证明；本记录不计为新增定理	本单元无新增未闭义务；不关闭其它范围
SS1-C-U028	history/sources/次单调论文研究/分类集研究/RLEB_LT_operator_space_research_asset_v1/RLEB_LT_operator_space_research_asset_v1/06_RELATED_MANUSCRIPT_ASSETS/solution_selection_revised_v1_delivery.zip!/research_note.md	68	70	finite-prefix-induction	proof-step	取A≥max(1,H^(1/(1-γ)))，在局部尺度有效时j步差≤Aδ^(γ^j)	derived-checked	rewritten	research/canonical/solution_selection_rates.md#ss-transfer	C08-v1	同一对象、范围和量词已有规范独立证明；本记录不计为新增定理	本单元无新增未闭义务；不关闭其它范围
SS1-C-U029	history/sources/次单调论文研究/分类集研究/RLEB_LT_operator_space_research_asset_v1/RLEB_LT_operator_space_research_asset_v1/06_RELATED_MANUSCRIPT_ASSETS/solution_selection_revised_v1_delivery.zip!/research_note.md	72	79	geometric-balanced-stop	proof-step	n取log[t/(Dlogt)]/log(1/γ)整数下取整，两侧尾量统一估计	derived-checked	rewritten	research/canonical/solution_selection_rates.md#ss-transfer	C08-v1	同一对象、范围和量词已有规范独立证明；本记录不计为新增定理	本单元无新增未闭义务；不关闭其它范围
SS1-C-U030	history/sources/次单调论文研究/分类集研究/RLEB_LT_operator_space_research_asset_v1/RLEB_LT_operator_space_research_asset_v1/06_RELATED_MANUSCRIPT_ASSETS/solution_selection_revised_v1_delivery.zip!/research_note.md	81	81	geometric-local-scale-closure	proof-step	候选前缀界在每个j≤n小于R，归纳闭合局部假设	derived-checked	rewritten	research/canonical/solution_selection_rates.md#ss-transfer	C08-v1	同一对象、范围和量词已有规范独立证明；本记录不计为新增定理	本单元无新增未闭义务；不关闭其它范围
SS1-C-U031	history/sources/次单调论文研究/分类集研究/RLEB_LT_operator_space_research_asset_v1/RLEB_LT_operator_space_research_asset_v1/06_RELATED_MANUSCRIPT_ASSETS/solution_selection_revised_v1_delivery.zip!/research_note.md	83	87	geometric-triangle-bound	proof-step	有限步差加两条轨道共同尾，推出几何选择模	derived-checked	rewritten	research/canonical/solution_selection_rates.md#ss-transfer	C08-v1	同一对象、范围和量词已有规范独立证明；本记录不计为新增定理	本单元无新增未闭义务；不关闭其它范围
SS1-C-U032	history/sources/次单调论文研究/分类集研究/RLEB_LT_operator_space_research_asset_v1/RLEB_LT_operator_space_research_asset_v1/06_RELATED_MANUSCRIPT_ASSETS/solution_selection_revised_v1_delivery.zip!/research_note.md	89	95	supergeometric-balanced-stop	proof-step	n=floor(logt/log(ν/γ))且tγ^n,ν^n都≥常数t^α	derived-checked	rewritten	research/canonical/solution_selection_rates.md#ss-transfer	C08-v1	同一对象、范围和量词已有规范独立证明；本记录不计为新增定理	本单元无新增未闭义务；不关闭其它范围
SS1-C-U033	history/sources/次单调论文研究/分类集研究/RLEB_LT_operator_space_research_asset_v1/RLEB_LT_operator_space_research_asset_v1/06_RELATED_MANUSCRIPT_ASSETS/solution_selection_revised_v1_delivery.zip!/research_note.md	97	101	supergeometric-scale-and-triangle	proof-step	全部前缀闭合距离R限制，再加共同尾得exp(-ct^α)	derived-checked	rewritten	research/canonical/solution_selection_rates.md#ss-transfer	C08-v1	同一对象、范围和量词已有规范独立证明；本记录不计为新增定理	本单元无新增未闭义务；不关闭其它范围
SS1-C-U034	history/sources/次单调论文研究/分类集研究/RLEB_LT_operator_space_research_asset_v1/RLEB_LT_operator_space_research_asset_v1/06_RELATED_MANUSCRIPT_ASSETS/solution_selection_revised_v1_delivery.zip!/research_note.md	107	107	local-RLEB-data	hypothesis	同一S、真实残差空纤维∞、UR及R01/R02的A1–A4全称条件	derived-checked	rewritten	research/canonical/solution_selection_rates.md#ss-rleb-ball	C136-v1	同一对象、范围和量词已有规范独立证明；本记录不计为新增定理	本单元无新增未闭义务；不关闭其它范围
SS1-C-U035	history/sources/次单调论文研究/分类集研究/RLEB_LT_operator_space_research_asset_v1/RLEB_LT_operator_space_research_asset_v1/06_RELATED_MANUSCRIPT_ASSETS/solution_selection_revised_v1_delivery.zip!/research_note.md	109	116	reflected-to-step-holder	proof-step	all-pairs反射RL给T的H=(R^(1-γ)+L)/2局部单步界	derived-checked	rewritten	research/canonical/solution_selection_rates.md#ss-rleb-ball	C136-v1	同一对象、范围和量词已有规范独立证明；本记录不计为新增定理	本单元无新增未闭义务；不关闭其它范围
SS1-C-U036	history/sources/次单调论文研究/分类集研究/RLEB_LT_operator_space_research_asset_v1/RLEB_LT_operator_space_research_asset_v1/06_RELATED_MANUSCRIPT_ASSETS/solution_selection_revised_v1_delivery.zip!/research_note.md	118	118	zero-anchor-step-bound	proof-step	同图最近零锚比较使同一H控制步长Hd(x,S)^γ	derived-checked	rewritten	research/canonical/solution_selection_rates.md#ss-rleb-ball	C136-v1	同一对象、范围和量词已有规范独立证明；本记录不计为新增定理	本单元无新增未闭义务；不关闭其它范围
SS1-C-U037	history/sources/次单调论文研究/分类集研究/RLEB_LT_operator_space_research_asset_v1/RLEB_LT_operator_space_research_asset_v1/06_RELATED_MANUSCRIPT_ASSETS/solution_selection_revised_v1_delivery.zip!/research_note.md	120	126	distance-to-point-tail	proof-step	统一距离Dq^k求和给HD^γ q^(γk)/(1-q^γ)，σ=q^γ	derived-checked	rewritten	research/canonical/solution_selection_rates.md#ss-rleb-ball	C136-v1	同一对象、范围和量词已有规范独立证明；本记录不计为新增定理	本单元无新增未闭义务；不关闭其它范围
SS1-C-U038	history/sources/次单调论文研究/分类集研究/RLEB_LT_operator_space_research_asset_v1/RLEB_LT_operator_space_research_asset_v1/06_RELATED_MANUSCRIPT_ASSETS/solution_selection_revised_v1_delivery.zip!/research_note.md	128	131	strict-length-budget	definition	长度L(d)=0.5[d/(1-κ)+Ld^γ/(1-κ^γ)]	derived-checked	rewritten	research/canonical/solution_selection_rates.md#ss-rleb-ball	C136-v1	同一对象、范围和量词已有规范独立证明；本记录不计为新增定理	本单元无新增未闭义务；不关闭其它范围
SS1-C-U039	history/sources/次单调论文研究/分类集研究/RLEB_LT_operator_space_research_asset_v1/RLEB_LT_operator_space_research_asset_v1/06_RELATED_MANUSCRIPT_ASSETS/solution_selection_revised_v1_delivery.zip!/research_note.md	133	135	common-window-construction	definition	固定零点球Bρ和ε+L(ε)<ρ，先定义共同W	derived-checked	rewritten	research/canonical/solution_selection_rates.md#ss-rleb-ball	C136-v1	同一对象、范围和量词已有规范独立证明；本记录不计为新增定理	本单元无新增未闭义务；不关闭其它范围
SS1-C-U040	history/sources/次单调论文研究/分类集研究/RLEB_LT_operator_space_research_asset_v1/RLEB_LT_operator_space_research_asset_v1/06_RELATED_MANUSCRIPT_ASSETS/solution_selection_revised_v1_delivery.zip!/research_note.md	137	142	whole-ball-domain-budget	proof-step	每个初值x∈Bε满足到U补集的严格预算，全部轨道留W	derived-checked	rewritten	research/canonical/solution_selection_rates.md#ss-rleb-ball	C136-v1	同一对象、范围和量词已有规范独立证明；本记录不计为新增定理	本单元无新增未闭义务；不关闭其它范围
SS1-C-U041	history/sources/次单调论文研究/分类集研究/RLEB_LT_operator_space_research_asset_v1/RLEB_LT_operator_space_research_asset_v1/06_RELATED_MANUSCRIPT_ASSETS/solution_selection_revised_v1_delivery.zip!/research_note.md	144	148	whole-ball-uniform-tail	theorem	同一球全部初值全部k共用尾常数；逐初值常数不够	derived-checked	rewritten	research/canonical/solution_selection_rates.md#ss-rleb-ball	C136-v1	同一对象、范围和量词已有规范独立证明；本记录不计为新增定理	本单元无新增未闭义务；不关闭其它范围
SS1-C-U042	history/sources/次单调论文研究/分类集研究/RLEB_LT_operator_space_research_asset_v1/RLEB_LT_operator_space_research_asset_v1/06_RELATED_MANUSCRIPT_ASSETS/solution_selection_revised_v1_delivery.zip!/research_note.md	150	154	full-PPA-transfer-sufficient-gate	scope-boundary	在整个W核完整纤维等式足够；仅核初值球不够	derived-checked	rewritten	research/canonical/solution_selection_rates.md#ss-rleb-ball	C136-v1	同一对象、范围和量词已有规范独立证明；本记录不计为新增定理	本单元无新增未闭义务；不关闭其它范围
SS1-C-U043	history/sources/次单调论文研究/分类集研究/RLEB_LT_operator_space_research_asset_v1/RLEB_LT_operator_space_research_asset_v1/06_RELATED_MANUSCRIPT_ASSETS/solution_selection_revised_v1_delivery.zip!/research_note.md	154	157	minimal-extra-fiber-counterexample	counterexample	完整F(u)={u,-u}但局部正图JG=x/2，JF(0)=R	derived-checked	rewritten	research/canonical/solution_selection_rates.md#ss-rleb-ball	C136-v1	同一对象、范围和量词已有规范独立证明；本记录不计为新增定理	本单元无新增未闭义务；不关闭其它范围
SS1-C-U044	history/sources/次单调论文研究/分类集研究/RLEB_LT_operator_space_research_asset_v1/RLEB_LT_operator_space_research_asset_v1/06_RELATED_MANUSCRIPT_ASSETS/solution_selection_revised_v1_delivery.zip!/research_note.md	159	159	explicit-exempt-from-fiber-gap	scope-boundary	显式模型已全部反演，不能用一般接口缺口否定其完整性	derived-checked	rewritten	research/canonical/selection_geometric_cap.md#gc-object	C137-v1	同一对象、范围和量词已有规范独立证明；本记录不计为新增定理	本单元无新增未闭义务；不关闭其它范围
SS1-C-U045	history/sources/次单调论文研究/分类集研究/RLEB_LT_operator_space_research_asset_v1/RLEB_LT_operator_space_research_asset_v1/06_RELATED_MANUSCRIPT_ASSETS/solution_selection_revised_v1_delivery.zip!/research_note.md	161	164	uniform-superlinear-tail	proof-step	K>0缩球使归一化d0≤θ<1，求和得共同exp(-aν^k)尾	derived-checked	rewritten	research/canonical/solution_selection_rates.md#ss-rleb-ball	C136-v1	同一对象、范围和量词已有规范独立证明；本记录不计为新增定理	本单元无新增未闭义务；不关闭其它范围
SS1-C-U046	history/sources/次单调论文研究/分类集研究/RLEB_LT_operator_space_research_asset_v1/RLEB_LT_operator_space_research_asset_v1/06_RELATED_MANUSCRIPT_ASSETS/solution_selection_revised_v1_delivery.zip!/research_note.md	166	166	K-zero-degenerate	endpoint	K=0一步到解后驻定，单独处理	derived-checked	rewritten	research/canonical/solution_selection_rates.md#ss-rleb-ball	C136-v1	同一对象、范围和量词已有规范独立证明；本记录不计为新增定理	本单元无新增未闭义务；不关闭其它范围
SS1-C-U047	history/sources/次单调论文研究/分类集研究/RLEB_LT_operator_space_research_asset_v1/RLEB_LT_operator_space_research_asset_v1/06_RELATED_MANUSCRIPT_ASSETS/solution_selection_revised_v1_delivery.zip!/research_note.md	168	170	residual-growth-bridge	theorem	真实输出残差增长指数b<γ给ν=γ/b及α=log(γ/b)/log(1/b)	derived-checked	rewritten	research/canonical/solution_selection_rates.md#ss-rleb-ball	C136-v1	同一对象、范围和量词已有规范独立证明；本记录不计为新增定理	本单元无新增未闭义务；不关闭其它范围
SS1-C-U048	history/sources/次单调论文研究/分类集研究/RLEB_LT_operator_space_research_asset_v1/RLEB_LT_operator_space_research_asset_v1/06_RELATED_MANUSCRIPT_ASSETS/solution_selection_revised_v1_delivery.zip!/research_note.md	174	177	anchored-calmness	theorem	固定零点s与同球预算，Π(s)=s且|Π(x)-s|≤C|x-s|^γ	derived-checked	rewritten	research/canonical/solution_selection_rates.md#ss-calmness	C136-v1	同一对象、范围和量词已有规范独立证明；本记录不计为新增定理	本单元无新增未闭义务；不关闭其它范围
SS1-C-U049	history/sources/次单调论文研究/分类集研究/RLEB_LT_operator_space_research_asset_v1/RLEB_LT_operator_space_research_asset_v1/06_RELATED_MANUSCRIPT_ASSETS/solution_selection_revised_v1_delivery.zip!/research_note.md	179	179	calmness-two-point-boundary	scope-boundary	零锚calmness不授予邻域任意两点Hölder；完整模型仍核收敛域	derived-checked	rewritten	research/canonical/solution_selection_rates.md#ss-calmness	C136-v1	同一对象、范围和量词已有规范独立证明；本记录不计为新增定理	本单元无新增未闭义务；不关闭其它范围
SS1-C-U050	history/sources/次单调论文研究/分类集研究/RLEB_LT_operator_space_research_asset_v1/RLEB_LT_operator_space_research_asset_v1/06_RELATED_MANUSCRIPT_ASSETS/solution_selection_revised_v1_delivery.zip!/research_note.md	183	183	inverse-code-prior-interface	literature-fact	一般逆图编码标准，全部分支常数与真实残差须另验	derived-checked	duplicate	research/canonical/selection_truncation_prior_tools.md#st-open-comparisons		重复概述，保留来源定位并指向同一规范身份	本单元无新增未闭义务；不关闭其它范围
SS1-C-U051	history/sources/次单调论文研究/分类集研究/RLEB_LT_operator_space_research_asset_v1/RLEB_LT_operator_space_research_asset_v1/06_RELATED_MANUSCRIPT_ASSETS/solution_selection_revised_v1_delivery.zip!/research_note.md	185	188	geometric-cap-definition	definition	Dy(η)=min(2sqrt(y),(sqrt(1+4η+)-1)/2)	derived-checked	rewritten	research/canonical/selection_geometric_cap.md#gc-object	C137-v1	同一对象、范围和量词已有规范独立证明；本记录不计为新增定理	本单元无新增未闭义务；不关闭其它范围
SS1-C-U052	history/sources/次单调论文研究/分类集研究/RLEB_LT_operator_space_research_asset_v1/RLEB_LT_operator_space_research_asset_v1/06_RELATED_MANUSCRIPT_ASSETS/solution_selection_revised_v1_delivery.zip!/research_note.md	190	196	geometric-complete-relation	definition	F两支全部切向及±法向定义，y<0空	derived-checked	rewritten	research/canonical/selection_geometric_cap.md#gc-object	C137-v1	同一对象、范围和量词已有规范独立证明；本记录不计为新增定理	本单元无新增未闭义务；不关闭其它范围
SS1-C-U053	history/sources/次单调论文研究/分类集研究/RLEB_LT_operator_space_research_asset_v1/RLEB_LT_operator_space_research_asset_v1/06_RELATED_MANUSCRIPT_ASSETS/solution_selection_revised_v1_delivery.zip!/research_note.md	200	202	geometric-closed-semi-values-zeros	graph-property	闭图半代数、y>0二值、y=0一值、y<0空；零集整平面	derived-checked	rewritten	research/canonical/selection_geometric_cap.md#gc-object	C137-v1	同一对象、范围和量词已有规范独立证明；本记录不计为新增定理	本单元无新增未闭义务；不关闭其它范围
SS1-C-U054	history/sources/次单调论文研究/分类集研究/RLEB_LT_operator_space_research_asset_v1/RLEB_LT_operator_space_research_asset_v1/06_RELATED_MANUSCRIPT_ASSETS/solution_selection_revised_v1_delivery.zip!/research_note.md	204	206	geometric-full-proximal-formula	inverse-fiber	全输入完整T=(z+sqrt|r|,p+sqrtmin(p+,|r|),|r|/4)	derived-checked	rewritten	research/canonical/selection_geometric_cap.md#gc-object	C137-v1	同一对象、范围和量词已有规范独立证明；本记录不计为新增定理	本单元无新增未闭义务；不关闭其它范围
SS1-C-U055	history/sources/次单调论文研究/分类集研究/RLEB_LT_operator_space_research_asset_v1/RLEB_LT_operator_space_research_asset_v1/06_RELATED_MANUSCRIPT_ASSETS/solution_selection_revised_v1_delivery.zip!/research_note.md	208	210	geometric-all-pairs-safe-RL	regularity	每个有限比较尺度R的半阶RL安全常数2sqrt2+1.5sqrtR	derived-checked	rewritten	research/canonical/selection_geometric_cap.md#gc-certificates	C137-v1	同一对象、范围和量词已有规范独立证明；本记录不计为新增定理	本单元无新增未闭义务；不关闭其它范围
SS1-C-U056	history/sources/次单调论文研究/分类集研究/RLEB_LT_operator_space_research_asset_v1/RLEB_LT_operator_space_research_asset_v1/06_RELATED_MANUSCRIPT_ASSETS/solution_selection_revised_v1_delivery.zip!/research_note.md	212	212	geometric-sharp-RL-index	sharp-modulus	原点最大RL指数1/2	derived-checked	rewritten	research/canonical/selection_geometric_cap.md#gc-certificates	C137-v1	同一对象、范围和量词已有规范独立证明；本记录不计为新增定理	本单元无新增未闭义务；不关闭其它范围
SS1-C-U057	history/sources/次单调论文研究/分类集研究/RLEB_LT_operator_space_research_asset_v1/RLEB_LT_operator_space_research_asset_v1/06_RELATED_MANUSCRIPT_ASSETS/solution_selection_revised_v1_delivery.zip!/research_note.md	212	212	geometric-asymptotic-RL-constant	sharp-modulus	随尺度趋0的最优极限常数2sqrt2，非每尺度锐值	derived-checked	rewritten	research/canonical/selection_geometric_cap.md#gc-certificates	C137-v1	同一对象、范围和量词已有规范独立证明；本记录不计为新增定理	本单元无新增未闭义务；不关闭其它范围
SS1-C-U058	history/sources/次单调论文研究/分类集研究/RLEB_LT_operator_space_research_asset_v1/RLEB_LT_operator_space_research_asset_v1/06_RELATED_MANUSCRIPT_ASSETS/solution_selection_revised_v1_delivery.zip!/research_note.md	212	214	geometric-true-output-EB	residual-bound	整个F真实全纤维残差给d≤rF²/4	derived-checked	rewritten	research/canonical/selection_geometric_cap.md#gc-certificates	C137-v1	同一对象、范围和量词已有规范独立证明；本记录不计为新增定理	本单元无新增未闭义务；不关闭其它范围
SS1-C-U059	history/sources/次单调论文研究/分类集研究/RLEB_LT_operator_space_research_asset_v1/RLEB_LT_operator_space_research_asset_v1/06_RELATED_MANUSCRIPT_ASSETS/solution_selection_revised_v1_delivery.zip!/research_note.md	216	219	geometric-compatibility-factor	regularity	κR=(2sqrt2+2.5sqrtR)²/16，极限1/2	derived-checked	rewritten	research/canonical/selection_geometric_cap.md#gc-certificates	C137-v1	同一对象、范围和量词已有规范独立证明；本记录不计为新增定理	本单元无新增未闭义务；不关闭其它范围
SS1-C-U060	history/sources/次单调论文研究/分类集研究/RLEB_LT_operator_space_research_asset_v1/RLEB_LT_operator_space_research_asset_v1/06_RELATED_MANUSCRIPT_ASSETS/solution_selection_revised_v1_delivery.zip!/research_note.md	221	223	geometric-fixed-strict-radius	hypothesis	严格兼容当且仅当0<R<[2(4-2sqrt2)/5]²	derived-checked	rewritten	research/canonical/selection_geometric_cap.md#gc-certificates	C137-v1	同一对象、范围和量词已有规范独立证明；本记录不计为新增定理	本单元无新增未闭义务；不关闭其它范围
SS1-C-U061	history/sources/次单调论文研究/分类集研究/RLEB_LT_operator_space_research_asset_v1/RLEB_LT_operator_space_research_asset_v1/06_RELATED_MANUSCRIPT_ASSETS/solution_selection_revised_v1_delivery.zip!/research_note.md	225	228	geometric-actual-certificate-exponents	scope-boundary	实际q1/4与κR>1/2分开，β实际1而β证书趋1/2	derived-checked	rewritten	research/canonical/selection_geometric_cap.md#gc-certificates	C137-v1	同一对象、范围和量词已有规范独立证明；本记录不计为新增定理	本单元无新增未闭义务；不关闭其它范围
SS1-C-U062	history/sources/次单调论文研究/分类集研究/RLEB_LT_operator_space_research_asset_v1/RLEB_LT_operator_space_research_asset_v1/06_RELATED_MANUSCRIPT_ASSETS/solution_selection_revised_v1_delivery.zip!/research_note.md	230	230	geometric-not-all-constants-sharp	scope-boundary	实际下界不认证固定保守κ类别锐性，有限R常数只安全	derived-checked	rewritten	research/canonical/selection_geometric_cap.md#gc-certificates	C137-v1	同一对象、范围和量词已有规范独立证明；本记录不计为新增定理	本单元无新增未闭义务；不关闭其它范围
SS1-C-U063	history/sources/次单调论文研究/分类集研究/RLEB_LT_operator_space_research_asset_v1/RLEB_LT_operator_space_research_asset_v1/06_RELATED_MANUSCRIPT_ASSETS/solution_selection_revised_v1_delivery.zip!/research_note.md	234	234	geometric-normal-all-branches	proof-step	r=±4y按符号唯一恢复第三坐标，第一坐标随之恢复	derived-checked	rewritten	research/canonical/selection_geometric_cap.md#gc-object	C137-v1	同一对象、范围和量词已有规范独立证明；本记录不计为新增定理	本单元无新增未闭义务；不关闭其它范围
SS1-C-U064	history/sources/次单调论文研究/分类集研究/RLEB_LT_operator_space_research_asset_v1/RLEB_LT_operator_space_research_asset_v1/06_RELATED_MANUSCRIPT_ASSETS/solution_selection_revised_v1_delivery.zip!/research_note.md	236	240	geometric-tangential-all-inverse	proof-step	标量η→η-D为连续严格递增满射，三段反演	derived-checked	rewritten	research/canonical/selection_geometric_cap.md#gc-object	C137-v1	同一对象、范围和量词已有规范独立证明；本记录不计为新增定理	本单元无新增未闭义务；不关闭其它范围
SS1-C-U065	history/sources/次单调论文研究/分类集研究/RLEB_LT_operator_space_research_asset_v1/RLEB_LT_operator_space_research_asset_v1/06_RELATED_MANUSCRIPT_ASSETS/solution_selection_revised_v1_delivery.zip!/research_note.md	242	242	geometric-no-missing-fibers	inverse-fiber	第二坐标唯一逆，r=0两支合并，全部近端纤维已枚举	derived-checked	rewritten	research/canonical/selection_geometric_cap.md#gc-object	C137-v1	同一对象、范围和量词已有规范独立证明；本记录不计为新增定理	本单元无新增未闭义务；不关闭其它范围
SS1-C-U066	history/sources/次单调论文研究/分类集研究/RLEB_LT_operator_space_research_asset_v1/RLEB_LT_operator_space_research_asset_v1/06_RELATED_MANUSCRIPT_ASSETS/solution_selection_revised_v1_delivery.zip!/research_note.md	244	244	geometric-closed-and-zero-proof	proof-step	两支连续接合给闭图半代数及第一分量检验零集	derived-checked	rewritten	research/canonical/selection_geometric_cap.md#gc-object	C137-v1	同一对象、范围和量词已有规范独立证明；本记录不计为新增定理	本单元无新增未闭义务；不关闭其它范围
SS1-C-U067	history/sources/次单调论文研究/分类集研究/RLEB_LT_operator_space_research_asset_v1/RLEB_LT_operator_space_research_asset_v1/06_RELATED_MANUSCRIPT_ASSETS/solution_selection_revised_v1_delivery.zip!/research_note.md	248	253	geometric-holder-building-blocks	proof-step	min、正部、绝对值1-Lipschitz给两切向增量各≤sqrtδ	derived-checked	rewritten	research/canonical/selection_geometric_cap.md#gc-certificates	C137-v1	同一对象、范围和量词已有规范独立证明；本记录不计为新增定理	本单元无新增未闭义务；不关闭其它范围
SS1-C-U068	history/sources/次单调论文研究/分类集研究/RLEB_LT_operator_space_research_asset_v1/RLEB_LT_operator_space_research_asset_v1/06_RELATED_MANUSCRIPT_ASSETS/solution_selection_revised_v1_delivery.zip!/research_note.md	255	262	geometric-reflected-norm-bound	proof-step	反射差拆线性向量及根号向量，欧式全对界	derived-checked	rewritten	research/canonical/selection_geometric_cap.md#gc-certificates	C137-v1	同一对象、范围和量词已有规范独立证明；本记录不计为新增定理	本单元无新增未闭义务；不关闭其它范围
SS1-C-U069	history/sources/次单调论文研究/分类集研究/RLEB_LT_operator_space_research_asset_v1/RLEB_LT_operator_space_research_asset_v1/06_RELATED_MANUSCRIPT_ASSETS/solution_selection_revised_v1_delivery.zip!/research_note.md	264	264	geometric-cross-sign-pairs	scope-boundary	RL计算包含r,r′异号跨支，不只单支	derived-checked	rewritten	research/canonical/selection_geometric_cap.md#gc-certificates	C137-v1	同一对象、范围和量词已有规范独立证明；本记录不计为新增定理	本单元无新增未闭义务；不关闭其它范围
SS1-C-U070	history/sources/次单调论文研究/分类集研究/RLEB_LT_operator_space_research_asset_v1/RLEB_LT_operator_space_research_asset_v1/06_RELATED_MANUSCRIPT_ASSETS/solution_selection_revised_v1_delivery.zip!/research_note.md	266	271	geometric-sharp-sequence	proof-step	xt=(0,t,t),x′t=(0,t,0)给反射差平方8t+t²/4	derived-checked	rewritten	research/canonical/selection_geometric_cap.md#gc-certificates	C137-v1	同一对象、范围和量词已有规范独立证明；本记录不计为新增定理	本单元无新增未闭义务；不关闭其它范围
SS1-C-U071	history/sources/次单调论文研究/分类集研究/RLEB_LT_operator_space_research_asset_v1/RLEB_LT_operator_space_research_asset_v1/06_RELATED_MANUSCRIPT_ASSETS/solution_selection_revised_v1_delivery.zip!/research_note.md	275	277	geometric-minimal-full-residual	proof-step	两支范数取较小9y²支，不用负输入选中25y²支代替	derived-checked	rewritten	research/canonical/selection_geometric_cap.md#gc-certificates	C137-v1	同一对象、范围和量词已有规范独立证明；本记录不计为新增定理	本单元无新增未闭义务；不关闭其它范围
SS1-C-U072	history/sources/次单调论文研究/分类集研究/RLEB_LT_operator_space_research_asset_v1/RLEB_LT_operator_space_research_asset_v1/06_RELATED_MANUSCRIPT_ASSETS/solution_selection_revised_v1_delivery.zip!/research_note.md	279	279	geometric-EB-sharp-coefficient	sharp-modulus	η≤0,y↓0使y/rF²→1/4	derived-checked	rewritten	research/canonical/selection_geometric_cap.md#gc-certificates	C137-v1	同一对象、范围和量词已有规范独立证明；本记录不计为新增定理	本单元无新增未闭义务；不关闭其它范围
SS1-C-U073	history/sources/次单调论文研究/分类集研究/RLEB_LT_operator_space_research_asset_v1/RLEB_LT_operator_space_research_asset_v1/06_RELATED_MANUSCRIPT_ASSETS/solution_selection_revised_v1_delivery.zip!/research_note.md	279	279	geometric-joint-certificate	hypothesis	固定严格R，完整图块/全域U及足够gauge域同时认证全部条件	derived-checked	rewritten	research/canonical/selection_geometric_cap.md#gc-certificates	C137-v1	同一对象、范围和量词已有规范独立证明；本记录不计为新增定理	本单元无新增未闭义务；不关闭其它范围
SS1-C-U074	history/sources/次单调论文研究/分类集研究/RLEB_LT_operator_space_research_asset_v1/RLEB_LT_operator_space_research_asset_v1/06_RELATED_MANUSCRIPT_ASSETS/solution_selection_revised_v1_delivery.zip!/research_note.md	283	286	geometric-exact-normal-and-z	path-dynamics	ak=4^-k a0，zk=z0+2sqrt(a0)(1-2^-k)	derived-checked	rewritten	research/canonical/selection_geometric_cap.md#gc-tail	C137-v1	同一对象、范围和量词已有规范独立证明；本记录不计为新增定理	本单元无新增未闭义务；不关闭其它范围
SS1-C-U075	history/sources/次单调论文研究/分类集研究/RLEB_LT_operator_space_research_asset_v1/RLEB_LT_operator_space_research_asset_v1/06_RELATED_MANUSCRIPT_ASSETS/solution_selection_revised_v1_delivery.zip!/research_note.md	288	290	geometric-p-convergence-common-tail	path-dynamics	p增量在[0,sqrtak]，k≥1共同点尾≤2sqrt2 sqrt(a0)2^-k+a0 4^-k	derived-checked	rewritten	research/canonical/selection_geometric_cap.md#gc-tail	C137-v1	同一对象、范围和量词已有规范独立证明；本记录不计为新增定理	本单元无新增未闭义务；不关闭其它范围
SS1-C-U076	history/sources/次单调论文研究/分类集研究/RLEB_LT_operator_space_research_asset_v1/RLEB_LT_operator_space_research_asset_v1/06_RELATED_MANUSCRIPT_ASSETS/solution_selection_revised_v1_delivery.zip!/research_note.md	292	292	geometric-negative-first-prefix	endpoint	负r0的第0步额外法向长度，初始总长≤2sqrt2 sqrt(a0)+1.5a0	derived-checked	rewritten	research/canonical/selection_geometric_cap.md#gc-tail	C137-v1	同一对象、范围和量词已有规范独立证明；本记录不计为新增定理	本单元无新增未闭义务；不关闭其它范围
SS1-C-U077	history/sources/次单调论文研究/分类集研究/RLEB_LT_operator_space_research_asset_v1/RLEB_LT_operator_space_research_asset_v1/06_RELATED_MANUSCRIPT_ASSETS/solution_selection_revised_v1_delivery.zip!/research_note.md	296	303	geometric-paired-orbits	definition	固定r0∈(0,1)，p0=0与ε的同一z/r轨道及cap递推	derived-checked	rewritten	research/canonical/selection_geometric_sharpness.md#gs-sharp	C138-v1	同一对象、范围和量词已有规范独立证明；本记录不计为新增定理	本单元无新增未闭义务；不关闭其它范围
SS1-C-U078	history/sources/次单调论文研究/分类集研究/RLEB_LT_operator_space_research_asset_v1/RLEB_LT_operator_space_research_asset_v1/06_RELATED_MANUSCRIPT_ASSETS/solution_selection_revised_v1_delivery.zip!/research_note.md	307	312	geometric-matching-two-sided-modulus	sharp-modulus	常数依赖固定r0，极限差Θ(loglog(1/ε)/log(1/ε))	derived-checked	rewritten	research/canonical/selection_geometric_sharpness.md#gs-sharp	C138-v1	同一对象、范围和量词已有规范独立证明；本记录不计为新增定理	本单元无新增未闭义务；不关闭其它范围
SS1-C-U079	history/sources/次单调论文研究/分类集研究/RLEB_LT_operator_space_research_asset_v1/RLEB_LT_operator_space_research_asset_v1/06_RELATED_MANUSCRIPT_ASSETS/solution_selection_revised_v1_delivery.zip!/research_note.md	314	316	geometric-no-holder-ratio	scope-boundary	任意θ>0极限差/ε^θ→∞	derived-checked	rewritten	research/canonical/selection_geometric_sharpness.md#gs-sharp	C138-v1	同一对象、范围和量词已有规范独立证明；本记录不计为新增定理	本单元无新增未闭义务；不关闭其它范围
SS1-C-U080	history/sources/次单调论文研究/分类集研究/RLEB_LT_operator_space_research_asset_v1/RLEB_LT_operator_space_research_asset_v1/06_RELATED_MANUSCRIPT_ASSETS/solution_selection_revised_v1_delivery.zip!/research_note.md	320	324	geometric-first-switch	proof-step	N首次p≥r，有限且ε↓0时N→∞	derived-checked	rewritten	research/canonical/selection_geometric_sharpness.md#gs-sharp	C138-v1	同一对象、范围和量词已有规范独立证明；本记录不计为新增定理	本单元无新增未闭义务；不关闭其它范围
SS1-C-U081	history/sources/次单调论文研究/分类集研究/RLEB_LT_operator_space_research_asset_v1/RLEB_LT_operator_space_research_asset_v1/06_RELATED_MANUSCRIPT_ASSETS/solution_selection_revised_v1_delivery.zip!/research_note.md	326	334	geometric-uniform-log-prefix	proof-step	未饱和sqrtp≤p下一步≤2sqrtp，含N且常数统一的对数递推	derived-checked	rewritten	research/canonical/selection_geometric_sharpness.md#gs-sharp	C138-v1	同一对象、范围和量词已有规范独立证明；本记录不计为新增定理	本单元无新增未闭义务；不关闭其它范围
SS1-C-U082	history/sources/次单调论文研究/分类集研究/RLEB_LT_operator_space_research_asset_v1/RLEB_LT_operator_space_research_asset_v1/06_RELATED_MANUSCRIPT_ASSETS/solution_selection_revised_v1_delivery.zip!/research_note.md	336	344	geometric-switch-two-sides	proof-step	N与N−1两侧不等式给t2^-N=Θ(N)，N=(logt−loglogt)/log2+O(1)	derived-checked	rewritten	research/canonical/selection_geometric_sharpness.md#gs-sharp	C138-v1	同一对象、范围和量词已有规范独立证明；本记录不计为新增定理	本单元无新增未闭义务；不关闭其它范围
SS1-C-U083	history/sources/次单调论文研究/分类集研究/RLEB_LT_operator_space_research_asset_v1/RLEB_LT_operator_space_research_asset_v1/06_RELATED_MANUSCRIPT_ASSETS/solution_selection_revised_v1_delivery.zip!/research_note.md	346	349	geometric-exact-saturated-tail	proof-step	切换后永久饱和，p∞=pN+2sqrt(r0)2^-N	derived-checked	rewritten	research/canonical/selection_geometric_sharpness.md#gs-sharp	C138-v1	同一对象、范围和量词已有规范独立证明；本记录不计为新增定理	本单元无新增未闭义务；不关闭其它范围
SS1-C-U084	history/sources/次单调论文研究/分类集研究/RLEB_LT_operator_space_research_asset_v1/RLEB_LT_operator_space_research_asset_v1/06_RELATED_MANUSCRIPT_ASSETS/solution_selection_revised_v1_delivery.zip!/research_note.md	351	355	geometric-overshoot-and-lower	proof-step	pN≤C sqrt(rN)，尾独立给正下界，极限差为第二坐标	derived-checked	rewritten	research/canonical/selection_geometric_sharpness.md#gs-sharp	C138-v1	同一对象、范围和量词已有规范独立证明；本记录不计为新增定理	本单元无新增未闭义务；不关闭其它范围
SS1-C-U085	history/sources/次单调论文研究/分类集研究/RLEB_LT_operator_space_research_asset_v1/RLEB_LT_operator_space_research_asset_v1/06_RELATED_MANUSCRIPT_ASSETS/solution_selection_revised_v1_delivery.zip!/research_note.md	357	357	geometric-no-delete-loglog	sharp-modulus	γ1/2,q1/4匹配β1，不能改统一O(1/log)	derived-checked	rewritten	research/canonical/selection_geometric_sharpness.md#gs-sharp	C138-v1	同一对象、范围和量词已有规范独立证明；本记录不计为新增定理	本单元无新增未闭义务；不关闭其它范围
SS1-C-U086	history/sources/次单调论文研究/分类集研究/RLEB_LT_operator_space_research_asset_v1/RLEB_LT_operator_space_research_asset_v1/06_RELATED_MANUSCRIPT_ASSETS/solution_selection_revised_v1_delivery.zip!/research_note.md	357	357	geometric-no-normalized-limit-claim	scope-boundary	Θ允许离散切换振荡，不主张归一化比值极限	derived-checked	rewritten	research/canonical/selection_geometric_sharpness.md#gs-sharp	C138-v1	同一对象、范围和量词已有规范独立证明；本记录不计为新增定理	本单元无新增未闭义务；不关闭其它范围
SS1-C-U087	history/sources/次单调论文研究/分类集研究/RLEB_LT_operator_space_research_asset_v1/RLEB_LT_operator_space_research_asset_v1/06_RELATED_MANUSCRIPT_ASSETS/solution_selection_revised_v1_delivery.zip!/research_note.md	361	363	parameter-family-complete-T	definition	固定A,B>0、γ,q∈(0,1)的三坐标T	derived-checked	rewritten	research/canonical/selection_parameter_family.md#pf-object	C139-v1	同一对象、范围和量词已有规范独立证明；本记录不计为新增定理	本单元无新增未闭义务；不关闭其它范围
SS1-C-U088	history/sources/次单调论文研究/分类集研究/RLEB_LT_operator_space_research_asset_v1/RLEB_LT_operator_space_research_asset_v1/06_RELATED_MANUSCRIPT_ASSETS/solution_selection_revised_v1_delivery.zip!/research_note.md	365	376	parameter-tangential-inverse	definition	三段标量严格递增满射的逆τa	derived-checked	rewritten	research/canonical/selection_parameter_family.md#pf-object	C139-v1	同一对象、范围和量词已有规范独立证明；本记录不计为新增定理	本单元无新增未闭义务；不关闭其它范围
SS1-C-U089	history/sources/次单调论文研究/分类集研究/RLEB_LT_operator_space_research_asset_v1/RLEB_LT_operator_space_research_asset_v1/06_RELATED_MANUSCRIPT_ASSETS/solution_selection_revised_v1_delivery.zip!/research_note.md	378	381	parameter-complete-F	definition	a=y/q、全部±法向支及τa切向逆定义完整F	derived-checked	rewritten	research/canonical/selection_parameter_family.md#pf-object	C139-v1	同一对象、范围和量词已有规范独立证明；本记录不计为新增定理	本单元无新增未闭义务；不关闭其它范围
SS1-C-U090	history/sources/次单调论文研究/分类集研究/RLEB_LT_operator_space_research_asset_v1/RLEB_LT_operator_space_research_asset_v1/06_RELATED_MANUSCRIPT_ASSETS/solution_selection_revised_v1_delivery.zip!/research_note.md	383	383	parameter-values-closed-and-full-J	graph-property	两值/一值/空、闭图、完整J=T、全部输入支反演	derived-checked	rewritten	research/canonical/selection_parameter_family.md#pf-object	C139-v1	同一对象、范围和量词已有规范独立证明；本记录不计为新增定理	本单元无新增未闭义务；不关闭其它范围
SS1-C-U091	history/sources/次单调论文研究/分类集研究/RLEB_LT_operator_space_research_asset_v1/RLEB_LT_operator_space_research_asset_v1/06_RELATED_MANUSCRIPT_ASSETS/solution_selection_revised_v1_delivery.zip!/research_note.md	383	383	parameter-rational-semialgebraic	graph-property	γ有理即半代数；q,A,B无须有理	derived-checked	rewritten	research/canonical/selection_parameter_family.md#pf-object	C139-v1	同一对象、范围和量词已有规范独立证明；本记录不计为新增定理	本单元无新增未闭义务；不关闭其它范围
SS1-C-U092	history/sources/次单调论文研究/分类集研究/RLEB_LT_operator_space_research_asset_v1/RLEB_LT_operator_space_research_asset_v1/06_RELATED_MANUSCRIPT_ASSETS/solution_selection_revised_v1_delivery.zip!/research_note.md	385	387	parameter-all-pairs-RL	regularity	安全常数2sqrt(A²+B²)+(1+2q)R^(1-γ)	derived-checked	rewritten	research/canonical/selection_parameter_family.md#pf-certificates	C139-v1	同一对象、范围和量词已有规范独立证明；本记录不计为新增定理	本单元无新增未闭义务；不关闭其它范围
SS1-C-U093	history/sources/次单调论文研究/分类集研究/RLEB_LT_operator_space_research_asset_v1/RLEB_LT_operator_space_research_asset_v1/06_RELATED_MANUSCRIPT_ASSETS/solution_selection_revised_v1_delivery.zip!/research_note.md	389	396	parameter-true-residual-and-gauge	residual-bound	较小法向支真实残差，rF≥A(y/q)^γ及ψ=q(t/A)^(1/γ)	derived-checked	rewritten	research/canonical/selection_parameter_family.md#pf-certificates	C139-v1	同一对象、范围和量词已有规范独立证明；本记录不计为新增定理	本单元无新增未闭义务；不关闭其它范围
SS1-C-U094	history/sources/次单调论文研究/分类集研究/RLEB_LT_operator_space_research_asset_v1/RLEB_LT_operator_space_research_asset_v1/06_RELATED_MANUSCRIPT_ASSETS/solution_selection_revised_v1_delivery.zip!/research_note.md	398	400	parameter-limit-compatibility	regularity	κ*=q(1+(B/A)²)^(1/(2γ))	derived-checked	rewritten	research/canonical/selection_parameter_family.md#pf-certificates	C139-v1	同一对象、范围和量词已有规范独立证明；本记录不计为新增定理	本单元无新增未闭义务；不关闭其它范围
SS1-C-U095	history/sources/次单调论文研究/分类集研究/RLEB_LT_operator_space_research_asset_v1/RLEB_LT_operator_space_research_asset_v1/06_RELATED_MANUSCRIPT_ASSETS/solution_selection_revised_v1_delivery.zip!/research_note.md	402	404	parameter-ratio-choice	hypothesis	0<B/A<sqrt(q^(-2γ)-1)使κ*<1	derived-checked	rewritten	research/canonical/selection_parameter_family.md#pf-certificates	C139-v1	同一对象、范围和量词已有规范独立证明；本记录不计为新增定理	本单元无新增未闭义务；不关闭其它范围
SS1-C-U096	history/sources/次单调论文研究/分类集研究/RLEB_LT_operator_space_research_asset_v1/RLEB_LT_operator_space_research_asset_v1/06_RELATED_MANUSCRIPT_ASSETS/solution_selection_revised_v1_delivery.zip!/research_note.md	406	412	parameter-finite-fixed-radius	hypothesis	显式κR安全界及先固定的严格小半径	derived-checked	rewritten	research/canonical/selection_parameter_family.md#pf-certificates	C139-v1	同一对象、范围和量词已有规范独立证明；本记录不计为新增定理	本单元无新增未闭义务；不关闭其它范围
SS1-C-U097	history/sources/次单调论文研究/分类集研究/RLEB_LT_operator_space_research_asset_v1/RLEB_LT_operator_space_research_asset_v1/06_RELATED_MANUSCRIPT_ASSETS/solution_selection_revised_v1_delivery.zip!/research_note.md	414	414	parameter-fixed-order-and-category	scope-boundary	先固定模型与R再ε趋0；B>0则κ*>q，非固定κ=q类别锐性	derived-checked	rewritten	research/canonical/selection_parameter_family.md#pf-certificates	C139-v1	同一对象、范围和量词已有规范独立证明；本记录不计为新增定理	本单元无新增未闭义务；不关闭其它范围
SS1-C-U098	history/sources/次单调论文研究/分类集研究/RLEB_LT_operator_space_research_asset_v1/RLEB_LT_operator_space_research_asset_v1/06_RELATED_MANUSCRIPT_ASSETS/solution_selection_revised_v1_delivery.zip!/research_note.md	416	426	parameter-prefix-log-uniform	proof-step	logp下一步=γlogp+有界项，C0/(1-γ)界统一含N	derived-checked	rewritten	research/canonical/selection_parameter_family.md#pf-sharp	C139-v1	同一对象、范围和量词已有规范独立证明；本记录不计为新增定理	本单元无新增未闭义务；不关闭其它范围
SS1-C-U099	history/sources/次单调论文研究/分类集研究/RLEB_LT_operator_space_research_asset_v1/RLEB_LT_operator_space_research_asset_v1/06_RELATED_MANUSCRIPT_ASSETS/solution_selection_revised_v1_delivery.zip!/research_note.md	428	435	parameter-switch-estimate	proof-step	N,N−1两侧给tγ^N=Θ(N)，含loglog的首次切换时刻	derived-checked	rewritten	research/canonical/selection_parameter_family.md#pf-sharp	C139-v1	同一对象、范围和量词已有规范独立证明；本记录不计为新增定理	本单元无新增未闭义务；不关闭其它范围
SS1-C-U100	history/sources/次单调论文研究/分类集研究/RLEB_LT_operator_space_research_asset_v1/RLEB_LT_operator_space_research_asset_v1/06_RELATED_MANUSCRIPT_ASSETS/solution_selection_revised_v1_delivery.zip!/research_note.md	437	445	parameter-saturated-tail-and-overshoot	proof-step	p∞=pN+B rN^γ/(1-q^γ)，pN=O(rN^γ)，得β量级	derived-checked	rewritten	research/canonical/selection_parameter_family.md#pf-sharp	C139-v1	同一对象、范围和量词已有规范独立证明；本记录不计为新增定理	本单元无新增未闭义务；不关闭其它范围
SS1-C-U101	history/sources/次单调论文研究/分类集研究/RLEB_LT_operator_space_research_asset_v1/RLEB_LT_operator_space_research_asset_v1/06_RELATED_MANUSCRIPT_ASSETS/solution_selection_revised_v1_delivery.zip!/research_note.md	447	447	parameter-optimality-scope	scope-boundary	每个固定实际γ,q量级最优，不预固定全部证书常数	derived-checked	rewritten	research/canonical/selection_parameter_family.md#pf-sharp	C139-v1	同一对象、范围和量词已有规范独立证明；本记录不计为新增定理	本单元无新增未闭义务；不关闭其它范围
SS1-C-U102	history/sources/次单调论文研究/分类集研究/RLEB_LT_operator_space_research_asset_v1/RLEB_LT_operator_space_research_asset_v1/06_RELATED_MANUSCRIPT_ASSETS/solution_selection_revised_v1_delivery.zip!/research_note.md	451	453	quadratic-cap-definition	definition	Dtilde=min(y^1/4,(sqrt(1+4η+)-1)/2)	derived-checked	rewritten	research/canonical/solution_selection_rates.md#ss-quadratic-object	C115-v1	同一对象、范围和量词已有规范独立证明；本记录不计为新增定理	本单元无新增未闭义务；不关闭其它范围
SS1-C-U103	history/sources/次单调论文研究/分类集研究/RLEB_LT_operator_space_research_asset_v1/RLEB_LT_operator_space_research_asset_v1/06_RELATED_MANUSCRIPT_ASSETS/solution_selection_revised_v1_delivery.zip!/research_note.md	455	462	quadratic-complete-F	definition	完整两支(-y^1/4,-Dtilde,±sqrty−y)，负y空	derived-checked	rewritten	research/canonical/solution_selection_rates.md#ss-quadratic-object	C115-v1	同一对象、范围和量词已有规范独立证明；本记录不计为新增定理	本单元无新增未闭义务；不关闭其它范围
SS1-C-U104	history/sources/次单调论文研究/分类集研究/RLEB_LT_operator_space_research_asset_v1/RLEB_LT_operator_space_research_asset_v1/06_RELATED_MANUSCRIPT_ASSETS/solution_selection_revised_v1_delivery.zip!/research_note.md	466	468	quadratic-full-J	inverse-fiber	全部输入完整T=(z+sqrt|r|,p+sqrtmin(p+,|r|),r²)	derived-checked	rewritten	research/canonical/solution_selection_rates.md#ss-quadratic-object	C115-v1	同一对象、范围和量词已有规范独立证明；本记录不计为新增定理	本单元无新增未闭义务；不关闭其它范围
SS1-C-U105	history/sources/次单调论文研究/分类集研究/RLEB_LT_operator_space_research_asset_v1/RLEB_LT_operator_space_research_asset_v1/06_RELATED_MANUSCRIPT_ASSETS/solution_selection_revised_v1_delivery.zip!/research_note.md	470	472	quadratic-all-pairs-collar	regularity	先固定R0<1及有限D，collar全部输入对的半阶RL安全常数	derived-checked	rewritten	research/canonical/solution_selection_rates.md#ss-quadratic-certificate	C115-v1	同一对象、范围和量词已有规范独立证明；本记录不计为新增定理	本单元无新增未闭义务；不关闭其它范围
SS1-C-U106	history/sources/次单调论文研究/分类集研究/RLEB_LT_operator_space_research_asset_v1/RLEB_LT_operator_space_research_asset_v1/06_RELATED_MANUSCRIPT_ASSETS/solution_selection_revised_v1_delivery.zip!/research_note.md	474	476	quadratic-true-output-EB	residual-bound	完整残差给d(u,S)≤rF(u)^4	derived-checked	rewritten	research/canonical/solution_selection_rates.md#ss-quadratic-certificate	C115-v1	同一对象、范围和量词已有规范独立证明；本记录不计为新增定理	本单元无新增未闭义务；不关闭其它范围
SS1-C-U107	history/sources/次单调论文研究/分类集研究/RLEB_LT_operator_space_research_asset_v1/RLEB_LT_operator_space_research_asset_v1/06_RELATED_MANUSCRIPT_ASSETS/solution_selection_revised_v1_delivery.zip!/research_note.md	478	480	quadratic-point-Q2-order	path-dynamics	每个0<|r0|<1轨道充分大k的点误差双边Q二次量级	derived-checked	rewritten	research/canonical/solution_selection_rates.md#ss-quadratic-tail	C115-v1	同一对象、范围和量词已有规范独立证明；本记录不计为新增定理	本单元无新增未闭义务；不关闭其它范围
SS1-C-U108	history/sources/次单调论文研究/分类集研究/RLEB_LT_operator_space_research_asset_v1/RLEB_LT_operator_space_research_asset_v1/06_RELATED_MANUSCRIPT_ASSETS/solution_selection_revised_v1_delivery.zip!/research_note.md	482	486	quadratic-paired-selection-bound	sharp-modulus	固定正r0的初值对给根对数指数双边模	derived-checked	rewritten	research/canonical/solution_selection_rates.md#ss-quadratic-selection	C116-v1	同一对象、范围和量词已有规范独立证明；本记录不计为新增定理	本单元无新增未闭义务；不关闭其它范围
SS1-C-U109	history/sources/次单调论文研究/分类集研究/RLEB_LT_operator_space_research_asset_v1/RLEB_LT_operator_space_research_asset_v1/06_RELATED_MANUSCRIPT_ASSETS/solution_selection_revised_v1_delivery.zip!/research_note.md	488	488	quadratic-domain-and-zero-endpoint	endpoint	完整J全域不代表全域收敛；只用|r0|<1，r0=0驻定不用0/0	derived-checked	rewritten	research/canonical/solution_selection_rates.md#ss-quadratic-tail	C115-v1	同一对象、范围和量词已有规范独立证明；本记录不计为新增定理	本单元无新增未闭义务；不关闭其它范围
SS1-C-U110	history/sources/次单调论文研究/分类集研究/RLEB_LT_operator_space_research_asset_v1/RLEB_LT_operator_space_research_asset_v1/06_RELATED_MANUSCRIPT_ASSETS/solution_selection_revised_v1_delivery.zip!/research_note.md	492	492	quadratic-all-fiber-inverse-proof	proof-step	r=±sqrty、第二坐标三段逆恢复全部图点	derived-checked	rewritten	research/canonical/solution_selection_rates.md#ss-quadratic-object	C115-v1	同一对象、范围和量词已有规范独立证明；本记录不计为新增定理	本单元无新增未闭义务；不关闭其它范围
SS1-C-U111	history/sources/次单调论文研究/分类集研究/RLEB_LT_operator_space_research_asset_v1/RLEB_LT_operator_space_research_asset_v1/06_RELATED_MANUSCRIPT_ASSETS/solution_selection_revised_v1_delivery.zip!/research_note.md	494	497	quadratic-cross-sign-RL-proof	proof-step	2r²−r在collar Lipschitz≤1+4R0，含全部异号对	derived-checked	rewritten	research/canonical/solution_selection_rates.md#ss-quadratic-certificate	C115-v1	同一对象、范围和量词已有规范独立证明；本记录不计为新增定理	本单元无新增未闭义务；不关闭其它范围
SS1-C-U112	history/sources/次单调论文研究/分类集研究/RLEB_LT_operator_space_research_asset_v1/RLEB_LT_operator_space_research_asset_v1/06_RELATED_MANUSCRIPT_ASSETS/solution_selection_revised_v1_delivery.zip!/research_note.md	499	504	quadratic-minimum-residual-proof	proof-step	比较两支范数取(√y−y)²支，rF≥y^1/4	derived-checked	rewritten	research/canonical/solution_selection_rates.md#ss-quadratic-certificate	C115-v1	同一对象、范围和量词已有规范独立证明；本记录不计为新增定理	本单元无新增未闭义务；不关闭其它范围
SS1-C-U113	history/sources/次单调论文研究/分类集研究/RLEB_LT_operator_space_research_asset_v1/RLEB_LT_operator_space_research_asset_v1/06_RELATED_MANUSCRIPT_ASSETS/solution_selection_revised_v1_delivery.zip!/research_note.md	504	506	quadratic-direct-map-order	regularity	ψ=t^4给(d+L√d)^4/16=O(d²)，尚不自动统一兼容	derived-checked	rewritten	research/canonical/solution_selection_rates.md#ss-quadratic-certificate	C115-v1	同一对象、范围和量词已有规范独立证明；本记录不计为新增定理	本单元无新增未闭义务；不关闭其它范围
SS1-C-U114	history/sources/次单调论文研究/分类集研究/RLEB_LT_operator_space_research_asset_v1/RLEB_LT_operator_space_research_asset_v1/06_RELATED_MANUSCRIPT_ASSETS/solution_selection_revised_v1_delivery.zip!/research_note.md	508	512	quadratic-whole-output-block	hypothesis	输出图块0≤y≤R0²，完整输入像collar前向不变，UR纤维全含	derived-checked	rewritten	research/canonical/solution_selection_rates.md#ss-quadratic-certificate	C115-v1	同一对象、范围和量词已有规范独立证明；本记录不计为新增定理	本单元无新增未闭义务；不关闭其它范围
SS1-C-U115	history/sources/次单调论文研究/分类集研究/RLEB_LT_operator_space_research_asset_v1/RLEB_LT_operator_space_research_asset_v1/06_RELATED_MANUSCRIPT_ASSETS/solution_selection_revised_v1_delivery.zip!/research_note.md	512	517	quadratic-fixed-uniform-certificate	proof-step	D=R先取小固定R使compat商<1，再选gauge域，全部量词同时成立	derived-checked	rewritten	research/canonical/solution_selection_rates.md#ss-quadratic-certificate	C115-v1	同一对象、范围和量词已有规范独立证明；本记录不计为新增定理	本单元无新增未闭义务；不关闭其它范围
SS1-C-U116	history/sources/次单调论文研究/分类集研究/RLEB_LT_operator_space_research_asset_v1/RLEB_LT_operator_space_research_asset_v1/06_RELATED_MANUSCRIPT_ASSETS/solution_selection_revised_v1_delivery.zip!/research_note.md	519	524	quadratic-point-tail-equivalence	proof-step	rk=a0^(2^k)，切向尾≥√rk且级数统一上界，ek≈√rk	derived-checked	rewritten	research/canonical/solution_selection_rates.md#ss-quadratic-tail	C115-v1	同一对象、范围和量词已有规范独立证明；本记录不计为新增定理	本单元无新增未闭义务；不关闭其它范围
SS1-C-U117	history/sources/次单调论文研究/分类集研究/RLEB_LT_operator_space_research_asset_v1/RLEB_LT_operator_space_research_asset_v1/06_RELATED_MANUSCRIPT_ASSETS/solution_selection_revised_v1_delivery.zip!/research_note.md	526	529	quadratic-series-remainder	proof-step	S(b)=sum b^(2^j)，余项≤b²/(1−b)	derived-checked	rewritten	research/canonical/solution_selection_rates.md#ss-quadratic-tail	C115-v1	同一对象、范围和量词已有规范独立证明；本记录不计为新增定理	本单元无新增未闭义务；不关闭其它范围
SS1-C-U118	history/sources/次单调论文研究/分类集研究/RLEB_LT_operator_space_research_asset_v1/RLEB_LT_operator_space_research_asset_v1/06_RELATED_MANUSCRIPT_ASSETS/solution_selection_revised_v1_delivery.zip!/research_note.md	531	534	quadratic-one-two-tangents	path-dynamics	p0≤0一切向尾，p0>0最终两切向尾；ek²=mS(bk)²+bk^4	derived-checked	rewritten	research/canonical/solution_selection_rates.md#ss-quadratic-tail	C115-v1	同一对象、范围和量词已有规范独立证明；本记录不计为新增定理	本单元无新增未闭义务；不关闭其它范围
SS1-C-U119	history/sources/次单调论文研究/分类集研究/RLEB_LT_operator_space_research_asset_v1/RLEB_LT_operator_space_research_asset_v1/06_RELATED_MANUSCRIPT_ASSETS/solution_selection_revised_v1_delivery.zip!/research_note.md	536	539	quadratic-exact-Q2-ratio	sharp-modulus	逐轨道ek+1/ek²→1或1/√2，非只法向距离比	derived-checked	rewritten	research/canonical/solution_selection_rates.md#ss-quadratic-tail	C115-v1	同一对象、范围和量词已有规范独立证明；本记录不计为新增定理	本单元无新增未闭义务；不关闭其它范围
SS1-C-U120	history/sources/次单调论文研究/分类集研究/RLEB_LT_operator_space_research_asset_v1/RLEB_LT_operator_space_research_asset_v1/06_RELATED_MANUSCRIPT_ASSETS/solution_selection_revised_v1_delivery.zip!/research_note.md	541	541	quadratic-orbit-vs-common-tail	scope-boundary	饱和起点依赖初值；共同超几何尾直接来自统一级数，不依赖严格兼容	derived-checked	rewritten	research/canonical/solution_selection_rates.md#ss-quadratic-tail	C115-v1	同一对象、范围和量词已有规范独立证明；本记录不计为新增定理	本单元无新增未闭义务；不关闭其它范围
SS1-C-U121	history/sources/次单调论文研究/分类集研究/RLEB_LT_operator_space_research_asset_v1/RLEB_LT_operator_space_research_asset_v1/06_RELATED_MANUSCRIPT_ASSETS/solution_selection_revised_v1_delivery.zip!/research_note.md	543	549	quadratic-switch-log-prefix	proof-step	未饱和logpk=−2^-kt+O(1)，两側给N=logt/log4+O(1)	derived-checked	rewritten	research/canonical/solution_selection_rates.md#ss-quadratic-selection	C116-v1	同一对象、范围和量词已有规范独立证明；本记录不计为新增定理	本单元无新增未闭义务；不关闭其它范围
SS1-C-U122	history/sources/次单调论文研究/分类集研究/RLEB_LT_operator_space_research_asset_v1/RLEB_LT_operator_space_research_asset_v1/06_RELATED_MANUSCRIPT_ASSETS/solution_selection_revised_v1_delivery.zip!/research_note.md	551	555	quadratic-overshoot-and-tail-separate	proof-step	pN及饱和尾分别控制exp[-Θ√t]，不能套几何overshoot界	derived-checked	rewritten	research/canonical/solution_selection_rates.md#ss-quadratic-selection	C116-v1	同一对象、范围和量词已有规范独立证明；本记录不计为新增定理	本单元无新增未闭义务；不关闭其它范围
SS1-C-U123	history/sources/次单调论文研究/分类集研究/RLEB_LT_operator_space_research_asset_v1/RLEB_LT_operator_space_research_asset_v1/06_RELATED_MANUSCRIPT_ASSETS/solution_selection_revised_v1_delivery.zip!/research_note.md	559	561	superlinear-complete-F-and-EB	definition	法向|r|^ν、a=y^(1/ν)完整±分支，d≤(rF/A)^(ν/γ)	derived-checked	rewritten	research/canonical/selection_superlinear_family.md#sf-object	C141-v1	同一对象、范围和量词已有规范独立证明；本记录不计为新增定理	本单元无新增未闭义务；不关闭其它范围
SS1-C-U124	history/sources/次单调论文研究/分类集研究/RLEB_LT_operator_space_research_asset_v1/RLEB_LT_operator_space_research_asset_v1/06_RELATED_MANUSCRIPT_ASSETS/solution_selection_revised_v1_delivery.zip!/research_note.md	563	563	superlinear-all-pairs-RL	regularity	固定R0,D的γ-RL安全常数含1+2νR0^(ν−1)	derived-checked	rewritten	research/canonical/selection_superlinear_family.md#sf-certificates	C141-v1	同一对象、范围和量词已有规范独立证明；本记录不计为新增定理	本单元无新增未闭义务；不关闭其它范围
SS1-C-U125	history/sources/次单调论文研究/分类集研究/RLEB_LT_operator_space_research_asset_v1/RLEB_LT_operator_space_research_asset_v1/06_RELATED_MANUSCRIPT_ASSETS/solution_selection_revised_v1_delivery.zip!/research_note.md	563	563	superlinear-fixed-collar-and-compat	hypothesis	输出块y≤R0^ν的输入像完整collar，compat商O(d^(ν−1))先定小半径	derived-checked	rewritten	research/canonical/selection_superlinear_family.md#sf-certificates	C141-v1	同一对象、范围和量词已有规范独立证明；本记录不计为新增定理	本单元无新增未闭义务；不关闭其它范围
SS1-C-U126	history/sources/次单调论文研究/分类集研究/RLEB_LT_operator_space_research_asset_v1/RLEB_LT_operator_space_research_asset_v1/06_RELATED_MANUSCRIPT_ASSETS/solution_selection_revised_v1_delivery.zip!/research_note.md	563	563	superlinear-point-Qnu	path-dynamics	全部0<|r0|<1轨道ek≈rk^γ给确切Qν量级	derived-checked	rewritten	research/canonical/selection_superlinear_family.md#sf-tail	C141-v1	同一对象、范围和量词已有规范独立证明；本记录不计为新增定理	本单元无新增未闭义务；不关闭其它范围
SS1-C-U127	history/sources/次单调论文研究/分类集研究/RLEB_LT_operator_space_research_asset_v1/RLEB_LT_operator_space_research_asset_v1/06_RELATED_MANUSCRIPT_ASSETS/solution_selection_revised_v1_delivery.zip!/research_note.md	565	568	superlinear-switch-two-sides	proof-step	tγ^N≈ν^N，N=logt/log(ν/γ)+O(1)	derived-checked	rewritten	research/canonical/selection_superlinear_family.md#sf-sharp	C141-v1	同一对象、范围和量词已有规范独立证明；本记录不计为新增定理	本单元无新增未闭义务；不关闭其它范围
SS1-C-U128	history/sources/次单调论文研究/分类集研究/RLEB_LT_operator_space_research_asset_v1/RLEB_LT_operator_space_research_asset_v1/06_RELATED_MANUSCRIPT_ASSETS/solution_selection_revised_v1_delivery.zip!/research_note.md	570	570	superlinear-overshoot	proof-step	含N的未饱和递推独立控制pN=exp[-Θ(t^α)]	derived-checked	rewritten	research/canonical/selection_superlinear_family.md#sf-sharp	C141-v1	同一对象、范围和量词已有规范独立证明；本记录不计为新增定理	本单元无新增未闭义务；不关闭其它范围
SS1-C-U129	history/sources/次单调论文研究/分类集研究/RLEB_LT_operator_space_research_asset_v1/RLEB_LT_operator_space_research_asset_v1/06_RELATED_MANUSCRIPT_ASSETS/solution_selection_revised_v1_delivery.zip!/research_note.md	570	574	superlinear-saturated-tail	proof-step	固定r0正，饱和尾几何安全包络及正下界，独立于overshoot	derived-checked	rewritten	research/canonical/selection_superlinear_family.md#sf-sharp	C141-v1	同一对象、范围和量词已有规范独立证明；本记录不计为新增定理	本单元无新增未闭义务；不关闭其它范围
SS1-C-U130	history/sources/次单调论文研究/分类集研究/RLEB_LT_operator_space_research_asset_v1/RLEB_LT_operator_space_research_asset_v1/06_RELATED_MANUSCRIPT_ASSETS/solution_selection_revised_v1_delivery.zip!/research_note.md	576	579	superlinear-matching-selection	sharp-modulus	两项相加得p∞=exp[-Θ(t^α)]，α=logν/log(ν/γ)	derived-checked	rewritten	research/canonical/selection_superlinear_family.md#sf-sharp	C141-v1	同一对象、范围和量词已有规范独立证明；本记录不计为新增定理	本单元无新增未闭义务；不关闭其它范围
SS1-C-U131	history/sources/次单调论文研究/分类集研究/RLEB_LT_operator_space_research_asset_v1/RLEB_LT_operator_space_research_asset_v1/06_RELATED_MANUSCRIPT_ASSETS/solution_selection_revised_v1_delivery.zip!/research_note.md	581	581	superlinear-optimality-boundary	scope-boundary	α′>α不能统一替代，不主张指数前常数最优	derived-checked	rewritten	research/canonical/selection_superlinear_family.md#sf-sharp	C141-v1	同一对象、范围和量词已有规范独立证明；本记录不计为新增定理	本单元无新增未闭义务；不关闭其它范围
SS1-C-U132	history/sources/次单调论文研究/分类集研究/RLEB_LT_operator_space_research_asset_v1/RLEB_LT_operator_space_research_asset_v1/06_RELATED_MANUSCRIPT_ASSETS/solution_selection_revised_v1_delivery.zip!/research_note.md	581	581	superlinear-rational-semi	graph-property	γ,ν有理时完整族半代数	derived-checked	rewritten	research/canonical/selection_superlinear_family.md#sf-object	C141-v1	同一对象、范围和量词已有规范独立证明；本记录不计为新增定理	本单元无新增未闭义务；不关闭其它范围
SS1-C-U133	history/sources/次单调论文研究/分类集研究/RLEB_LT_operator_space_research_asset_v1/RLEB_LT_operator_space_research_asset_v1/06_RELATED_MANUSCRIPT_ASSETS/solution_selection_revised_v1_delivery.zip!/research_note.md	587	587	finite-iterates-semialgebraic	graph-property	几何及Q2的F,T和每个有限T^k半代数	derived-checked	rewritten	research/canonical/solution_selection_rates.md#ss-quadratic-nonsemialgebraic	C116-v1	同一对象、范围和量词已有规范独立证明；本记录不计为新增定理	本单元无新增未闭义务；不关闭其它范围
SS1-C-U134	history/sources/次单调论文研究/分类集研究/RLEB_LT_operator_space_research_asset_v1/RLEB_LT_operator_space_research_asset_v1/06_RELATED_MANUSCRIPT_ASSETS/solution_selection_revised_v1_delivery.zip!/research_note.md	587	587	limit-nonsemialgebraic	graph-property	上述极限在原点任意完整邻域都非半代数	derived-checked	rewritten	research/canonical/solution_selection_rates.md#ss-quadratic-nonsemialgebraic	C116-v1	同一对象、范围和量词已有规范独立证明；本记录不计为新增定理	本单元无新增未闭义务；不关闭其它范围
SS1-C-U135	history/sources/次单调论文研究/分类集研究/RLEB_LT_operator_space_research_asset_v1/RLEB_LT_operator_space_research_asset_v1/06_RELATED_MANUSCRIPT_ASSETS/solution_selection_revised_v1_delivery.zip!/research_note.md	589	594	correct-scalar-slice	definition	固定小r0正，取第二坐标标量fε=极限差，不能把整个向量当趋零标量	derived-checked	rewritten	research/canonical/solution_selection_rates.md#ss-quadratic-nonsemialgebraic	C116-v1	同一对象、范围和量词已有规范独立证明；本记录不计为新增定理	本单元无新增未闭义务；不关闭其它范围
SS1-C-U136	history/sources/次单调论文研究/分类集研究/RLEB_LT_operator_space_research_asset_v1/RLEB_LT_operator_space_research_asset_v1/06_RELATED_MANUSCRIPT_ASSETS/solution_selection_revised_v1_delivery.zip!/research_note.md	594	599	slice-continuity-positive-and-zero	proof-step	共同尾与ε无关给连续f，f0=0，正ε有f>0，直线限制保半代数	derived-checked	rewritten	research/canonical/solution_selection_rates.md#ss-quadratic-nonsemialgebraic	C116-v1	同一对象、范围和量词已有规范独立证明；本记录不计为新增定理	本单元无新增未闭义务；不关闭其它范围
SS1-C-U137	history/sources/次单调论文研究/分类集研究/RLEB_LT_operator_space_research_asset_v1/RLEB_LT_operator_space_research_asset_v1/06_RELATED_MANUSCRIPT_ASSETS/solution_selection_revised_v1_delivery.zip!/research_note.md	599	602	LP22-growth-lemma-import	literature-fact	LP22 Lemma2.2给非零半代数标量主项，结合正性及趋零得c>0,a>0	primary-checked	rewritten	research/canonical/selection_primary_interfaces.md		v2 Lemma2.2一手p.7已核；非零半代数的一般主项，结合本切片正性/趋零才取正系数与正指数	刊本数学跨号未核；现行直接多项式反证不依赖该引理
SS1-C-U138	history/sources/次单调论文研究/分类集研究/RLEB_LT_operator_space_research_asset_v1/RLEB_LT_operator_space_research_asset_v1/06_RELATED_MANUSCRIPT_ASSETS/solution_selection_revised_v1_delivery.zip!/research_note.md	604	604	source-growth-proof-route	proof-step	假定正幂主项与慢于每个正幂的下界矛盾	derived-checked	superseded	research/canonical/solution_selection_rates.md#ss-quadratic-nonsemialgebraic	C116-v1	现行规范用直接有限多项式反证，替代来源的外部增长引理证明路线；结论同一	本单元无新增未闭义务；不关闭其它范围
SS1-C-U139	history/sources/次单调论文研究/分类集研究/RLEB_LT_operator_space_research_asset_v1/RLEB_LT_operator_space_research_asset_v1/06_RELATED_MANUSCRIPT_ASSETS/solution_selection_revised_v1_delivery.zip!/research_note.md	604	604	nonsemi-not-all-ominimal	scope-boundary	只排除半代数，不声称所有o-minimal结构都不可定义	derived-checked	rewritten	research/canonical/solution_selection_rates.md#ss-quadratic-nonsemialgebraic	C116-v1	同一对象、范围和量词已有规范独立证明；本记录不计为新增定理	本单元无新增未闭义务；不关闭其它范围
SS1-C-U140	history/sources/次单调论文研究/分类集研究/RLEB_LT_operator_space_research_asset_v1/RLEB_LT_operator_space_research_asset_v1/06_RELATED_MANUSCRIPT_ASSETS/solution_selection_revised_v1_delivery.zip!/research_note.md	606	606	finite-vs-infinite-closure	scope-boundary	有限步半代数不授予无穷迭代极限半代数	derived-checked	rewritten	research/canonical/solution_selection_rates.md#ss-quadratic-nonsemialgebraic	C116-v1	同一对象、范围和量词已有规范独立证明；本记录不计为新增定理	本单元无新增未闭义务；不关闭其它范围
SS1-C-U141	history/sources/次单调论文研究/分类集研究/RLEB_LT_operator_space_research_asset_v1/RLEB_LT_operator_space_research_asset_v1/06_RELATED_MANUSCRIPT_ASSETS/solution_selection_revised_v1_delivery.zip!/research_note.md	610	610	gronwall-priority-boundary	scope-boundary	标准离散Gronwall用于识别缺少的结构，不以技巧主张创新	derived-checked	rewritten	research/canonical/selection_tangential_condition.md#tc-triangle	C140-v1	同一对象、范围和量词已有规范独立证明；本记录不计为新增定理	本单元无新增未闭义务；不关闭其它范围
SS1-C-U142	history/sources/次单调论文研究/分类集研究/RLEB_LT_operator_space_research_asset_v1/RLEB_LT_operator_space_research_asset_v1/06_RELATED_MANUSCRIPT_ASSETS/solution_selection_revised_v1_delivery.zip!/research_note.md	612	615	triangular-model	definition	T(a,r)=(a+B(a,r),qr)，全切向域及法向[0,R]	derived-checked	rewritten	research/canonical/selection_tangential_condition.md#tc-triangle	C140-v1	同一对象、范围和量词已有规范独立证明；本记录不计为新增定理	本单元无新增未闭义务；不关闭其它范围
SS1-C-U143	history/sources/次单调论文研究/分类集研究/RLEB_LT_operator_space_research_asset_v1/RLEB_LT_operator_space_research_asset_v1/06_RELATED_MANUSCRIPT_ASSETS/solution_selection_revised_v1_delivery.zip!/research_note.md	617	619	summable-tangential-Lipschitz	hypothesis	B(a,0)=0且同r切向差≤Cr^η|a−b|，所有全域点量词	derived-checked	rewritten	research/canonical/selection_tangential_condition.md#tc-triangle	C140-v1	同一对象、范围和量词已有规范独立证明；本记录不计为新增定理	本单元无新增未闭义务；不关闭其它范围
SS1-C-U144	history/sources/次单调论文研究/分类集研究/RLEB_LT_operator_space_research_asset_v1/RLEB_LT_operator_space_research_asset_v1/06_RELATED_MANUSCRIPT_ASSETS/solution_selection_revised_v1_delivery.zip!/research_note.md	617	621	normal-holder-increment	hypothesis	同a法向增量差≤H|r−s|^γ，统一H及0<γ≤1	derived-checked	rewritten	research/canonical/selection_tangential_condition.md#tc-triangle	C140-v1	同一对象、范围和量词已有规范独立证明；本记录不计为新增定理	本单元无新增未闭义务；不关闭其它范围
SS1-C-U145	history/sources/次单调论文研究/分类集研究/RLEB_LT_operator_space_research_asset_v1/RLEB_LT_operator_space_research_asset_v1/06_RELATED_MANUSCRIPT_ASSETS/solution_selection_revised_v1_delivery.zip!/research_note.md	623	627	triangular-finite-length-and-selection	theorem	有限长与极限切向两初值模的显式Gronwall常数	derived-checked	rewritten	research/canonical/selection_tangential_condition.md#tc-triangle	C140-v1	同一对象、范围和量词已有规范独立证明；本记录不计为新增定理	本单元无新增未闭义务；不关闭其它范围
SS1-C-U146	history/sources/次单调论文研究/分类集研究/RLEB_LT_operator_space_research_asset_v1/RLEB_LT_operator_space_research_asset_v1/06_RELATED_MANUSCRIPT_ASSETS/solution_selection_revised_v1_delivery.zip!/research_note.md	629	631	triangular-difference-recurrence	proof-step	单轨道步≤Hr^γ，两轨道uk递推含可求和Cr^η	derived-checked	rewritten	research/canonical/selection_tangential_condition.md#tc-proof	C140-v1	同一对象、范围和量词已有规范独立证明；本记录不计为新增定理	本单元无新增未闭义务；不关闭其它范围
SS1-C-U147	history/sources/次单调论文研究/分类集研究/RLEB_LT_operator_space_research_asset_v1/RLEB_LT_operator_space_research_asset_v1/06_RELATED_MANUSCRIPT_ASSETS/solution_selection_revised_v1_delivery.zip!/research_note.md	633	638	triangular-product-bound	proof-step	乘积≤exp(CR^η/(1−q^η))及几何尾给选择模	derived-checked	rewritten	research/canonical/selection_tangential_condition.md#tc-proof	C140-v1	同一对象、范围和量词已有规范独立证明；本记录不计为新增定理	本单元无新增未闭义务；不关闭其它范围
SS1-C-U148	history/sources/次单调论文研究/分类集研究/RLEB_LT_operator_space_research_asset_v1/RLEB_LT_operator_space_research_asset_v1/06_RELATED_MANUSCRIPT_ASSETS/solution_selection_revised_v1_delivery.zip!/research_note.md	638	638	triangular-cusp-excluded	scope-boundary	p→sqrt(p+)不满足切向Lipschitz门	derived-checked	rewritten	research/canonical/selection_tangential_condition.md#tc-boundary	C140-v1	同一对象、范围和量词已有规范独立证明；本记录不计为新增定理	本单元无新增未闭义务；不关闭其它范围
SS1-C-U149	history/sources/次单调论文研究/分类集研究/RLEB_LT_operator_space_research_asset_v1/RLEB_LT_operator_space_research_asset_v1/06_RELATED_MANUSCRIPT_ASSETS/solution_selection_revised_v1_delivery.zip!/research_note.md	640	640	triangular-domain-completeness	scope-boundary	只给子域需另证全部轨道留域；当前全切向版本无需此门	derived-checked	rewritten	research/canonical/selection_tangential_condition.md#tc-boundary	C140-v1	同一对象、范围和量词已有规范独立证明；本记录不计为新增定理	本单元无新增未闭义务；不关闭其它范围
SS1-C-U150	history/sources/次单调论文研究/分类集研究/RLEB_LT_operator_space_research_asset_v1/RLEB_LT_operator_space_research_asset_v1/06_RELATED_MANUSCRIPT_ASSETS/solution_selection_revised_v1_delivery.zip!/research_note.md	640	640	triangular-no-necessity-or-generalization	scope-boundary	仅充分三角条件，非必要，未认证耦合法向/曲面/全部signed-Schur	derived-checked	rewritten	research/canonical/selection_tangential_condition.md#tc-boundary	C140-v1	同一对象、范围和量词已有规范独立证明；本记录不计为新增定理	本单元无新增未闭义务；不关闭其它范围
SS1-C-U151	history/sources/次单调论文研究/分类集研究/RLEB_LT_operator_space_research_asset_v1/RLEB_LT_operator_space_research_asset_v1/06_RELATED_MANUSCRIPT_ASSETS/solution_selection_revised_v1_delivery.zip!/research_note.md	640	640	natural-inverse-degeneration	regularity	dp/dη=1−1/sqrt(1+4η)趋0，不能提供统一正下界	derived-checked	rewritten	research/canonical/selection_tangential_condition.md#tc-boundary	C140-v1	同一对象、范围和量词已有规范独立证明；本记录不计为新增定理	本单元无新增未闭义务；不关闭其它范围
SS1-C-U152	history/sources/次单调论文研究/分类集研究/RLEB_LT_operator_space_research_asset_v1/RLEB_LT_operator_space_research_asset_v1/06_RELATED_MANUSCRIPT_ASSETS/solution_selection_revised_v1_delivery.zip!/research_note.md	640	640	no-all-reparam-exclusion	scope-boundary	不调用附录强假设，也不排除一切重新参数化	derived-checked	rewritten	research/canonical/selection_tangential_condition.md#tc-boundary	C140-v1	同一对象、范围和量词已有规范独立证明；本记录不计为新增定理	本单元无新增未闭义务；不关闭其它范围
SS1-C-U153	history/sources/次单调论文研究/分类集研究/RLEB_LT_operator_space_research_asset_v1/RLEB_LT_operator_space_research_asset_v1/06_RELATED_MANUSCRIPT_ASSETS/solution_selection_revised_v1_delivery.zip!/research_note.md	730	730	numerical-source-test-report	source-audit	原稿自报每模型100000对、固定种子及各抽样项	source-report	deferred	research/audit/SS1_NUMERICAL_PROVENANCE.md		原件的精确报告已枚举；不把既往审计或执行标签自动升级	旧程序及输出逐字节复跑已核；修订文稿与该程序逐行版本同一性尚未证明
SS1-C-U154	history/sources/次单调论文研究/分类集研究/RLEB_LT_operator_space_research_asset_v1/RLEB_LT_operator_space_research_asset_v1/06_RELATED_MANUSCRIPT_ASSETS/solution_selection_revised_v1_delivery.zip!/research_note.md	730	730	continuous-proof-boundary	scope-boundary	连续域结论由正文证明，不由随机抽样认证	derived-checked	rewritten	research/canonical/solution_selection_rates.md#ss-transfer	C08-v1	同一对象、范围和量词已有规范独立证明；本记录不计为新增定理	本单元无新增未闭义务；不关闭其它范围
SS1-C-U155	history/sources/次单调论文研究/分类集研究/RLEB_LT_operator_space_research_asset_v1/RLEB_LT_operator_space_research_asset_v1/06_RELATED_MANUSCRIPT_ASSETS/solution_selection_revised_v1_delivery.zip!/research_note.md	732	732	numerical-recorded-errors	numerical-observation	原稿最大误差1.91e−17与1.53e−16及未观察违规的执行报告	source-report	deferred	research/audit/SS1_NUMERICAL_PROVENANCE.md		原件的精确报告已枚举；不把既往审计或执行标签自动升级	旧程序及输出逐字节复跑已核；修订文稿与该程序逐行版本同一性尚未证明
SS1-C-U156	history/sources/次单调论文研究/分类集研究/RLEB_LT_operator_space_research_asset_v1/RLEB_LT_operator_space_research_asset_v1/06_RELATED_MANUSCRIPT_ASSETS/solution_selection_revised_v1_delivery.zip!/research_note.md	734	741	numerical-geometric-table	numerical-observation	固定r0=.01、t=1e2/1e4/1e6/1e12四个切换/极限差观察	executed-local	rewritten	research/audit/SS1_NUMERICAL_PROVENANCE.md		既有SS1数值谱系记录定位到源码、输出及复跑；仅有限观察，非连续域数学证书	本单元无新增未闭义务；不关闭其它范围
SS1-C-U157	history/sources/次单调论文研究/分类集研究/RLEB_LT_operator_space_research_asset_v1/RLEB_LT_operator_space_research_asset_v1/06_RELATED_MANUSCRIPT_ASSETS/solution_selection_revised_v1_delivery.zip!/research_note.md	743	743	numerical-log-implementation	source-audit	源码用logp避免e^-1e6下溢，并报告超线性尾界	source-report	deferred	research/audit/SS1_NUMERICAL_PROVENANCE.md		原件的精确报告已枚举；不把既往审计或执行标签自动升级	旧程序及输出逐字节复跑已核；修订文稿与该程序逐行版本同一性尚未证明
SS1-C-U158	history/sources/次单调论文研究/分类集研究/RLEB_LT_operator_space_research_asset_v1/RLEB_LT_operator_space_research_asset_v1/06_RELATED_MANUSCRIPT_ASSETS/solution_selection_revised_v1_delivery.zip!/research_note.md	743	743	numerical-no-interval-certificate	scope-boundary	浮点记录不是区间算术/形式化证书	derived-checked	rewritten	research/audit/SS1_NUMERICAL_PROVENANCE.md		同一对象、范围和量词已有规范独立证明；本记录不计为新增定理	本单元无新增未闭义务；不关闭其它范围
SS1-C-U159	history/sources/次单调论文研究/分类集研究/RLEB_LT_operator_space_research_asset_v1/RLEB_LT_operator_space_research_asset_v1/06_RELATED_MANUSCRIPT_ASSETS/solution_selection_revised_v1_delivery.zip!/research_note.md	1	2	structure-and-empty	structure	本范围标题、证明分隔和空行	source-report	nonmathematical	research/canonical/selection_truncation_prior_tools.md#st-enumeration		组织单元；不含未分配的公式或数学断言	本单元无新增未闭义务；不关闭其它范围
SS1-C-U160	history/sources/次单调论文研究/分类集研究/RLEB_LT_operator_space_research_asset_v1/RLEB_LT_operator_space_research_asset_v1/06_RELATED_MANUSCRIPT_ASSETS/solution_selection_revised_v1_delivery.zip!/research_note.md	4	4	structure-and-empty	structure	本范围标题、证明分隔和空行	source-report	nonmathematical	research/canonical/selection_truncation_prior_tools.md#st-enumeration		组织单元；不含未分配的公式或数学断言	本单元无新增未闭义务；不关闭其它范围
SS1-C-U161	history/sources/次单调论文研究/分类集研究/RLEB_LT_operator_space_research_asset_v1/RLEB_LT_operator_space_research_asset_v1/06_RELATED_MANUSCRIPT_ASSETS/solution_selection_revised_v1_delivery.zip!/research_note.md	6	6	structure-and-empty	structure	本范围标题、证明分隔和空行	source-report	nonmathematical	research/canonical/selection_truncation_prior_tools.md#st-enumeration		组织单元；不含未分配的公式或数学断言	本单元无新增未闭义务；不关闭其它范围
SS1-C-U162	history/sources/次单调论文研究/分类集研究/RLEB_LT_operator_space_research_asset_v1/RLEB_LT_operator_space_research_asset_v1/06_RELATED_MANUSCRIPT_ASSETS/solution_selection_revised_v1_delivery.zip!/research_note.md	8	8	structure-and-empty	structure	本范围标题、证明分隔和空行	source-report	nonmathematical	research/canonical/selection_truncation_prior_tools.md#st-enumeration		组织单元；不含未分配的公式或数学断言	本单元无新增未闭义务；不关闭其它范围
SS1-C-U163	history/sources/次单调论文研究/分类集研究/RLEB_LT_operator_space_research_asset_v1/RLEB_LT_operator_space_research_asset_v1/06_RELATED_MANUSCRIPT_ASSETS/solution_selection_revised_v1_delivery.zip!/research_note.md	10	12	structure-and-empty	structure	本范围标题、证明分隔和空行	source-report	nonmathematical	research/canonical/selection_truncation_prior_tools.md#st-enumeration		组织单元；不含未分配的公式或数学断言	本单元无新增未闭义务；不关闭其它范围
SS1-C-U164	history/sources/次单调论文研究/分类集研究/RLEB_LT_operator_space_research_asset_v1/RLEB_LT_operator_space_research_asset_v1/06_RELATED_MANUSCRIPT_ASSETS/solution_selection_revised_v1_delivery.zip!/research_note.md	17	17	structure-and-empty	structure	本范围标题、证明分隔和空行	source-report	nonmathematical	research/canonical/selection_truncation_prior_tools.md#st-enumeration		组织单元；不含未分配的公式或数学断言	本单元无新增未闭义务；不关闭其它范围
SS1-C-U165	history/sources/次单调论文研究/分类集研究/RLEB_LT_operator_space_research_asset_v1/RLEB_LT_operator_space_research_asset_v1/06_RELATED_MANUSCRIPT_ASSETS/solution_selection_revised_v1_delivery.zip!/research_note.md	19	21	structure-and-empty	structure	本范围标题、证明分隔和空行	source-report	nonmathematical	research/canonical/selection_truncation_prior_tools.md#st-enumeration		组织单元；不含未分配的公式或数学断言	本单元无新增未闭义务；不关闭其它范围
SS1-C-U166	history/sources/次单调论文研究/分类集研究/RLEB_LT_operator_space_research_asset_v1/RLEB_LT_operator_space_research_asset_v1/06_RELATED_MANUSCRIPT_ASSETS/solution_selection_revised_v1_delivery.zip!/research_note.md	30	30	structure-and-empty	structure	本范围标题、证明分隔和空行	source-report	nonmathematical	research/canonical/selection_truncation_prior_tools.md#st-enumeration		组织单元；不含未分配的公式或数学断言	本单元无新增未闭义务；不关闭其它范围
SS1-C-U167	history/sources/次单调论文研究/分类集研究/RLEB_LT_operator_space_research_asset_v1/RLEB_LT_operator_space_research_asset_v1/06_RELATED_MANUSCRIPT_ASSETS/solution_selection_revised_v1_delivery.zip!/research_note.md	32	32	structure-and-empty	structure	本范围标题、证明分隔和空行	source-report	nonmathematical	research/canonical/selection_truncation_prior_tools.md#st-enumeration		组织单元；不含未分配的公式或数学断言	本单元无新增未闭义务；不关闭其它范围
SS1-C-U168	history/sources/次单调论文研究/分类集研究/RLEB_LT_operator_space_research_asset_v1/RLEB_LT_operator_space_research_asset_v1/06_RELATED_MANUSCRIPT_ASSETS/solution_selection_revised_v1_delivery.zip!/research_note.md	34	38	structure-and-empty	structure	本范围标题、证明分隔和空行	source-report	nonmathematical	research/canonical/selection_truncation_prior_tools.md#st-enumeration		组织单元；不含未分配的公式或数学断言	本单元无新增未闭义务；不关闭其它范围
SS1-C-U169	history/sources/次单调论文研究/分类集研究/RLEB_LT_operator_space_research_asset_v1/RLEB_LT_operator_space_research_asset_v1/06_RELATED_MANUSCRIPT_ASSETS/solution_selection_revised_v1_delivery.zip!/research_note.md	43	43	structure-and-empty	structure	本范围标题、证明分隔和空行	source-report	nonmathematical	research/canonical/selection_truncation_prior_tools.md#st-enumeration		组织单元；不含未分配的公式或数学断言	本单元无新增未闭义务；不关闭其它范围
SS1-C-U170	history/sources/次单调论文研究/分类集研究/RLEB_LT_operator_space_research_asset_v1/RLEB_LT_operator_space_research_asset_v1/06_RELATED_MANUSCRIPT_ASSETS/solution_selection_revised_v1_delivery.zip!/research_note.md	45	45	structure-and-empty	structure	本范围标题、证明分隔和空行	source-report	nonmathematical	research/canonical/selection_truncation_prior_tools.md#st-enumeration		组织单元；不含未分配的公式或数学断言	本单元无新增未闭义务；不关闭其它范围
SS1-C-U171	history/sources/次单调论文研究/分类集研究/RLEB_LT_operator_space_research_asset_v1/RLEB_LT_operator_space_research_asset_v1/06_RELATED_MANUSCRIPT_ASSETS/solution_selection_revised_v1_delivery.zip!/research_note.md	55	55	structure-and-empty	structure	本范围标题、证明分隔和空行	source-report	nonmathematical	research/canonical/selection_truncation_prior_tools.md#st-enumeration		组织单元；不含未分配的公式或数学断言	本单元无新增未闭义务；不关闭其它范围
SS1-C-U172	history/sources/次单调论文研究/分类集研究/RLEB_LT_operator_space_research_asset_v1/RLEB_LT_operator_space_research_asset_v1/06_RELATED_MANUSCRIPT_ASSETS/solution_selection_revised_v1_delivery.zip!/research_note.md	65	67	structure-and-empty	structure	本范围标题、证明分隔和空行	source-report	nonmathematical	research/canonical/selection_truncation_prior_tools.md#st-enumeration		组织单元；不含未分配的公式或数学断言	本单元无新增未闭义务；不关闭其它范围
SS1-C-U173	history/sources/次单调论文研究/分类集研究/RLEB_LT_operator_space_research_asset_v1/RLEB_LT_operator_space_research_asset_v1/06_RELATED_MANUSCRIPT_ASSETS/solution_selection_revised_v1_delivery.zip!/research_note.md	71	71	structure-and-empty	structure	本范围标题、证明分隔和空行	source-report	nonmathematical	research/canonical/selection_truncation_prior_tools.md#st-enumeration		组织单元；不含未分配的公式或数学断言	本单元无新增未闭义务；不关闭其它范围
SS1-C-U174	history/sources/次单调论文研究/分类集研究/RLEB_LT_operator_space_research_asset_v1/RLEB_LT_operator_space_research_asset_v1/06_RELATED_MANUSCRIPT_ASSETS/solution_selection_revised_v1_delivery.zip!/research_note.md	80	80	structure-and-empty	structure	本范围标题、证明分隔和空行	source-report	nonmathematical	research/canonical/selection_truncation_prior_tools.md#st-enumeration		组织单元；不含未分配的公式或数学断言	本单元无新增未闭义务；不关闭其它范围
SS1-C-U175	history/sources/次单调论文研究/分类集研究/RLEB_LT_operator_space_research_asset_v1/RLEB_LT_operator_space_research_asset_v1/06_RELATED_MANUSCRIPT_ASSETS/solution_selection_revised_v1_delivery.zip!/research_note.md	82	82	structure-and-empty	structure	本范围标题、证明分隔和空行	source-report	nonmathematical	research/canonical/selection_truncation_prior_tools.md#st-enumeration		组织单元；不含未分配的公式或数学断言	本单元无新增未闭义务；不关闭其它范围
SS1-C-U176	history/sources/次单调论文研究/分类集研究/RLEB_LT_operator_space_research_asset_v1/RLEB_LT_operator_space_research_asset_v1/06_RELATED_MANUSCRIPT_ASSETS/solution_selection_revised_v1_delivery.zip!/research_note.md	88	88	structure-and-empty	structure	本范围标题、证明分隔和空行	source-report	nonmathematical	research/canonical/selection_truncation_prior_tools.md#st-enumeration		组织单元；不含未分配的公式或数学断言	本单元无新增未闭义务；不关闭其它范围
SS1-C-U177	history/sources/次单调论文研究/分类集研究/RLEB_LT_operator_space_research_asset_v1/RLEB_LT_operator_space_research_asset_v1/06_RELATED_MANUSCRIPT_ASSETS/solution_selection_revised_v1_delivery.zip!/research_note.md	96	96	structure-and-empty	structure	本范围标题、证明分隔和空行	source-report	nonmathematical	research/canonical/selection_truncation_prior_tools.md#st-enumeration		组织单元；不含未分配的公式或数学断言	本单元无新增未闭义务；不关闭其它范围
SS1-C-U178	history/sources/次单调论文研究/分类集研究/RLEB_LT_operator_space_research_asset_v1/RLEB_LT_operator_space_research_asset_v1/06_RELATED_MANUSCRIPT_ASSETS/solution_selection_revised_v1_delivery.zip!/research_note.md	102	106	structure-and-empty	structure	本范围标题、证明分隔和空行	source-report	nonmathematical	research/canonical/selection_truncation_prior_tools.md#st-enumeration		组织单元；不含未分配的公式或数学断言	本单元无新增未闭义务；不关闭其它范围
SS1-C-U179	history/sources/次单调论文研究/分类集研究/RLEB_LT_operator_space_research_asset_v1/RLEB_LT_operator_space_research_asset_v1/06_RELATED_MANUSCRIPT_ASSETS/solution_selection_revised_v1_delivery.zip!/research_note.md	108	108	structure-and-empty	structure	本范围标题、证明分隔和空行	source-report	nonmathematical	research/canonical/selection_truncation_prior_tools.md#st-enumeration		组织单元；不含未分配的公式或数学断言	本单元无新增未闭义务；不关闭其它范围
SS1-C-U180	history/sources/次单调论文研究/分类集研究/RLEB_LT_operator_space_research_asset_v1/RLEB_LT_operator_space_research_asset_v1/06_RELATED_MANUSCRIPT_ASSETS/solution_selection_revised_v1_delivery.zip!/research_note.md	117	117	structure-and-empty	structure	本范围标题、证明分隔和空行	source-report	nonmathematical	research/canonical/selection_truncation_prior_tools.md#st-enumeration		组织单元；不含未分配的公式或数学断言	本单元无新增未闭义务；不关闭其它范围
SS1-C-U181	history/sources/次单调论文研究/分类集研究/RLEB_LT_operator_space_research_asset_v1/RLEB_LT_operator_space_research_asset_v1/06_RELATED_MANUSCRIPT_ASSETS/solution_selection_revised_v1_delivery.zip!/research_note.md	119	119	structure-and-empty	structure	本范围标题、证明分隔和空行	source-report	nonmathematical	research/canonical/selection_truncation_prior_tools.md#st-enumeration		组织单元；不含未分配的公式或数学断言	本单元无新增未闭义务；不关闭其它范围
SS1-C-U182	history/sources/次单调论文研究/分类集研究/RLEB_LT_operator_space_research_asset_v1/RLEB_LT_operator_space_research_asset_v1/06_RELATED_MANUSCRIPT_ASSETS/solution_selection_revised_v1_delivery.zip!/research_note.md	127	127	structure-and-empty	structure	本范围标题、证明分隔和空行	source-report	nonmathematical	research/canonical/selection_truncation_prior_tools.md#st-enumeration		组织单元；不含未分配的公式或数学断言	本单元无新增未闭义务；不关闭其它范围
SS1-C-U183	history/sources/次单调论文研究/分类集研究/RLEB_LT_operator_space_research_asset_v1/RLEB_LT_operator_space_research_asset_v1/06_RELATED_MANUSCRIPT_ASSETS/solution_selection_revised_v1_delivery.zip!/research_note.md	132	132	structure-and-empty	structure	本范围标题、证明分隔和空行	source-report	nonmathematical	research/canonical/selection_truncation_prior_tools.md#st-enumeration		组织单元；不含未分配的公式或数学断言	本单元无新增未闭义务；不关闭其它范围
SS1-C-U184	history/sources/次单调论文研究/分类集研究/RLEB_LT_operator_space_research_asset_v1/RLEB_LT_operator_space_research_asset_v1/06_RELATED_MANUSCRIPT_ASSETS/solution_selection_revised_v1_delivery.zip!/research_note.md	136	136	structure-and-empty	structure	本范围标题、证明分隔和空行	source-report	nonmathematical	research/canonical/selection_truncation_prior_tools.md#st-enumeration		组织单元；不含未分配的公式或数学断言	本单元无新增未闭义务；不关闭其它范围
SS1-C-U185	history/sources/次单调论文研究/分类集研究/RLEB_LT_operator_space_research_asset_v1/RLEB_LT_operator_space_research_asset_v1/06_RELATED_MANUSCRIPT_ASSETS/solution_selection_revised_v1_delivery.zip!/research_note.md	143	143	structure-and-empty	structure	本范围标题、证明分隔和空行	source-report	nonmathematical	research/canonical/selection_truncation_prior_tools.md#st-enumeration		组织单元；不含未分配的公式或数学断言	本单元无新增未闭义务；不关闭其它范围
SS1-C-U186	history/sources/次单调论文研究/分类集研究/RLEB_LT_operator_space_research_asset_v1/RLEB_LT_operator_space_research_asset_v1/06_RELATED_MANUSCRIPT_ASSETS/solution_selection_revised_v1_delivery.zip!/research_note.md	149	149	structure-and-empty	structure	本范围标题、证明分隔和空行	source-report	nonmathematical	research/canonical/selection_truncation_prior_tools.md#st-enumeration		组织单元；不含未分配的公式或数学断言	本单元无新增未闭义务；不关闭其它范围
SS1-C-U187	history/sources/次单调论文研究/分类集研究/RLEB_LT_operator_space_research_asset_v1/RLEB_LT_operator_space_research_asset_v1/06_RELATED_MANUSCRIPT_ASSETS/solution_selection_revised_v1_delivery.zip!/research_note.md	158	158	structure-and-empty	structure	本范围标题、证明分隔和空行	source-report	nonmathematical	research/canonical/selection_truncation_prior_tools.md#st-enumeration		组织单元；不含未分配的公式或数学断言	本单元无新增未闭义务；不关闭其它范围
SS1-C-U188	history/sources/次单调论文研究/分类集研究/RLEB_LT_operator_space_research_asset_v1/RLEB_LT_operator_space_research_asset_v1/06_RELATED_MANUSCRIPT_ASSETS/solution_selection_revised_v1_delivery.zip!/research_note.md	160	160	structure-and-empty	structure	本范围标题、证明分隔和空行	source-report	nonmathematical	research/canonical/selection_truncation_prior_tools.md#st-enumeration		组织单元；不含未分配的公式或数学断言	本单元无新增未闭义务；不关闭其它范围
SS1-C-U189	history/sources/次单调论文研究/分类集研究/RLEB_LT_operator_space_research_asset_v1/RLEB_LT_operator_space_research_asset_v1/06_RELATED_MANUSCRIPT_ASSETS/solution_selection_revised_v1_delivery.zip!/research_note.md	165	165	structure-and-empty	structure	本范围标题、证明分隔和空行	source-report	nonmathematical	research/canonical/selection_truncation_prior_tools.md#st-enumeration		组织单元；不含未分配的公式或数学断言	本单元无新增未闭义务；不关闭其它范围
SS1-C-U190	history/sources/次单调论文研究/分类集研究/RLEB_LT_operator_space_research_asset_v1/RLEB_LT_operator_space_research_asset_v1/06_RELATED_MANUSCRIPT_ASSETS/solution_selection_revised_v1_delivery.zip!/research_note.md	167	167	structure-and-empty	structure	本范围标题、证明分隔和空行	source-report	nonmathematical	research/canonical/selection_truncation_prior_tools.md#st-enumeration		组织单元；不含未分配的公式或数学断言	本单元无新增未闭义务；不关闭其它范围
SS1-C-U191	history/sources/次单调论文研究/分类集研究/RLEB_LT_operator_space_research_asset_v1/RLEB_LT_operator_space_research_asset_v1/06_RELATED_MANUSCRIPT_ASSETS/solution_selection_revised_v1_delivery.zip!/research_note.md	171	173	structure-and-empty	structure	本范围标题、证明分隔和空行	source-report	nonmathematical	research/canonical/selection_truncation_prior_tools.md#st-enumeration		组织单元；不含未分配的公式或数学断言	本单元无新增未闭义务；不关闭其它范围
SS1-C-U192	history/sources/次单调论文研究/分类集研究/RLEB_LT_operator_space_research_asset_v1/RLEB_LT_operator_space_research_asset_v1/06_RELATED_MANUSCRIPT_ASSETS/solution_selection_revised_v1_delivery.zip!/research_note.md	178	178	structure-and-empty	structure	本范围标题、证明分隔和空行	source-report	nonmathematical	research/canonical/selection_truncation_prior_tools.md#st-enumeration		组织单元；不含未分配的公式或数学断言	本单元无新增未闭义务；不关闭其它范围
SS1-C-U193	history/sources/次单调论文研究/分类集研究/RLEB_LT_operator_space_research_asset_v1/RLEB_LT_operator_space_research_asset_v1/06_RELATED_MANUSCRIPT_ASSETS/solution_selection_revised_v1_delivery.zip!/research_note.md	180	182	structure-and-empty	structure	本范围标题、证明分隔和空行	source-report	nonmathematical	research/canonical/selection_truncation_prior_tools.md#st-enumeration		组织单元；不含未分配的公式或数学断言	本单元无新增未闭义务；不关闭其它范围
SS1-C-U194	history/sources/次单调论文研究/分类集研究/RLEB_LT_operator_space_research_asset_v1/RLEB_LT_operator_space_research_asset_v1/06_RELATED_MANUSCRIPT_ASSETS/solution_selection_revised_v1_delivery.zip!/research_note.md	184	184	structure-and-empty	structure	本范围标题、证明分隔和空行	source-report	nonmathematical	research/canonical/selection_truncation_prior_tools.md#st-enumeration		组织单元；不含未分配的公式或数学断言	本单元无新增未闭义务；不关闭其它范围
SS1-C-U195	history/sources/次单调论文研究/分类集研究/RLEB_LT_operator_space_research_asset_v1/RLEB_LT_operator_space_research_asset_v1/06_RELATED_MANUSCRIPT_ASSETS/solution_selection_revised_v1_delivery.zip!/research_note.md	189	189	structure-and-empty	structure	本范围标题、证明分隔和空行	source-report	nonmathematical	research/canonical/selection_truncation_prior_tools.md#st-enumeration		组织单元；不含未分配的公式或数学断言	本单元无新增未闭义务；不关闭其它范围
SS1-C-U196	history/sources/次单调论文研究/分类集研究/RLEB_LT_operator_space_research_asset_v1/RLEB_LT_operator_space_research_asset_v1/06_RELATED_MANUSCRIPT_ASSETS/solution_selection_revised_v1_delivery.zip!/research_note.md	197	199	structure-and-empty	structure	本范围标题、证明分隔和空行	source-report	nonmathematical	research/canonical/selection_truncation_prior_tools.md#st-enumeration		组织单元；不含未分配的公式或数学断言	本单元无新增未闭义务；不关闭其它范围
SS1-C-U197	history/sources/次单调论文研究/分类集研究/RLEB_LT_operator_space_research_asset_v1/RLEB_LT_operator_space_research_asset_v1/06_RELATED_MANUSCRIPT_ASSETS/solution_selection_revised_v1_delivery.zip!/research_note.md	203	203	structure-and-empty	structure	本范围标题、证明分隔和空行	source-report	nonmathematical	research/canonical/selection_truncation_prior_tools.md#st-enumeration		组织单元；不含未分配的公式或数学断言	本单元无新增未闭义务；不关闭其它范围
SS1-C-U198	history/sources/次单调论文研究/分类集研究/RLEB_LT_operator_space_research_asset_v1/RLEB_LT_operator_space_research_asset_v1/06_RELATED_MANUSCRIPT_ASSETS/solution_selection_revised_v1_delivery.zip!/research_note.md	207	207	structure-and-empty	structure	本范围标题、证明分隔和空行	source-report	nonmathematical	research/canonical/selection_truncation_prior_tools.md#st-enumeration		组织单元；不含未分配的公式或数学断言	本单元无新增未闭义务；不关闭其它范围
SS1-C-U199	history/sources/次单调论文研究/分类集研究/RLEB_LT_operator_space_research_asset_v1/RLEB_LT_operator_space_research_asset_v1/06_RELATED_MANUSCRIPT_ASSETS/solution_selection_revised_v1_delivery.zip!/research_note.md	211	211	structure-and-empty	structure	本范围标题、证明分隔和空行	source-report	nonmathematical	research/canonical/selection_truncation_prior_tools.md#st-enumeration		组织单元；不含未分配的公式或数学断言	本单元无新增未闭义务；不关闭其它范围
SS1-C-U200	history/sources/次单调论文研究/分类集研究/RLEB_LT_operator_space_research_asset_v1/RLEB_LT_operator_space_research_asset_v1/06_RELATED_MANUSCRIPT_ASSETS/solution_selection_revised_v1_delivery.zip!/research_note.md	215	215	structure-and-empty	structure	本范围标题、证明分隔和空行	source-report	nonmathematical	research/canonical/selection_truncation_prior_tools.md#st-enumeration		组织单元；不含未分配的公式或数学断言	本单元无新增未闭义务；不关闭其它范围
SS1-C-U201	history/sources/次单调论文研究/分类集研究/RLEB_LT_operator_space_research_asset_v1/RLEB_LT_operator_space_research_asset_v1/06_RELATED_MANUSCRIPT_ASSETS/solution_selection_revised_v1_delivery.zip!/research_note.md	220	220	structure-and-empty	structure	本范围标题、证明分隔和空行	source-report	nonmathematical	research/canonical/selection_truncation_prior_tools.md#st-enumeration		组织单元；不含未分配的公式或数学断言	本单元无新增未闭义务；不关闭其它范围
SS1-C-U202	history/sources/次单调论文研究/分类集研究/RLEB_LT_operator_space_research_asset_v1/RLEB_LT_operator_space_research_asset_v1/06_RELATED_MANUSCRIPT_ASSETS/solution_selection_revised_v1_delivery.zip!/research_note.md	224	224	structure-and-empty	structure	本范围标题、证明分隔和空行	source-report	nonmathematical	research/canonical/selection_truncation_prior_tools.md#st-enumeration		组织单元；不含未分配的公式或数学断言	本单元无新增未闭义务；不关闭其它范围
SS1-C-U203	history/sources/次单调论文研究/分类集研究/RLEB_LT_operator_space_research_asset_v1/RLEB_LT_operator_space_research_asset_v1/06_RELATED_MANUSCRIPT_ASSETS/solution_selection_revised_v1_delivery.zip!/research_note.md	229	229	structure-and-empty	structure	本范围标题、证明分隔和空行	source-report	nonmathematical	research/canonical/selection_truncation_prior_tools.md#st-enumeration		组织单元；不含未分配的公式或数学断言	本单元无新增未闭义务；不关闭其它范围
SS1-C-U204	history/sources/次单调论文研究/分类集研究/RLEB_LT_operator_space_research_asset_v1/RLEB_LT_operator_space_research_asset_v1/06_RELATED_MANUSCRIPT_ASSETS/solution_selection_revised_v1_delivery.zip!/research_note.md	231	233	structure-and-empty	structure	本范围标题、证明分隔和空行	source-report	nonmathematical	research/canonical/selection_truncation_prior_tools.md#st-enumeration		组织单元；不含未分配的公式或数学断言	本单元无新增未闭义务；不关闭其它范围
SS1-C-U205	history/sources/次单调论文研究/分类集研究/RLEB_LT_operator_space_research_asset_v1/RLEB_LT_operator_space_research_asset_v1/06_RELATED_MANUSCRIPT_ASSETS/solution_selection_revised_v1_delivery.zip!/research_note.md	235	235	structure-and-empty	structure	本范围标题、证明分隔和空行	source-report	nonmathematical	research/canonical/selection_truncation_prior_tools.md#st-enumeration		组织单元；不含未分配的公式或数学断言	本单元无新增未闭义务；不关闭其它范围
SS1-C-U206	history/sources/次单调论文研究/分类集研究/RLEB_LT_operator_space_research_asset_v1/RLEB_LT_operator_space_research_asset_v1/06_RELATED_MANUSCRIPT_ASSETS/solution_selection_revised_v1_delivery.zip!/research_note.md	241	241	structure-and-empty	structure	本范围标题、证明分隔和空行	source-report	nonmathematical	research/canonical/selection_truncation_prior_tools.md#st-enumeration		组织单元；不含未分配的公式或数学断言	本单元无新增未闭义务；不关闭其它范围
SS1-C-U207	history/sources/次单调论文研究/分类集研究/RLEB_LT_operator_space_research_asset_v1/RLEB_LT_operator_space_research_asset_v1/06_RELATED_MANUSCRIPT_ASSETS/solution_selection_revised_v1_delivery.zip!/research_note.md	243	243	structure-and-empty	structure	本范围标题、证明分隔和空行	source-report	nonmathematical	research/canonical/selection_truncation_prior_tools.md#st-enumeration		组织单元；不含未分配的公式或数学断言	本单元无新增未闭义务；不关闭其它范围
SS1-C-U208	history/sources/次单调论文研究/分类集研究/RLEB_LT_operator_space_research_asset_v1/RLEB_LT_operator_space_research_asset_v1/06_RELATED_MANUSCRIPT_ASSETS/solution_selection_revised_v1_delivery.zip!/research_note.md	245	247	structure-and-empty	structure	本范围标题、证明分隔和空行	source-report	nonmathematical	research/canonical/selection_truncation_prior_tools.md#st-enumeration		组织单元；不含未分配的公式或数学断言	本单元无新增未闭义务；不关闭其它范围
SS1-C-U209	history/sources/次单调论文研究/分类集研究/RLEB_LT_operator_space_research_asset_v1/RLEB_LT_operator_space_research_asset_v1/06_RELATED_MANUSCRIPT_ASSETS/solution_selection_revised_v1_delivery.zip!/research_note.md	254	254	structure-and-empty	structure	本范围标题、证明分隔和空行	source-report	nonmathematical	research/canonical/selection_truncation_prior_tools.md#st-enumeration		组织单元；不含未分配的公式或数学断言	本单元无新增未闭义务；不关闭其它范围
SS1-C-U210	history/sources/次单调论文研究/分类集研究/RLEB_LT_operator_space_research_asset_v1/RLEB_LT_operator_space_research_asset_v1/06_RELATED_MANUSCRIPT_ASSETS/solution_selection_revised_v1_delivery.zip!/research_note.md	263	263	structure-and-empty	structure	本范围标题、证明分隔和空行	source-report	nonmathematical	research/canonical/selection_truncation_prior_tools.md#st-enumeration		组织单元；不含未分配的公式或数学断言	本单元无新增未闭义务；不关闭其它范围
SS1-C-U211	history/sources/次单调论文研究/分类集研究/RLEB_LT_operator_space_research_asset_v1/RLEB_LT_operator_space_research_asset_v1/06_RELATED_MANUSCRIPT_ASSETS/solution_selection_revised_v1_delivery.zip!/research_note.md	265	265	structure-and-empty	structure	本范围标题、证明分隔和空行	source-report	nonmathematical	research/canonical/selection_truncation_prior_tools.md#st-enumeration		组织单元；不含未分配的公式或数学断言	本单元无新增未闭义务；不关闭其它范围
SS1-C-U212	history/sources/次单调论文研究/分类集研究/RLEB_LT_operator_space_research_asset_v1/RLEB_LT_operator_space_research_asset_v1/06_RELATED_MANUSCRIPT_ASSETS/solution_selection_revised_v1_delivery.zip!/research_note.md	272	274	structure-and-empty	structure	本范围标题、证明分隔和空行	source-report	nonmathematical	research/canonical/selection_truncation_prior_tools.md#st-enumeration		组织单元；不含未分配的公式或数学断言	本单元无新增未闭义务；不关闭其它范围
SS1-C-U213	history/sources/次单调论文研究/分类集研究/RLEB_LT_operator_space_research_asset_v1/RLEB_LT_operator_space_research_asset_v1/06_RELATED_MANUSCRIPT_ASSETS/solution_selection_revised_v1_delivery.zip!/research_note.md	278	278	structure-and-empty	structure	本范围标题、证明分隔和空行	source-report	nonmathematical	research/canonical/selection_truncation_prior_tools.md#st-enumeration		组织单元；不含未分配的公式或数学断言	本单元无新增未闭义务；不关闭其它范围
SS1-C-U214	history/sources/次单调论文研究/分类集研究/RLEB_LT_operator_space_research_asset_v1/RLEB_LT_operator_space_research_asset_v1/06_RELATED_MANUSCRIPT_ASSETS/solution_selection_revised_v1_delivery.zip!/research_note.md	280	282	structure-and-empty	structure	本范围标题、证明分隔和空行	source-report	nonmathematical	research/canonical/selection_truncation_prior_tools.md#st-enumeration		组织单元；不含未分配的公式或数学断言	本单元无新增未闭义务；不关闭其它范围
SS1-C-U215	history/sources/次单调论文研究/分类集研究/RLEB_LT_operator_space_research_asset_v1/RLEB_LT_operator_space_research_asset_v1/06_RELATED_MANUSCRIPT_ASSETS/solution_selection_revised_v1_delivery.zip!/research_note.md	287	287	structure-and-empty	structure	本范围标题、证明分隔和空行	source-report	nonmathematical	research/canonical/selection_truncation_prior_tools.md#st-enumeration		组织单元；不含未分配的公式或数学断言	本单元无新增未闭义务；不关闭其它范围
SS1-C-U216	history/sources/次单调论文研究/分类集研究/RLEB_LT_operator_space_research_asset_v1/RLEB_LT_operator_space_research_asset_v1/06_RELATED_MANUSCRIPT_ASSETS/solution_selection_revised_v1_delivery.zip!/research_note.md	291	291	structure-and-empty	structure	本范围标题、证明分隔和空行	source-report	nonmathematical	research/canonical/selection_truncation_prior_tools.md#st-enumeration		组织单元；不含未分配的公式或数学断言	本单元无新增未闭义务；不关闭其它范围
SS1-C-U217	history/sources/次单调论文研究/分类集研究/RLEB_LT_operator_space_research_asset_v1/RLEB_LT_operator_space_research_asset_v1/06_RELATED_MANUSCRIPT_ASSETS/solution_selection_revised_v1_delivery.zip!/research_note.md	293	295	structure-and-empty	structure	本范围标题、证明分隔和空行	source-report	nonmathematical	research/canonical/selection_truncation_prior_tools.md#st-enumeration		组织单元；不含未分配的公式或数学断言	本单元无新增未闭义务；不关闭其它范围
SS1-C-U218	history/sources/次单调论文研究/分类集研究/RLEB_LT_operator_space_research_asset_v1/RLEB_LT_operator_space_research_asset_v1/06_RELATED_MANUSCRIPT_ASSETS/solution_selection_revised_v1_delivery.zip!/research_note.md	304	306	structure-and-empty	structure	本范围标题、证明分隔和空行	source-report	nonmathematical	research/canonical/selection_truncation_prior_tools.md#st-enumeration		组织单元；不含未分配的公式或数学断言	本单元无新增未闭义务；不关闭其它范围
SS1-C-U219	history/sources/次单调论文研究/分类集研究/RLEB_LT_operator_space_research_asset_v1/RLEB_LT_operator_space_research_asset_v1/06_RELATED_MANUSCRIPT_ASSETS/solution_selection_revised_v1_delivery.zip!/research_note.md	313	313	structure-and-empty	structure	本范围标题、证明分隔和空行	source-report	nonmathematical	research/canonical/selection_truncation_prior_tools.md#st-enumeration		组织单元；不含未分配的公式或数学断言	本单元无新增未闭义务；不关闭其它范围
SS1-C-U220	history/sources/次单调论文研究/分类集研究/RLEB_LT_operator_space_research_asset_v1/RLEB_LT_operator_space_research_asset_v1/06_RELATED_MANUSCRIPT_ASSETS/solution_selection_revised_v1_delivery.zip!/research_note.md	317	319	structure-and-empty	structure	本范围标题、证明分隔和空行	source-report	nonmathematical	research/canonical/selection_truncation_prior_tools.md#st-enumeration		组织单元；不含未分配的公式或数学断言	本单元无新增未闭义务；不关闭其它范围
SS1-C-U221	history/sources/次单调论文研究/分类集研究/RLEB_LT_operator_space_research_asset_v1/RLEB_LT_operator_space_research_asset_v1/06_RELATED_MANUSCRIPT_ASSETS/solution_selection_revised_v1_delivery.zip!/research_note.md	325	325	structure-and-empty	structure	本范围标题、证明分隔和空行	source-report	nonmathematical	research/canonical/selection_truncation_prior_tools.md#st-enumeration		组织单元；不含未分配的公式或数学断言	本单元无新增未闭义务；不关闭其它范围
SS1-C-U222	history/sources/次单调论文研究/分类集研究/RLEB_LT_operator_space_research_asset_v1/RLEB_LT_operator_space_research_asset_v1/06_RELATED_MANUSCRIPT_ASSETS/solution_selection_revised_v1_delivery.zip!/research_note.md	335	335	structure-and-empty	structure	本范围标题、证明分隔和空行	source-report	nonmathematical	research/canonical/selection_truncation_prior_tools.md#st-enumeration		组织单元；不含未分配的公式或数学断言	本单元无新增未闭义务；不关闭其它范围
SS1-C-U223	history/sources/次单调论文研究/分类集研究/RLEB_LT_operator_space_research_asset_v1/RLEB_LT_operator_space_research_asset_v1/06_RELATED_MANUSCRIPT_ASSETS/solution_selection_revised_v1_delivery.zip!/research_note.md	345	345	structure-and-empty	structure	本范围标题、证明分隔和空行	source-report	nonmathematical	research/canonical/selection_truncation_prior_tools.md#st-enumeration		组织单元；不含未分配的公式或数学断言	本单元无新增未闭义务；不关闭其它范围
SS1-C-U224	history/sources/次单调论文研究/分类集研究/RLEB_LT_operator_space_research_asset_v1/RLEB_LT_operator_space_research_asset_v1/06_RELATED_MANUSCRIPT_ASSETS/solution_selection_revised_v1_delivery.zip!/research_note.md	350	350	structure-and-empty	structure	本范围标题、证明分隔和空行	source-report	nonmathematical	research/canonical/selection_truncation_prior_tools.md#st-enumeration		组织单元；不含未分配的公式或数学断言	本单元无新增未闭义务；不关闭其它范围
SS1-C-U225	history/sources/次单调论文研究/分类集研究/RLEB_LT_operator_space_research_asset_v1/RLEB_LT_operator_space_research_asset_v1/06_RELATED_MANUSCRIPT_ASSETS/solution_selection_revised_v1_delivery.zip!/research_note.md	356	356	structure-and-empty	structure	本范围标题、证明分隔和空行	source-report	nonmathematical	research/canonical/selection_truncation_prior_tools.md#st-enumeration		组织单元；不含未分配的公式或数学断言	本单元无新增未闭义务；不关闭其它范围
SS1-C-U226	history/sources/次单调论文研究/分类集研究/RLEB_LT_operator_space_research_asset_v1/RLEB_LT_operator_space_research_asset_v1/06_RELATED_MANUSCRIPT_ASSETS/solution_selection_revised_v1_delivery.zip!/research_note.md	358	360	structure-and-empty	structure	本范围标题、证明分隔和空行	source-report	nonmathematical	research/canonical/selection_truncation_prior_tools.md#st-enumeration		组织单元；不含未分配的公式或数学断言	本单元无新增未闭义务；不关闭其它范围
SS1-C-U227	history/sources/次单调论文研究/分类集研究/RLEB_LT_operator_space_research_asset_v1/RLEB_LT_operator_space_research_asset_v1/06_RELATED_MANUSCRIPT_ASSETS/solution_selection_revised_v1_delivery.zip!/research_note.md	364	364	structure-and-empty	structure	本范围标题、证明分隔和空行	source-report	nonmathematical	research/canonical/selection_truncation_prior_tools.md#st-enumeration		组织单元；不含未分配的公式或数学断言	本单元无新增未闭义务；不关闭其它范围
SS1-C-U228	history/sources/次单调论文研究/分类集研究/RLEB_LT_operator_space_research_asset_v1/RLEB_LT_operator_space_research_asset_v1/06_RELATED_MANUSCRIPT_ASSETS/solution_selection_revised_v1_delivery.zip!/research_note.md	377	377	structure-and-empty	structure	本范围标题、证明分隔和空行	source-report	nonmathematical	research/canonical/selection_truncation_prior_tools.md#st-enumeration		组织单元；不含未分配的公式或数学断言	本单元无新增未闭义务；不关闭其它范围
SS1-C-U229	history/sources/次单调论文研究/分类集研究/RLEB_LT_operator_space_research_asset_v1/RLEB_LT_operator_space_research_asset_v1/06_RELATED_MANUSCRIPT_ASSETS/solution_selection_revised_v1_delivery.zip!/research_note.md	382	382	structure-and-empty	structure	本范围标题、证明分隔和空行	source-report	nonmathematical	research/canonical/selection_truncation_prior_tools.md#st-enumeration		组织单元；不含未分配的公式或数学断言	本单元无新增未闭义务；不关闭其它范围
SS1-C-U230	history/sources/次单调论文研究/分类集研究/RLEB_LT_operator_space_research_asset_v1/RLEB_LT_operator_space_research_asset_v1/06_RELATED_MANUSCRIPT_ASSETS/solution_selection_revised_v1_delivery.zip!/research_note.md	384	384	structure-and-empty	structure	本范围标题、证明分隔和空行	source-report	nonmathematical	research/canonical/selection_truncation_prior_tools.md#st-enumeration		组织单元；不含未分配的公式或数学断言	本单元无新增未闭义务；不关闭其它范围
SS1-C-U231	history/sources/次单调论文研究/分类集研究/RLEB_LT_operator_space_research_asset_v1/RLEB_LT_operator_space_research_asset_v1/06_RELATED_MANUSCRIPT_ASSETS/solution_selection_revised_v1_delivery.zip!/research_note.md	388	388	structure-and-empty	structure	本范围标题、证明分隔和空行	source-report	nonmathematical	research/canonical/selection_truncation_prior_tools.md#st-enumeration		组织单元；不含未分配的公式或数学断言	本单元无新增未闭义务；不关闭其它范围
SS1-C-U232	history/sources/次单调论文研究/分类集研究/RLEB_LT_operator_space_research_asset_v1/RLEB_LT_operator_space_research_asset_v1/06_RELATED_MANUSCRIPT_ASSETS/solution_selection_revised_v1_delivery.zip!/research_note.md	397	397	structure-and-empty	structure	本范围标题、证明分隔和空行	source-report	nonmathematical	research/canonical/selection_truncation_prior_tools.md#st-enumeration		组织单元；不含未分配的公式或数学断言	本单元无新增未闭义务；不关闭其它范围
SS1-C-U233	history/sources/次单调论文研究/分类集研究/RLEB_LT_operator_space_research_asset_v1/RLEB_LT_operator_space_research_asset_v1/06_RELATED_MANUSCRIPT_ASSETS/solution_selection_revised_v1_delivery.zip!/research_note.md	401	401	structure-and-empty	structure	本范围标题、证明分隔和空行	source-report	nonmathematical	research/canonical/selection_truncation_prior_tools.md#st-enumeration		组织单元；不含未分配的公式或数学断言	本单元无新增未闭义务；不关闭其它范围
SS1-C-U234	history/sources/次单调论文研究/分类集研究/RLEB_LT_operator_space_research_asset_v1/RLEB_LT_operator_space_research_asset_v1/06_RELATED_MANUSCRIPT_ASSETS/solution_selection_revised_v1_delivery.zip!/research_note.md	405	405	structure-and-empty	structure	本范围标题、证明分隔和空行	source-report	nonmathematical	research/canonical/selection_truncation_prior_tools.md#st-enumeration		组织单元；不含未分配的公式或数学断言	本单元无新增未闭义务；不关闭其它范围
SS1-C-U235	history/sources/次单调论文研究/分类集研究/RLEB_LT_operator_space_research_asset_v1/RLEB_LT_operator_space_research_asset_v1/06_RELATED_MANUSCRIPT_ASSETS/solution_selection_revised_v1_delivery.zip!/research_note.md	413	413	structure-and-empty	structure	本范围标题、证明分隔和空行	source-report	nonmathematical	research/canonical/selection_truncation_prior_tools.md#st-enumeration		组织单元；不含未分配的公式或数学断言	本单元无新增未闭义务；不关闭其它范围
SS1-C-U236	history/sources/次单调论文研究/分类集研究/RLEB_LT_operator_space_research_asset_v1/RLEB_LT_operator_space_research_asset_v1/06_RELATED_MANUSCRIPT_ASSETS/solution_selection_revised_v1_delivery.zip!/research_note.md	415	415	structure-and-empty	structure	本范围标题、证明分隔和空行	source-report	nonmathematical	research/canonical/selection_truncation_prior_tools.md#st-enumeration		组织单元；不含未分配的公式或数学断言	本单元无新增未闭义务；不关闭其它范围
SS1-C-U237	history/sources/次单调论文研究/分类集研究/RLEB_LT_operator_space_research_asset_v1/RLEB_LT_operator_space_research_asset_v1/06_RELATED_MANUSCRIPT_ASSETS/solution_selection_revised_v1_delivery.zip!/research_note.md	427	427	structure-and-empty	structure	本范围标题、证明分隔和空行	source-report	nonmathematical	research/canonical/selection_truncation_prior_tools.md#st-enumeration		组织单元；不含未分配的公式或数学断言	本单元无新增未闭义务；不关闭其它范围
SS1-C-U238	history/sources/次单调论文研究/分类集研究/RLEB_LT_operator_space_research_asset_v1/RLEB_LT_operator_space_research_asset_v1/06_RELATED_MANUSCRIPT_ASSETS/solution_selection_revised_v1_delivery.zip!/research_note.md	436	436	structure-and-empty	structure	本范围标题、证明分隔和空行	source-report	nonmathematical	research/canonical/selection_truncation_prior_tools.md#st-enumeration		组织单元；不含未分配的公式或数学断言	本单元无新增未闭义务；不关闭其它范围
SS1-C-U239	history/sources/次单调论文研究/分类集研究/RLEB_LT_operator_space_research_asset_v1/RLEB_LT_operator_space_research_asset_v1/06_RELATED_MANUSCRIPT_ASSETS/solution_selection_revised_v1_delivery.zip!/research_note.md	446	446	structure-and-empty	structure	本范围标题、证明分隔和空行	source-report	nonmathematical	research/canonical/selection_truncation_prior_tools.md#st-enumeration		组织单元；不含未分配的公式或数学断言	本单元无新增未闭义务；不关闭其它范围
SS1-C-U240	history/sources/次单调论文研究/分类集研究/RLEB_LT_operator_space_research_asset_v1/RLEB_LT_operator_space_research_asset_v1/06_RELATED_MANUSCRIPT_ASSETS/solution_selection_revised_v1_delivery.zip!/research_note.md	448	450	structure-and-empty	structure	本范围标题、证明分隔和空行	source-report	nonmathematical	research/canonical/selection_truncation_prior_tools.md#st-enumeration		组织单元；不含未分配的公式或数学断言	本单元无新增未闭义务；不关闭其它范围
SS1-C-U241	history/sources/次单调论文研究/分类集研究/RLEB_LT_operator_space_research_asset_v1/RLEB_LT_operator_space_research_asset_v1/06_RELATED_MANUSCRIPT_ASSETS/solution_selection_revised_v1_delivery.zip!/research_note.md	454	454	structure-and-empty	structure	本范围标题、证明分隔和空行	source-report	nonmathematical	research/canonical/selection_truncation_prior_tools.md#st-enumeration		组织单元；不含未分配的公式或数学断言	本单元无新增未闭义务；不关闭其它范围
SS1-C-U242	history/sources/次单调论文研究/分类集研究/RLEB_LT_operator_space_research_asset_v1/RLEB_LT_operator_space_research_asset_v1/06_RELATED_MANUSCRIPT_ASSETS/solution_selection_revised_v1_delivery.zip!/research_note.md	463	465	structure-and-empty	structure	本范围标题、证明分隔和空行	source-report	nonmathematical	research/canonical/selection_truncation_prior_tools.md#st-enumeration		组织单元；不含未分配的公式或数学断言	本单元无新增未闭义务；不关闭其它范围
SS1-C-U243	history/sources/次单调论文研究/分类集研究/RLEB_LT_operator_space_research_asset_v1/RLEB_LT_operator_space_research_asset_v1/06_RELATED_MANUSCRIPT_ASSETS/solution_selection_revised_v1_delivery.zip!/research_note.md	469	469	structure-and-empty	structure	本范围标题、证明分隔和空行	source-report	nonmathematical	research/canonical/selection_truncation_prior_tools.md#st-enumeration		组织单元；不含未分配的公式或数学断言	本单元无新增未闭义务；不关闭其它范围
SS1-C-U244	history/sources/次单调论文研究/分类集研究/RLEB_LT_operator_space_research_asset_v1/RLEB_LT_operator_space_research_asset_v1/06_RELATED_MANUSCRIPT_ASSETS/solution_selection_revised_v1_delivery.zip!/research_note.md	473	473	structure-and-empty	structure	本范围标题、证明分隔和空行	source-report	nonmathematical	research/canonical/selection_truncation_prior_tools.md#st-enumeration		组织单元；不含未分配的公式或数学断言	本单元无新增未闭义务；不关闭其它范围
SS1-C-U245	history/sources/次单调论文研究/分类集研究/RLEB_LT_operator_space_research_asset_v1/RLEB_LT_operator_space_research_asset_v1/06_RELATED_MANUSCRIPT_ASSETS/solution_selection_revised_v1_delivery.zip!/research_note.md	477	477	structure-and-empty	structure	本范围标题、证明分隔和空行	source-report	nonmathematical	research/canonical/selection_truncation_prior_tools.md#st-enumeration		组织单元；不含未分配的公式或数学断言	本单元无新增未闭义务；不关闭其它范围
SS1-C-U246	history/sources/次单调论文研究/分类集研究/RLEB_LT_operator_space_research_asset_v1/RLEB_LT_operator_space_research_asset_v1/06_RELATED_MANUSCRIPT_ASSETS/solution_selection_revised_v1_delivery.zip!/research_note.md	481	481	structure-and-empty	structure	本范围标题、证明分隔和空行	source-report	nonmathematical	research/canonical/selection_truncation_prior_tools.md#st-enumeration		组织单元；不含未分配的公式或数学断言	本单元无新增未闭义务；不关闭其它范围
SS1-C-U247	history/sources/次单调论文研究/分类集研究/RLEB_LT_operator_space_research_asset_v1/RLEB_LT_operator_space_research_asset_v1/06_RELATED_MANUSCRIPT_ASSETS/solution_selection_revised_v1_delivery.zip!/research_note.md	487	487	structure-and-empty	structure	本范围标题、证明分隔和空行	source-report	nonmathematical	research/canonical/selection_truncation_prior_tools.md#st-enumeration		组织单元；不含未分配的公式或数学断言	本单元无新增未闭义务；不关闭其它范围
SS1-C-U248	history/sources/次单调论文研究/分类集研究/RLEB_LT_operator_space_research_asset_v1/RLEB_LT_operator_space_research_asset_v1/06_RELATED_MANUSCRIPT_ASSETS/solution_selection_revised_v1_delivery.zip!/research_note.md	489	491	structure-and-empty	structure	本范围标题、证明分隔和空行	source-report	nonmathematical	research/canonical/selection_truncation_prior_tools.md#st-enumeration		组织单元；不含未分配的公式或数学断言	本单元无新增未闭义务；不关闭其它范围
SS1-C-U249	history/sources/次单调论文研究/分类集研究/RLEB_LT_operator_space_research_asset_v1/RLEB_LT_operator_space_research_asset_v1/06_RELATED_MANUSCRIPT_ASSETS/solution_selection_revised_v1_delivery.zip!/research_note.md	493	493	structure-and-empty	structure	本范围标题、证明分隔和空行	source-report	nonmathematical	research/canonical/selection_truncation_prior_tools.md#st-enumeration		组织单元；不含未分配的公式或数学断言	本单元无新增未闭义务；不关闭其它范围
SS1-C-U250	history/sources/次单调论文研究/分类集研究/RLEB_LT_operator_space_research_asset_v1/RLEB_LT_operator_space_research_asset_v1/06_RELATED_MANUSCRIPT_ASSETS/solution_selection_revised_v1_delivery.zip!/research_note.md	498	498	structure-and-empty	structure	本范围标题、证明分隔和空行	source-report	nonmathematical	research/canonical/selection_truncation_prior_tools.md#st-enumeration		组织单元；不含未分配的公式或数学断言	本单元无新增未闭义务；不关闭其它范围
SS1-C-U251	history/sources/次单调论文研究/分类集研究/RLEB_LT_operator_space_research_asset_v1/RLEB_LT_operator_space_research_asset_v1/06_RELATED_MANUSCRIPT_ASSETS/solution_selection_revised_v1_delivery.zip!/research_note.md	507	507	structure-and-empty	structure	本范围标题、证明分隔和空行	source-report	nonmathematical	research/canonical/selection_truncation_prior_tools.md#st-enumeration		组织单元；不含未分配的公式或数学断言	本单元无新增未闭义务；不关闭其它范围
SS1-C-U252	history/sources/次单调论文研究/分类集研究/RLEB_LT_operator_space_research_asset_v1/RLEB_LT_operator_space_research_asset_v1/06_RELATED_MANUSCRIPT_ASSETS/solution_selection_revised_v1_delivery.zip!/research_note.md	518	518	structure-and-empty	structure	本范围标题、证明分隔和空行	source-report	nonmathematical	research/canonical/selection_truncation_prior_tools.md#st-enumeration		组织单元；不含未分配的公式或数学断言	本单元无新增未闭义务；不关闭其它范围
SS1-C-U253	history/sources/次单调论文研究/分类集研究/RLEB_LT_operator_space_research_asset_v1/RLEB_LT_operator_space_research_asset_v1/06_RELATED_MANUSCRIPT_ASSETS/solution_selection_revised_v1_delivery.zip!/research_note.md	525	525	structure-and-empty	structure	本范围标题、证明分隔和空行	source-report	nonmathematical	research/canonical/selection_truncation_prior_tools.md#st-enumeration		组织单元；不含未分配的公式或数学断言	本单元无新增未闭义务；不关闭其它范围
SS1-C-U254	history/sources/次单调论文研究/分类集研究/RLEB_LT_operator_space_research_asset_v1/RLEB_LT_operator_space_research_asset_v1/06_RELATED_MANUSCRIPT_ASSETS/solution_selection_revised_v1_delivery.zip!/research_note.md	530	530	structure-and-empty	structure	本范围标题、证明分隔和空行	source-report	nonmathematical	research/canonical/selection_truncation_prior_tools.md#st-enumeration		组织单元；不含未分配的公式或数学断言	本单元无新增未闭义务；不关闭其它范围
SS1-C-U255	history/sources/次单调论文研究/分类集研究/RLEB_LT_operator_space_research_asset_v1/RLEB_LT_operator_space_research_asset_v1/06_RELATED_MANUSCRIPT_ASSETS/solution_selection_revised_v1_delivery.zip!/research_note.md	535	535	structure-and-empty	structure	本范围标题、证明分隔和空行	source-report	nonmathematical	research/canonical/selection_truncation_prior_tools.md#st-enumeration		组织单元；不含未分配的公式或数学断言	本单元无新增未闭义务；不关闭其它范围
SS1-C-U256	history/sources/次单调论文研究/分类集研究/RLEB_LT_operator_space_research_asset_v1/RLEB_LT_operator_space_research_asset_v1/06_RELATED_MANUSCRIPT_ASSETS/solution_selection_revised_v1_delivery.zip!/research_note.md	540	540	structure-and-empty	structure	本范围标题、证明分隔和空行	source-report	nonmathematical	research/canonical/selection_truncation_prior_tools.md#st-enumeration		组织单元；不含未分配的公式或数学断言	本单元无新增未闭义务；不关闭其它范围
SS1-C-U257	history/sources/次单调论文研究/分类集研究/RLEB_LT_operator_space_research_asset_v1/RLEB_LT_operator_space_research_asset_v1/06_RELATED_MANUSCRIPT_ASSETS/solution_selection_revised_v1_delivery.zip!/research_note.md	542	542	structure-and-empty	structure	本范围标题、证明分隔和空行	source-report	nonmathematical	research/canonical/selection_truncation_prior_tools.md#st-enumeration		组织单元；不含未分配的公式或数学断言	本单元无新增未闭义务；不关闭其它范围
SS1-C-U258	history/sources/次单调论文研究/分类集研究/RLEB_LT_operator_space_research_asset_v1/RLEB_LT_operator_space_research_asset_v1/06_RELATED_MANUSCRIPT_ASSETS/solution_selection_revised_v1_delivery.zip!/research_note.md	550	550	structure-and-empty	structure	本范围标题、证明分隔和空行	source-report	nonmathematical	research/canonical/selection_truncation_prior_tools.md#st-enumeration		组织单元；不含未分配的公式或数学断言	本单元无新增未闭义务；不关闭其它范围
SS1-C-U259	history/sources/次单调论文研究/分类集研究/RLEB_LT_operator_space_research_asset_v1/RLEB_LT_operator_space_research_asset_v1/06_RELATED_MANUSCRIPT_ASSETS/solution_selection_revised_v1_delivery.zip!/research_note.md	556	558	structure-and-empty	structure	本范围标题、证明分隔和空行	source-report	nonmathematical	research/canonical/selection_truncation_prior_tools.md#st-enumeration		组织单元；不含未分配的公式或数学断言	本单元无新增未闭义务；不关闭其它范围
SS1-C-U260	history/sources/次单调论文研究/分类集研究/RLEB_LT_operator_space_research_asset_v1/RLEB_LT_operator_space_research_asset_v1/06_RELATED_MANUSCRIPT_ASSETS/solution_selection_revised_v1_delivery.zip!/research_note.md	562	562	structure-and-empty	structure	本范围标题、证明分隔和空行	source-report	nonmathematical	research/canonical/selection_truncation_prior_tools.md#st-enumeration		组织单元；不含未分配的公式或数学断言	本单元无新增未闭义务；不关闭其它范围
SS1-C-U261	history/sources/次单调论文研究/分类集研究/RLEB_LT_operator_space_research_asset_v1/RLEB_LT_operator_space_research_asset_v1/06_RELATED_MANUSCRIPT_ASSETS/solution_selection_revised_v1_delivery.zip!/research_note.md	564	564	structure-and-empty	structure	本范围标题、证明分隔和空行	source-report	nonmathematical	research/canonical/selection_truncation_prior_tools.md#st-enumeration		组织单元；不含未分配的公式或数学断言	本单元无新增未闭义务；不关闭其它范围
SS1-C-U262	history/sources/次单调论文研究/分类集研究/RLEB_LT_operator_space_research_asset_v1/RLEB_LT_operator_space_research_asset_v1/06_RELATED_MANUSCRIPT_ASSETS/solution_selection_revised_v1_delivery.zip!/research_note.md	569	569	structure-and-empty	structure	本范围标题、证明分隔和空行	source-report	nonmathematical	research/canonical/selection_truncation_prior_tools.md#st-enumeration		组织单元；不含未分配的公式或数学断言	本单元无新增未闭义务；不关闭其它范围
SS1-C-U263	history/sources/次单调论文研究/分类集研究/RLEB_LT_operator_space_research_asset_v1/RLEB_LT_operator_space_research_asset_v1/06_RELATED_MANUSCRIPT_ASSETS/solution_selection_revised_v1_delivery.zip!/research_note.md	575	575	structure-and-empty	structure	本范围标题、证明分隔和空行	source-report	nonmathematical	research/canonical/selection_truncation_prior_tools.md#st-enumeration		组织单元；不含未分配的公式或数学断言	本单元无新增未闭义务；不关闭其它范围
SS1-C-U264	history/sources/次单调论文研究/分类集研究/RLEB_LT_operator_space_research_asset_v1/RLEB_LT_operator_space_research_asset_v1/06_RELATED_MANUSCRIPT_ASSETS/solution_selection_revised_v1_delivery.zip!/research_note.md	580	580	structure-and-empty	structure	本范围标题、证明分隔和空行	source-report	nonmathematical	research/canonical/selection_truncation_prior_tools.md#st-enumeration		组织单元；不含未分配的公式或数学断言	本单元无新增未闭义务；不关闭其它范围
SS1-C-U265	history/sources/次单调论文研究/分类集研究/RLEB_LT_operator_space_research_asset_v1/RLEB_LT_operator_space_research_asset_v1/06_RELATED_MANUSCRIPT_ASSETS/solution_selection_revised_v1_delivery.zip!/research_note.md	582	586	structure-and-empty	structure	本范围标题、证明分隔和空行	source-report	nonmathematical	research/canonical/selection_truncation_prior_tools.md#st-enumeration		组织单元；不含未分配的公式或数学断言	本单元无新增未闭义务；不关闭其它范围
SS1-C-U266	history/sources/次单调论文研究/分类集研究/RLEB_LT_operator_space_research_asset_v1/RLEB_LT_operator_space_research_asset_v1/06_RELATED_MANUSCRIPT_ASSETS/solution_selection_revised_v1_delivery.zip!/research_note.md	588	588	structure-and-empty	structure	本范围标题、证明分隔和空行	source-report	nonmathematical	research/canonical/selection_truncation_prior_tools.md#st-enumeration		组织单元；不含未分配的公式或数学断言	本单元无新增未闭义务；不关闭其它范围
SS1-C-U267	history/sources/次单调论文研究/分类集研究/RLEB_LT_operator_space_research_asset_v1/RLEB_LT_operator_space_research_asset_v1/06_RELATED_MANUSCRIPT_ASSETS/solution_selection_revised_v1_delivery.zip!/research_note.md	603	603	structure-and-empty	structure	本范围标题、证明分隔和空行	source-report	nonmathematical	research/canonical/selection_truncation_prior_tools.md#st-enumeration		组织单元；不含未分配的公式或数学断言	本单元无新增未闭义务；不关闭其它范围
SS1-C-U268	history/sources/次单调论文研究/分类集研究/RLEB_LT_operator_space_research_asset_v1/RLEB_LT_operator_space_research_asset_v1/06_RELATED_MANUSCRIPT_ASSETS/solution_selection_revised_v1_delivery.zip!/research_note.md	605	605	structure-and-empty	structure	本范围标题、证明分隔和空行	source-report	nonmathematical	research/canonical/selection_truncation_prior_tools.md#st-enumeration		组织单元；不含未分配的公式或数学断言	本单元无新增未闭义务；不关闭其它范围
SS1-C-U269	history/sources/次单调论文研究/分类集研究/RLEB_LT_operator_space_research_asset_v1/RLEB_LT_operator_space_research_asset_v1/06_RELATED_MANUSCRIPT_ASSETS/solution_selection_revised_v1_delivery.zip!/research_note.md	607	609	structure-and-empty	structure	本范围标题、证明分隔和空行	source-report	nonmathematical	research/canonical/selection_truncation_prior_tools.md#st-enumeration		组织单元；不含未分配的公式或数学断言	本单元无新增未闭义务；不关闭其它范围
SS1-C-U270	history/sources/次单调论文研究/分类集研究/RLEB_LT_operator_space_research_asset_v1/RLEB_LT_operator_space_research_asset_v1/06_RELATED_MANUSCRIPT_ASSETS/solution_selection_revised_v1_delivery.zip!/research_note.md	611	611	structure-and-empty	structure	本范围标题、证明分隔和空行	source-report	nonmathematical	research/canonical/selection_truncation_prior_tools.md#st-enumeration		组织单元；不含未分配的公式或数学断言	本单元无新增未闭义务；不关闭其它范围
SS1-C-U271	history/sources/次单调论文研究/分类集研究/RLEB_LT_operator_space_research_asset_v1/RLEB_LT_operator_space_research_asset_v1/06_RELATED_MANUSCRIPT_ASSETS/solution_selection_revised_v1_delivery.zip!/research_note.md	616	616	structure-and-empty	structure	本范围标题、证明分隔和空行	source-report	nonmathematical	research/canonical/selection_truncation_prior_tools.md#st-enumeration		组织单元；不含未分配的公式或数学断言	本单元无新增未闭义务；不关闭其它范围
SS1-C-U272	history/sources/次单调论文研究/分类集研究/RLEB_LT_operator_space_research_asset_v1/RLEB_LT_operator_space_research_asset_v1/06_RELATED_MANUSCRIPT_ASSETS/solution_selection_revised_v1_delivery.zip!/research_note.md	622	622	structure-and-empty	structure	本范围标题、证明分隔和空行	source-report	nonmathematical	research/canonical/selection_truncation_prior_tools.md#st-enumeration		组织单元；不含未分配的公式或数学断言	本单元无新增未闭义务；不关闭其它范围
SS1-C-U273	history/sources/次单调论文研究/分类集研究/RLEB_LT_operator_space_research_asset_v1/RLEB_LT_operator_space_research_asset_v1/06_RELATED_MANUSCRIPT_ASSETS/solution_selection_revised_v1_delivery.zip!/research_note.md	628	628	structure-and-empty	structure	本范围标题、证明分隔和空行	source-report	nonmathematical	research/canonical/selection_truncation_prior_tools.md#st-enumeration		组织单元；不含未分配的公式或数学断言	本单元无新增未闭义务；不关闭其它范围
SS1-C-U274	history/sources/次单调论文研究/分类集研究/RLEB_LT_operator_space_research_asset_v1/RLEB_LT_operator_space_research_asset_v1/06_RELATED_MANUSCRIPT_ASSETS/solution_selection_revised_v1_delivery.zip!/research_note.md	632	632	structure-and-empty	structure	本范围标题、证明分隔和空行	source-report	nonmathematical	research/canonical/selection_truncation_prior_tools.md#st-enumeration		组织单元；不含未分配的公式或数学断言	本单元无新增未闭义务；不关闭其它范围
SS1-C-U275	history/sources/次单调论文研究/分类集研究/RLEB_LT_operator_space_research_asset_v1/RLEB_LT_operator_space_research_asset_v1/06_RELATED_MANUSCRIPT_ASSETS/solution_selection_revised_v1_delivery.zip!/research_note.md	639	639	structure-and-empty	structure	本范围标题、证明分隔和空行	source-report	nonmathematical	research/canonical/selection_truncation_prior_tools.md#st-enumeration		组织单元；不含未分配的公式或数学断言	本单元无新增未闭义务；不关闭其它范围
SS1-C-U276	history/sources/次单调论文研究/分类集研究/RLEB_LT_operator_space_research_asset_v1/RLEB_LT_operator_space_research_asset_v1/06_RELATED_MANUSCRIPT_ASSETS/solution_selection_revised_v1_delivery.zip!/research_note.md	641	641	structure-and-empty	structure	本范围标题、证明分隔和空行	source-report	nonmathematical	research/canonical/selection_truncation_prior_tools.md#st-enumeration		组织单元；不含未分配的公式或数学断言	本单元无新增未闭义务；不关闭其它范围
SS1-C-U277	history/sources/次单调论文研究/分类集研究/RLEB_LT_operator_space_research_asset_v1/RLEB_LT_operator_space_research_asset_v1/06_RELATED_MANUSCRIPT_ASSETS/solution_selection_revised_v1_delivery.zip!/research_note.md	728	729	structure-and-empty	structure	本范围标题、证明分隔和空行	source-report	nonmathematical	research/canonical/selection_truncation_prior_tools.md#st-enumeration		组织单元；不含未分配的公式或数学断言	本单元无新增未闭义务；不关闭其它范围
SS1-C-U278	history/sources/次单调论文研究/分类集研究/RLEB_LT_operator_space_research_asset_v1/RLEB_LT_operator_space_research_asset_v1/06_RELATED_MANUSCRIPT_ASSETS/solution_selection_revised_v1_delivery.zip!/research_note.md	731	731	structure-and-empty	structure	本范围标题、证明分隔和空行	source-report	nonmathematical	research/canonical/selection_truncation_prior_tools.md#st-enumeration		组织单元；不含未分配的公式或数学断言	本单元无新增未闭义务；不关闭其它范围
SS1-C-U279	history/sources/次单调论文研究/分类集研究/RLEB_LT_operator_space_research_asset_v1/RLEB_LT_operator_space_research_asset_v1/06_RELATED_MANUSCRIPT_ASSETS/solution_selection_revised_v1_delivery.zip!/research_note.md	733	733	structure-and-empty	structure	本范围标题、证明分隔和空行	source-report	nonmathematical	research/canonical/selection_truncation_prior_tools.md#st-enumeration		组织单元；不含未分配的公式或数学断言	本单元无新增未闭义务；不关闭其它范围
SS1-C-U280	history/sources/次单调论文研究/分类集研究/RLEB_LT_operator_space_research_asset_v1/RLEB_LT_operator_space_research_asset_v1/06_RELATED_MANUSCRIPT_ASSETS/solution_selection_revised_v1_delivery.zip!/research_note.md	742	742	structure-and-empty	structure	本范围标题、证明分隔和空行	source-report	nonmathematical	research/canonical/selection_truncation_prior_tools.md#st-enumeration		组织单元；不含未分配的公式或数学断言	本单元无新增未闭义务；不关闭其它范围
SS1-C-U281	history/sources/次单调论文研究/分类集研究/RLEB_LT_operator_space_research_asset_v1/RLEB_LT_operator_space_research_asset_v1/06_RELATED_MANUSCRIPT_ASSETS/solution_selection_revised_v1_delivery.zip!/research_note.md	744	744	structure-and-empty	structure	本范围标题、证明分隔和空行	source-report	nonmathematical	research/canonical/selection_truncation_prior_tools.md#st-enumeration		组织单元；不含未分配的公式或数学断言	本单元无新增未闭义务；不关闭其它范围
