unit_id	source_locator	line_start	line_end	source_label	unit_type	exact_payload	evidence_state	disposition	canonical_anchor	claim_ids	reason	remaining_obligation
UHT-OA-U0001	history/sources/次单调论文研究/分类集研究/RLEB_LT_operator_space_research_asset_v1/RLEB_LT_operator_space_research_asset_v1/03_CLASSIFICATION_STAGE/ppa_classification_team/05_obstruction_audit.md	1	1	中立 PPA 分类的障碍审计：可证明的阻断、最小反例与修复 LF1–1	organization	# 中立 PPA 分类的障碍审计：可证明的阻断、最小反例与修复	nonmathematical	nonmathematical	research/audit/UNIFORM_HOLDER_FULL_COVERAGE.md#uht-audit-source		标题、空行、连接词或纯任务组织；不承担独立数学断言	无本单元数学义务；不关闭相邻数学或历史证据记录
UHT-OA-U0002	history/sources/次单调论文研究/分类集研究/RLEB_LT_operator_space_research_asset_v1/RLEB_LT_operator_space_research_asset_v1/03_CLASSIFICATION_STAGE/ppa_classification_team/05_obstruction_audit.md	2	2	中立 PPA 分类的障碍审计：可证明的阻断、最小反例与修复 LF2–2	organization	空行/排版分隔	nonmathematical	nonmathematical	research/audit/UNIFORM_HOLDER_FULL_COVERAGE.md#uht-audit-source		标题、空行、连接词或纯任务组织；不承担独立数学断言	无本单元数学义务；不关闭相邻数学或历史证据记录
UHT-OA-U0003	history/sources/次单调论文研究/分类集研究/RLEB_LT_operator_space_research_asset_v1/RLEB_LT_operator_space_research_asset_v1/03_CLASSIFICATION_STAGE/ppa_classification_team/05_obstruction_audit.md	3	3	中立 PPA 分类的障碍审计：可证明的阻断、最小反例与修复 LF3–3	organization	日期：2026-09-20。	nonmathematical	nonmathematical	research/audit/UNIFORM_HOLDER_FULL_COVERAGE.md#uht-audit-source		标题、空行、连接词或纯任务组织；不承担独立数学断言	无本单元数学义务；不关闭相邻数学或历史证据记录
UHT-OA-U0004	history/sources/次单调论文研究/分类集研究/RLEB_LT_operator_space_research_asset_v1/RLEB_LT_operator_space_research_asset_v1/03_CLASSIFICATION_STAGE/ppa_classification_team/05_obstruction_audit.md	3	3	中立 PPA 分类的障碍审计：可证明的阻断、最小反例与修复 LF3–3	organization	角色：敌对数学审稿。	nonmathematical	nonmathematical	research/audit/UNIFORM_HOLDER_FULL_COVERAGE.md#uht-audit-source		标题、空行、连接词或纯任务组织；不承担独立数学断言	无本单元数学义务；不关闭相邻数学或历史证据记录
UHT-OA-U0005	history/sources/次单调论文研究/分类集研究/RLEB_LT_operator_space_research_asset_v1/RLEB_LT_operator_space_research_asset_v1/03_CLASSIFICATION_STAGE/ppa_classification_team/05_obstruction_audit.md	3	3	中立 PPA 分类的障碍审计：可证明的阻断、最小反例与修复 LF3–3	organization	本文以 `ppa_system_team/10_final_blueprint.md` 的中立空间为审计对象，不否定其中已经声明范围的基础表示定理，也不预设 LT 在 RLEB 内必须第一纲。	nonmathematical	nonmathematical	research/audit/UNIFORM_HOLDER_FULL_COVERAGE.md#uht-audit-source		标题、空行、连接词或纯任务组织；不承担独立数学断言	无本单元数学义务；不关闭相邻数学或历史证据记录
UHT-OA-U0006	history/sources/次单调论文研究/分类集研究/RLEB_LT_operator_space_research_asset_v1/RLEB_LT_operator_space_research_asset_v1/03_CLASSIFICATION_STAGE/ppa_classification_team/05_obstruction_audit.md	4	4	中立 PPA 分类的障碍审计：可证明的阻断、最小反例与修复 LF4–4	organization	空行/排版分隔	nonmathematical	nonmathematical	research/audit/UNIFORM_HOLDER_FULL_COVERAGE.md#uht-audit-source		标题、空行、连接词或纯任务组织；不承担独立数学断言	无本单元数学义务；不关闭相邻数学或历史证据记录
UHT-OA-U0007	history/sources/次单调论文研究/分类集研究/RLEB_LT_operator_space_research_asset_v1/RLEB_LT_operator_space_research_asset_v1/03_CLASSIFICATION_STAGE/ppa_classification_team/05_obstruction_audit.md	5	5	中立 PPA 分类的障碍审计：可证明的阻断、最小反例与修复 LF5–5	scope-contract	**当前结论：继续建设是合理的，但有三个真瓶颈不能用既有 PASS 代替。	source-report	deferred	research/audit/UNIFORM_HOLDER_FULL_COVERAGE.md#uht-audit-source		逐断言保留原来源报告；本批只重建C180，未以来源证明要点或PASS转授其他数学状态	精确本单元：**当前结论：继续建设是合理的，但有三个真瓶颈不能用既有 PASS 代替。；核同一矩形精确固定集切片的逐点固定集、一致极限/cutoff及Gδ或稳定余量量词；不以C180推断源AW对象身份
UHT-OA-U0008	history/sources/次单调论文研究/分类集研究/RLEB_LT_operator_space_research_asset_v1/RLEB_LT_operator_space_research_asset_v1/03_CLASSIFICATION_STAGE/ppa_classification_team/05_obstruction_audit.md	5	5	中立 PPA 分类的障碍审计：可证明的阻断、最小反例与修复 LF5–5	scope-contract	**	source-report	deferred	research/audit/UNIFORM_HOLDER_FULL_COVERAGE.md#uht-audit-source		逐断言保留原来源报告；本批只重建C180，未以来源证明要点或PASS转授其他数学状态	精确本单元：**；核同一矩形精确固定集切片的逐点固定集、一致极限/cutoff及Gδ或稳定余量量词；不以C180推断源AW对象身份
UHT-OA-U0009	history/sources/次单调论文研究/分类集研究/RLEB_LT_operator_space_research_asset_v1/RLEB_LT_operator_space_research_asset_v1/03_CLASSIFICATION_STAGE/ppa_classification_team/05_obstruction_audit.md	6	6	中立 PPA 分类的障碍审计：可证明的阻断、最小反例与修复 LF6–6	organization	空行/排版分隔	nonmathematical	nonmathematical	research/audit/UNIFORM_HOLDER_FULL_COVERAGE.md#uht-audit-source		标题、空行、连接词或纯任务组织；不承担独立数学断言	无本单元数学义务；不关闭相邻数学或历史证据记录
UHT-OA-U0010	history/sources/次单调论文研究/分类集研究/RLEB_LT_operator_space_research_asset_v1/RLEB_LT_operator_space_research_asset_v1/03_CLASSIFICATION_STAGE/ppa_classification_team/05_obstruction_audit.md	7	7	中立 PPA 分类的障碍审计：可证明的阻断、最小反例与修复 LF7–7	mathematical-assertion	1. 未固定正则预算的 RLEB 无标签类可能在自身拓扑中第一纲；	source-report	deferred	research/audit/UNIFORM_HOLDER_FULL_COVERAGE.md#uht-audit-source		逐断言保留原来源报告；本批只重建C180，未以来源证明要点或PASS转授其他数学状态	精确本单元：1. 未固定正则预算的 RLEB 无标签类可能在自身拓扑中第一纲；；核同一矩形精确固定集切片的逐点固定集、一致极限/cutoff及Gδ或稳定余量量词；不以C180推断源AW对象身份
UHT-OA-U0011	history/sources/次单调论文研究/分类集研究/RLEB_LT_operator_space_research_asset_v1/RLEB_LT_operator_space_research_asset_v1/03_CLASSIFICATION_STAGE/ppa_classification_team/05_obstruction_audit.md	7	7	中立 PPA 分类的障碍审计：可证明的阻断、最小反例与修复 LF7–7	mathematical-assertion	此时“LT 在 RLEB 中第一纲”没有区分力。	source-report	deferred	research/audit/UNIFORM_HOLDER_FULL_COVERAGE.md#uht-audit-source		逐断言保留原来源报告；本批只重建C180，未以来源证明要点或PASS转授其他数学状态	精确本单元：此时“LT 在 RLEB 中第一纲”没有区分力。；核同一矩形精确固定集切片的逐点固定集、一致极限/cutoff及Gδ或稳定余量量词；不以C180推断源AW对象身份
UHT-OA-U0012	history/sources/次单调论文研究/分类集研究/RLEB_LT_operator_space_research_asset_v1/RLEB_LT_operator_space_research_asset_v1/03_CLASSIFICATION_STAGE/ppa_classification_team/05_obstruction_audit.md	8	8	中立 PPA 分类的障碍审计：可证明的阻断、最小反例与修复 LF8–8	mathematical-assertion	2. 严格局部 LT/RLEB 证书并不保证同一原算子的良定步长有开窗口；	source-report	deferred	research/audit/UNIFORM_HOLDER_FULL_COVERAGE.md#uht-audit-source		逐断言保留原来源报告；本批只重建C180，未以来源证明要点或PASS转授其他数学状态	精确本单元：2. 严格局部 LT/RLEB 证书并不保证同一原算子的良定步长有开窗口；；核同一矩形精确固定集切片的逐点固定集、一致极限/cutoff及Gδ或稳定余量量词；不以C180推断源AW对象身份
UHT-OA-U0013	history/sources/次单调论文研究/分类集研究/RLEB_LT_operator_space_research_asset_v1/RLEB_LT_operator_space_research_asset_v1/03_CLASSIFICATION_STAGE/ppa_classification_team/05_obstruction_audit.md	8	8	中立 PPA 分类的障碍审计：可证明的阻断、最小反例与修复 LF8–8	mathematical-assertion	甚至可以只在一个无理步长良定。	source-report	deferred	research/audit/UNIFORM_HOLDER_FULL_COVERAGE.md#uht-audit-source		逐断言保留原来源报告；本批只重建C180，未以来源证明要点或PASS转授其他数学状态	精确本单元：甚至可以只在一个无理步长良定。；核同一矩形精确固定集切片的逐点固定集、一致极限/cutoff及Gδ或稳定余量量词；不以C180推断源AW对象身份
UHT-OA-U0014	history/sources/次单调论文研究/分类集研究/RLEB_LT_operator_space_research_asset_v1/RLEB_LT_operator_space_research_asset_v1/03_CLASSIFICATION_STAGE/ppa_classification_team/05_obstruction_audit.md	8	8	中立 PPA 分类的障碍审计：可证明的阻断、最小反例与修复 LF8–8	mathematical-assertion	用有理步长可数化会漏掉真实对象。	source-report	deferred	research/audit/UNIFORM_HOLDER_FULL_COVERAGE.md#uht-audit-source		逐断言保留原来源报告；本批只重建C180，未以来源证明要点或PASS转授其他数学状态	精确本单元：用有理步长可数化会漏掉真实对象。；核同一矩形精确固定集切片的逐点固定集、一致极限/cutoff及Gδ或稳定余量量词；不以C180推断源AW对象身份
UHT-OA-U0015	history/sources/次单调论文研究/分类集研究/RLEB_LT_operator_space_research_asset_v1/RLEB_LT_operator_space_research_asset_v1/03_CLASSIFICATION_STAGE/ppa_classification_team/05_obstruction_audit.md	9	9	中立 PPA 分类的障碍审计：可证明的阻断、最小反例与修复 LF9–9	mathematical-assertion	3. 共同实际尾层是闭 Baire 层，但可以空、退化或处于更大中立层的无处稠密边界。	source-report	deferred	research/audit/UNIFORM_HOLDER_FULL_COVERAGE.md#uht-audit-source		逐断言保留原来源报告；本批只重建C180，未以来源证明要点或PASS转授其他数学状态	精确本单元：3. 共同实际尾层是闭 Baire 层，但可以空、退化或处于更大中立层的无处稠密边界。；核同一矩形精确固定集切片的逐点固定集、一致极限/cutoff及Gδ或稳定余量量词；不以C180推断源AW对象身份
UHT-OA-U0016	history/sources/次单调论文研究/分类集研究/RLEB_LT_operator_space_research_asset_v1/RLEB_LT_operator_space_research_asset_v1/03_CLASSIFICATION_STAGE/ppa_classification_team/05_obstruction_audit.md	9	9	中立 PPA 分类的障碍审计：可证明的阻断、最小反例与修复 LF9–9	mathematical-assertion	单一尾层中的类别不能自动代表整个收敛空间。	source-report	deferred	research/audit/UNIFORM_HOLDER_FULL_COVERAGE.md#uht-audit-source		逐断言保留原来源报告；本批只重建C180，未以来源证明要点或PASS转授其他数学状态	精确本单元：单一尾层中的类别不能自动代表整个收敛空间。；核同一矩形精确固定集切片的逐点固定集、一致极限/cutoff及Gδ或稳定余量量词；不以C180推断源AW对象身份
UHT-OA-U0017	history/sources/次单调论文研究/分类集研究/RLEB_LT_operator_space_research_asset_v1/RLEB_LT_operator_space_research_asset_v1/03_CLASSIFICATION_STAGE/ppa_classification_team/05_obstruction_audit.md	10	10	中立 PPA 分类的障碍审计：可证明的阻断、最小反例与修复 LF10–10	organization	空行/排版分隔	nonmathematical	nonmathematical	research/audit/UNIFORM_HOLDER_FULL_COVERAGE.md#uht-audit-source		标题、空行、连接词或纯任务组织；不承担独立数学断言	无本单元数学义务；不关闭相邻数学或历史证据记录
UHT-OA-U0018	history/sources/次单调论文研究/分类集研究/RLEB_LT_operator_space_research_asset_v1/RLEB_LT_operator_space_research_asset_v1/03_CLASSIFICATION_STAGE/ppa_classification_team/05_obstruction_audit.md	11	11	中立 PPA 分类的障碍审计：可证明的阻断、最小反例与修复 LF11–11	scope-contract	以下反例用于否定不带限定的普遍命题，**不用于把某个特殊层的结果冒充 RLEB–LT 总分类**。	source-report	deferred	research/audit/UNIFORM_HOLDER_FULL_COVERAGE.md#uht-audit-source		逐断言保留原来源报告；本批只重建C180，未以来源证明要点或PASS转授其他数学状态	精确本单元：以下反例用于否定不带限定的普遍命题，**不用于把某个特殊层的结果冒充 RLEB–LT 总分类**。；核同一矩形精确固定集切片的逐点固定集、一致极限/cutoff及Gδ或稳定余量量词；不以C180推断源AW对象身份
UHT-OA-U0019	history/sources/次单调论文研究/分类集研究/RLEB_LT_operator_space_research_asset_v1/RLEB_LT_operator_space_research_asset_v1/03_CLASSIFICATION_STAGE/ppa_classification_team/05_obstruction_audit.md	11	11	中立 PPA 分类的障碍审计：可证明的阻断、最小反例与修复 LF11–11	scope-contract	精确零集、输入域、全部纤维、步长量词和拓扑均分别说明。	source-report	deferred	research/audit/UNIFORM_HOLDER_FULL_COVERAGE.md#uht-audit-source		逐断言保留原来源报告；本批只重建C180，未以来源证明要点或PASS转授其他数学状态	精确本单元：精确零集、输入域、全部纤维、步长量词和拓扑均分别说明。；核同一矩形精确固定集切片的逐点固定集、一致极限/cutoff及Gδ或稳定余量量词；不以C180推断源AW对象身份
UHT-OA-U0020	history/sources/次单调论文研究/分类集研究/RLEB_LT_operator_space_research_asset_v1/RLEB_LT_operator_space_research_asset_v1/03_CLASSIFICATION_STAGE/ppa_classification_team/05_obstruction_audit.md	12	12	中立 PPA 分类的障碍审计：可证明的阻断、最小反例与修复 LF12–12	organization	空行/排版分隔	nonmathematical	nonmathematical	research/audit/UNIFORM_HOLDER_FULL_COVERAGE.md#uht-audit-source		标题、空行、连接词或纯任务组织；不承担独立数学断言	无本单元数学义务；不关闭相邻数学或历史证据记录
UHT-OA-U0021	history/sources/次单调论文研究/分类集研究/RLEB_LT_operator_space_research_asset_v1/RLEB_LT_operator_space_research_asset_v1/03_CLASSIFICATION_STAGE/ppa_classification_team/05_obstruction_audit.md	13	13	1. 精确解集切片：Polish 不等于扰动稳定 LF13–13	organization	## 1. 精确解集切片：Polish 不等于扰动稳定	nonmathematical	nonmathematical	research/audit/UNIFORM_HOLDER_FULL_COVERAGE.md#uht-audit-source		标题、空行、连接词或纯任务组织；不承担独立数学断言	无本单元数学义务；不关闭相邻数学或历史证据记录
UHT-OA-U0022	history/sources/次单调论文研究/分类集研究/RLEB_LT_operator_space_research_asset_v1/RLEB_LT_operator_space_research_asset_v1/03_CLASSIFICATION_STAGE/ppa_classification_team/05_obstruction_audit.md	14	14	1. 精确解集切片：Polish 不等于扰动稳定 LF14–14	organization	空行/排版分隔	nonmathematical	nonmathematical	research/audit/UNIFORM_HOLDER_FULL_COVERAGE.md#uht-audit-source		标题、空行、连接词或纯任务组织；不承担独立数学断言	无本单元数学义务；不关闭相邻数学或历史证据记录
UHT-OA-U0023	history/sources/次单调论文研究/分类集研究/RLEB_LT_operator_space_research_asset_v1/RLEB_LT_operator_space_research_asset_v1/03_CLASSIFICATION_STAGE/ppa_classification_team/05_obstruction_audit.md	15	15	1. 精确解集切片：Polish 不等于扰动稳定 LF15–15	organization	令	nonmathematical	nonmathematical	research/audit/UNIFORM_HOLDER_FULL_COVERAGE.md#uht-audit-source		标题、空行、连接词或纯任务组织；不承担独立数学断言	无本单元数学义务；不关闭相邻数学或历史证据记录
UHT-OA-U0024	history/sources/次单调论文研究/分类集研究/RLEB_LT_operator_space_research_asset_v1/RLEB_LT_operator_space_research_asset_v1/03_CLASSIFICATION_STAGE/ppa_classification_team/05_obstruction_audit.md	16	16	1. 精确解集切片：Polish 不等于扰动稳定 LF16–16	organization	空行/排版分隔	nonmathematical	nonmathematical	research/audit/UNIFORM_HOLDER_FULL_COVERAGE.md#uht-audit-source		标题、空行、连接词或纯任务组织；不承担独立数学断言	无本单元数学义务；不关闭相邻数学或历史证据记录
UHT-OA-U0025	history/sources/次单调论文研究/分类集研究/RLEB_LT_operator_space_research_asset_v1/RLEB_LT_operator_space_research_asset_v1/03_CLASSIFICATION_STAGE/ppa_classification_team/05_obstruction_audit.md	17	19	1. 精确解集切片：Polish 不等于扰动稳定 LF17–19	display-formula	"\[
K=[-1,1]\times[0,1],\qquad S=[-1,1]\times\{0\},
\]"	source-report	deferred	research/audit/UNIFORM_HOLDER_FULL_COVERAGE.md#uht-audit-source		逐断言保留原来源报告；本批只重建C180，未以来源证明要点或PASS转授其他数学状态	精确本单元：\[ K=[-1,1]\times[0,1],\qquad S=[-1,1]\times\{0\}, \]；核同一矩形精确固定集切片的逐点固定集、一致极限/cutoff及Gδ或稳定余量量词；不以C180推断源AW对象身份
UHT-OA-U0026	history/sources/次单调论文研究/分类集研究/RLEB_LT_operator_space_research_asset_v1/RLEB_LT_operator_space_research_asset_v1/03_CLASSIFICATION_STAGE/ppa_classification_team/05_obstruction_audit.md	20	20	1. 精确解集切片：Polish 不等于扰动稳定 LF20–20	organization	空行/排版分隔	nonmathematical	nonmathematical	research/audit/UNIFORM_HOLDER_FULL_COVERAGE.md#uht-audit-source		标题、空行、连接词或纯任务组织；不承担独立数学断言	无本单元数学义务；不关闭相邻数学或历史证据记录
UHT-OA-U0027	history/sources/次单调论文研究/分类集研究/RLEB_LT_operator_space_research_asset_v1/RLEB_LT_operator_space_research_asset_v1/03_CLASSIFICATION_STAGE/ppa_classification_team/05_obstruction_audit.md	21	21	1. 精确解集切片：Polish 不等于扰动稳定 LF21–21	mathematical-assertion	在固定解点母空间	source-report	deferred	research/audit/UNIFORM_HOLDER_FULL_COVERAGE.md#uht-audit-source		逐断言保留原来源报告；本批只重建C180，未以来源证明要点或PASS转授其他数学状态	精确本单元：在固定解点母空间；核同一矩形精确固定集切片的逐点固定集、一致极限/cutoff及Gδ或稳定余量量词；不以C180推断源AW对象身份
UHT-OA-U0028	history/sources/次单调论文研究/分类集研究/RLEB_LT_operator_space_research_asset_v1/RLEB_LT_operator_space_research_asset_v1/03_CLASSIFICATION_STAGE/ppa_classification_team/05_obstruction_audit.md	22	22	1. 精确解集切片：Polish 不等于扰动稳定 LF22–22	organization	空行/排版分隔	nonmathematical	nonmathematical	research/audit/UNIFORM_HOLDER_FULL_COVERAGE.md#uht-audit-source		标题、空行、连接词或纯任务组织；不承担独立数学断言	无本单元数学义务；不关闭相邻数学或历史证据记录
UHT-OA-U0029	history/sources/次单调论文研究/分类集研究/RLEB_LT_operator_space_research_asset_v1/RLEB_LT_operator_space_research_asset_v1/03_CLASSIFICATION_STAGE/ppa_classification_team/05_obstruction_audit.md	23	25	1. 精确解集切片：Polish 不等于扰动稳定 LF23–25	display-formula	"\[
\mathscr A_S=\{T\in C(K,K):T|_S=I\}
\]"	source-report	deferred	research/audit/UNIFORM_HOLDER_FULL_COVERAGE.md#uht-audit-source		逐断言保留原来源报告；本批只重建C180，未以来源证明要点或PASS转授其他数学状态	精确本单元：\[ \mathscr A_S=\{T\in C(K,K):T|_S=I\} \]；核同一矩形精确固定集切片的逐点固定集、一致极限/cutoff及Gδ或稳定余量量词；不以C180推断源AW对象身份
UHT-OA-U0030	history/sources/次单调论文研究/分类集研究/RLEB_LT_operator_space_research_asset_v1/RLEB_LT_operator_space_research_asset_v1/03_CLASSIFICATION_STAGE/ppa_classification_team/05_obstruction_audit.md	26	26	1. 精确解集切片：Polish 不等于扰动稳定 LF26–26	organization	空行/排版分隔	nonmathematical	nonmathematical	research/audit/UNIFORM_HOLDER_FULL_COVERAGE.md#uht-audit-source		标题、空行、连接词或纯任务组织；不承担独立数学断言	无本单元数学义务；不关闭相邻数学或历史证据记录
UHT-OA-U0031	history/sources/次单调论文研究/分类集研究/RLEB_LT_operator_space_research_asset_v1/RLEB_LT_operator_space_research_asset_v1/03_CLASSIFICATION_STAGE/ppa_classification_team/05_obstruction_audit.md	27	27	1. 精确解集切片：Polish 不等于扰动稳定 LF27–27	mathematical-assertion	赋一致拓扑。	source-report	deferred	research/audit/UNIFORM_HOLDER_FULL_COVERAGE.md#uht-audit-source		逐断言保留原来源报告；本批只重建C180，未以来源证明要点或PASS转授其他数学状态	精确本单元：赋一致拓扑。；核同一矩形精确固定集切片的逐点固定集、一致极限/cutoff及Gδ或稳定余量量词；不以C180推断源AW对象身份
UHT-OA-U0032	history/sources/次单调论文研究/分类集研究/RLEB_LT_operator_space_research_asset_v1/RLEB_LT_operator_space_research_asset_v1/03_CLASSIFICATION_STAGE/ppa_classification_team/05_obstruction_audit.md	28	28	1. 精确解集切片：Polish 不等于扰动稳定 LF28–28	organization	空行/排版分隔	nonmathematical	nonmathematical	research/audit/UNIFORM_HOLDER_FULL_COVERAGE.md#uht-audit-source		标题、空行、连接词或纯任务组织；不承担独立数学断言	无本单元数学义务；不关闭相邻数学或历史证据记录
UHT-OA-U0033	history/sources/次单调论文研究/分类集研究/RLEB_LT_operator_space_research_asset_v1/RLEB_LT_operator_space_research_asset_v1/03_CLASSIFICATION_STAGE/ppa_classification_team/05_obstruction_audit.md	29	29	1.1 精确解集类不闭 LF29–29	organization	### 1.1 精确解集类不闭	nonmathematical	nonmathematical	research/audit/UNIFORM_HOLDER_FULL_COVERAGE.md#uht-audit-source		标题、空行、连接词或纯任务组织；不承担独立数学断言	无本单元数学义务；不关闭相邻数学或历史证据记录
UHT-OA-U0034	history/sources/次单调论文研究/分类集研究/RLEB_LT_operator_space_research_asset_v1/RLEB_LT_operator_space_research_asset_v1/03_CLASSIFICATION_STAGE/ppa_classification_team/05_obstruction_audit.md	30	30	1.1 精确解集类不闭 LF30–30	organization	空行/排版分隔	nonmathematical	nonmathematical	research/audit/UNIFORM_HOLDER_FULL_COVERAGE.md#uht-audit-source		标题、空行、连接词或纯任务组织；不承担独立数学断言	无本单元数学义务；不关闭相邻数学或历史证据记录
UHT-OA-U0035	history/sources/次单调论文研究/分类集研究/RLEB_LT_operator_space_research_asset_v1/RLEB_LT_operator_space_research_asset_v1/03_CLASSIFICATION_STAGE/ppa_classification_team/05_obstruction_audit.md	31	31	1.1 精确解集类不闭 LF31–31	organization	取	nonmathematical	nonmathematical	research/audit/UNIFORM_HOLDER_FULL_COVERAGE.md#uht-audit-source		标题、空行、连接词或纯任务组织；不承担独立数学断言	无本单元数学义务；不关闭相邻数学或历史证据记录
UHT-OA-U0036	history/sources/次单调论文研究/分类集研究/RLEB_LT_operator_space_research_asset_v1/RLEB_LT_operator_space_research_asset_v1/03_CLASSIFICATION_STAGE/ppa_classification_team/05_obstruction_audit.md	32	32	1.1 精确解集类不闭 LF32–32	organization	空行/排版分隔	nonmathematical	nonmathematical	research/audit/UNIFORM_HOLDER_FULL_COVERAGE.md#uht-audit-source		标题、空行、连接词或纯任务组织；不承担独立数学断言	无本单元数学义务；不关闭相邻数学或历史证据记录
UHT-OA-U0037	history/sources/次单调论文研究/分类集研究/RLEB_LT_operator_space_research_asset_v1/RLEB_LT_operator_space_research_asset_v1/03_CLASSIFICATION_STAGE/ppa_classification_team/05_obstruction_audit.md	33	35	1.1 精确解集类不闭 LF33–35	display-formula	"\[
T_j(x,y)=(x,(1-1/j)y),\qquad j\ge2.
\]"	source-report	deferred	research/audit/UNIFORM_HOLDER_FULL_COVERAGE.md#uht-audit-source		逐断言保留原来源报告；本批只重建C180，未以来源证明要点或PASS转授其他数学状态	精确本单元：\[ T_j(x,y)=(x,(1-1/j)y),\qquad j\ge2. \]；核同一矩形精确固定集切片的逐点固定集、一致极限/cutoff及Gδ或稳定余量量词；不以C180推断源AW对象身份
UHT-OA-U0038	history/sources/次单调论文研究/分类集研究/RLEB_LT_operator_space_research_asset_v1/RLEB_LT_operator_space_research_asset_v1/03_CLASSIFICATION_STAGE/ppa_classification_team/05_obstruction_audit.md	36	36	1.1 精确解集类不闭 LF36–36	organization	空行/排版分隔	nonmathematical	nonmathematical	research/audit/UNIFORM_HOLDER_FULL_COVERAGE.md#uht-audit-source		标题、空行、连接词或纯任务组织；不承担独立数学断言	无本单元数学义务；不关闭相邻数学或历史证据记录
UHT-OA-U0039	history/sources/次单调论文研究/分类集研究/RLEB_LT_operator_space_research_asset_v1/RLEB_LT_operator_space_research_asset_v1/03_CLASSIFICATION_STAGE/ppa_classification_team/05_obstruction_audit.md	37	37	1.1 精确解集类不闭 LF37–37	mathematical-assertion	每个 \(\operatorname{Fix}T_j=S\)	source-report	deferred	research/audit/UNIFORM_HOLDER_FULL_COVERAGE.md#uht-audit-source		逐断言保留原来源报告；本批只重建C180，未以来源证明要点或PASS转授其他数学状态	精确本单元：每个 \(\operatorname{Fix}T_j=S\)；核同一矩形精确固定集切片的逐点固定集、一致极限/cutoff及Gδ或稳定余量量词；不以C180推断源AW对象身份
UHT-OA-U0040	history/sources/次单调论文研究/分类集研究/RLEB_LT_operator_space_research_asset_v1/RLEB_LT_operator_space_research_asset_v1/03_CLASSIFICATION_STAGE/ppa_classification_team/05_obstruction_audit.md	37	37	1.1 精确解集类不闭 LF37–37	mathematical-assertion	，但 \(T_j\to I\) 一致	source-report	deferred	research/audit/UNIFORM_HOLDER_FULL_COVERAGE.md#uht-audit-source		逐断言保留原来源报告；本批只重建C180，未以来源证明要点或PASS转授其他数学状态	精确本单元：，但 \(T_j\to I\) 一致；核同一矩形精确固定集切片的逐点固定集、一致极限/cutoff及Gδ或稳定余量量词；不以C180推断源AW对象身份
UHT-OA-U0041	history/sources/次单调论文研究/分类集研究/RLEB_LT_operator_space_research_asset_v1/RLEB_LT_operator_space_research_asset_v1/03_CLASSIFICATION_STAGE/ppa_classification_team/05_obstruction_audit.md	37	37	1.1 精确解集类不闭 LF37–37	mathematical-assertion	，而 \(\operatorname{Fix}I=K\)。	source-report	deferred	research/audit/UNIFORM_HOLDER_FULL_COVERAGE.md#uht-audit-source		逐断言保留原来源报告；本批只重建C180，未以来源证明要点或PASS转授其他数学状态	精确本单元：，而 \(\operatorname{Fix}I=K\)。；核同一矩形精确固定集切片的逐点固定集、一致极限/cutoff及Gδ或稳定余量量词；不以C180推断源AW对象身份
UHT-OA-U0042	history/sources/次单调论文研究/分类集研究/RLEB_LT_operator_space_research_asset_v1/RLEB_LT_operator_space_research_asset_v1/03_CLASSIFICATION_STAGE/ppa_classification_team/05_obstruction_audit.md	37	37	1.1 精确解集类不闭 LF37–37	mathematical-assertion	这与精确解集切片是 \(G_\delta\) 不矛盾	source-report	deferred	research/audit/UNIFORM_HOLDER_FULL_COVERAGE.md#uht-audit-source		逐断言保留原来源报告；本批只重建C180，未以来源证明要点或PASS转授其他数学状态	精确本单元：这与精确解集切片是 \(G_\delta\) 不矛盾；核同一矩形精确固定集切片的逐点固定集、一致极限/cutoff及Gδ或稳定余量量词；不以C180推断源AW对象身份
UHT-OA-U0043	history/sources/次单调论文研究/分类集研究/RLEB_LT_operator_space_research_asset_v1/RLEB_LT_operator_space_research_asset_v1/03_CLASSIFICATION_STAGE/ppa_classification_team/05_obstruction_audit.md	37	37	1.1 精确解集类不闭 LF37–37	mathematical-assertion	：其原限制距离可以不完备	source-report	deferred	research/audit/UNIFORM_HOLDER_FULL_COVERAGE.md#uht-audit-source		逐断言保留原来源报告；本批只重建C180，未以来源证明要点或PASS转授其他数学状态	精确本单元：：其原限制距离可以不完备；核同一矩形精确固定集切片的逐点固定集、一致极限/cutoff及Gδ或稳定余量量词；不以C180推断源AW对象身份
UHT-OA-U0044	history/sources/次单调论文研究/分类集研究/RLEB_LT_operator_space_research_asset_v1/RLEB_LT_operator_space_research_asset_v1/03_CLASSIFICATION_STAGE/ppa_classification_team/05_obstruction_audit.md	37	37	1.1 精确解集类不闭 LF37–37	mathematical-assertion	，等价完全可度量并不提供闭性。	source-report	deferred	research/audit/UNIFORM_HOLDER_FULL_COVERAGE.md#uht-audit-source		逐断言保留原来源报告；本批只重建C180，未以来源证明要点或PASS转授其他数学状态	精确本单元：，等价完全可度量并不提供闭性。；核同一矩形精确固定集切片的逐点固定集、一致极限/cutoff及Gδ或稳定余量量词；不以C180推断源AW对象身份
UHT-OA-U0045	history/sources/次单调论文研究/分类集研究/RLEB_LT_operator_space_research_asset_v1/RLEB_LT_operator_space_research_asset_v1/03_CLASSIFICATION_STAGE/ppa_classification_team/05_obstruction_audit.md	38	38	1.1 精确解集类不闭 LF38–38	organization	空行/排版分隔	nonmathematical	nonmathematical	research/audit/UNIFORM_HOLDER_FULL_COVERAGE.md#uht-audit-source		标题、空行、连接词或纯任务组织；不承担独立数学断言	无本单元数学义务；不关闭相邻数学或历史证据记录
UHT-OA-U0046	history/sources/次单调论文研究/分类集研究/RLEB_LT_operator_space_research_asset_v1/RLEB_LT_operator_space_research_asset_v1/03_CLASSIFICATION_STAGE/ppa_classification_team/05_obstruction_audit.md	39	39	1.2 精确解集类也不开放 LF39–39	organization	### 1.2 精确解集类也不开放	nonmathematical	nonmathematical	research/audit/UNIFORM_HOLDER_FULL_COVERAGE.md#uht-audit-source		标题、空行、连接词或纯任务组织；不承担独立数学断言	无本单元数学义务；不关闭相邻数学或历史证据记录
UHT-OA-U0047	history/sources/次单调论文研究/分类集研究/RLEB_LT_operator_space_research_asset_v1/RLEB_LT_operator_space_research_asset_v1/03_CLASSIFICATION_STAGE/ppa_classification_team/05_obstruction_audit.md	40	40	1.2 精确解集类也不开放 LF40–40	organization	空行/排版分隔	nonmathematical	nonmathematical	research/audit/UNIFORM_HOLDER_FULL_COVERAGE.md#uht-audit-source		标题、空行、连接词或纯任务组织；不承担独立数学断言	无本单元数学义务；不关闭相邻数学或历史证据记录
UHT-OA-U0048	history/sources/次单调论文研究/分类集研究/RLEB_LT_operator_space_research_asset_v1/RLEB_LT_operator_space_research_asset_v1/03_CLASSIFICATION_STAGE/ppa_classification_team/05_obstruction_audit.md	41	41	1.2 精确解集类也不开放 LF41–41	mathematical-assertion	设 \(P(x,y)=(x,0)\)。	source-report	deferred	research/audit/UNIFORM_HOLDER_FULL_COVERAGE.md#uht-audit-source		逐断言保留原来源报告；本批只重建C180，未以来源证明要点或PASS转授其他数学状态	精确本单元：设 \(P(x,y)=(x,0)\)。；核同一矩形精确固定集切片的逐点固定集、一致极限/cutoff及Gδ或稳定余量量词；不以C180推断源AW对象身份
UHT-OA-U0049	history/sources/次单调论文研究/分类集研究/RLEB_LT_operator_space_research_asset_v1/RLEB_LT_operator_space_research_asset_v1/03_CLASSIFICATION_STAGE/ppa_classification_team/05_obstruction_audit.md	41	41	1.2 精确解集类也不开放 LF41–41	mathematical-assertion	取连续 \(\chi:[0,\infty)\to[0,1]\)，满足 \(\chi(1)=1\)、\(\chi(t)=0\) 对 \(t\ge2\)。	source-report	deferred	research/audit/UNIFORM_HOLDER_FULL_COVERAGE.md#uht-audit-source		逐断言保留原来源报告；本批只重建C180，未以来源证明要点或PASS转授其他数学状态	精确本单元：取连续 \(\chi:[0,\infty)\to[0,1]\)，满足 \(\chi(1)=1\)、\(\chi(t)=0\) 对 \(t\ge2\)。；核同一矩形精确固定集切片的逐点固定集、一致极限/cutoff及Gδ或稳定余量量词；不以C180推断源AW对象身份
UHT-OA-U0050	history/sources/次单调论文研究/分类集研究/RLEB_LT_operator_space_research_asset_v1/RLEB_LT_operator_space_research_asset_v1/03_CLASSIFICATION_STAGE/ppa_classification_team/05_obstruction_audit.md	41	41	1.2 精确解集类也不开放 LF41–41	organization	令	nonmathematical	nonmathematical	research/audit/UNIFORM_HOLDER_FULL_COVERAGE.md#uht-audit-source		标题、空行、连接词或纯任务组织；不承担独立数学断言	无本单元数学义务；不关闭相邻数学或历史证据记录
UHT-OA-U0051	history/sources/次单调论文研究/分类集研究/RLEB_LT_operator_space_research_asset_v1/RLEB_LT_operator_space_research_asset_v1/03_CLASSIFICATION_STAGE/ppa_classification_team/05_obstruction_audit.md	42	42	1.2 精确解集类也不开放 LF42–42	organization	空行/排版分隔	nonmathematical	nonmathematical	research/audit/UNIFORM_HOLDER_FULL_COVERAGE.md#uht-audit-source		标题、空行、连接词或纯任务组织；不承担独立数学断言	无本单元数学义务；不关闭相邻数学或历史证据记录
UHT-OA-U0052	history/sources/次单调论文研究/分类集研究/RLEB_LT_operator_space_research_asset_v1/RLEB_LT_operator_space_research_asset_v1/03_CLASSIFICATION_STAGE/ppa_classification_team/05_obstruction_audit.md	43	45	1.2 精确解集类也不开放 LF43–45	display-formula	"\[
P_\varepsilon(x,y)=(x,y\chi(y/\varepsilon)).
\]"	source-report	deferred	research/audit/UNIFORM_HOLDER_FULL_COVERAGE.md#uht-audit-source		逐断言保留原来源报告；本批只重建C180，未以来源证明要点或PASS转授其他数学状态	精确本单元：\[ P_\varepsilon(x,y)=(x,y\chi(y/\varepsilon)). \]；核同一矩形精确固定集切片的逐点固定集、一致极限/cutoff及Gδ或稳定余量量词；不以C180推断源AW对象身份
UHT-OA-U0053	history/sources/次单调论文研究/分类集研究/RLEB_LT_operator_space_research_asset_v1/RLEB_LT_operator_space_research_asset_v1/03_CLASSIFICATION_STAGE/ppa_classification_team/05_obstruction_audit.md	46	46	1.2 精确解集类也不开放 LF46–46	organization	空行/排版分隔	nonmathematical	nonmathematical	research/audit/UNIFORM_HOLDER_FULL_COVERAGE.md#uht-audit-source		标题、空行、连接词或纯任务组织；不承担独立数学断言	无本单元数学义务；不关闭相邻数学或历史证据记录
UHT-OA-U0054	history/sources/次单调论文研究/分类集研究/RLEB_LT_operator_space_research_asset_v1/RLEB_LT_operator_space_research_asset_v1/03_CLASSIFICATION_STAGE/ppa_classification_team/05_obstruction_audit.md	47	47	1.2 精确解集类也不开放 LF47–47	mathematical-assertion	则 \(\|P_\varepsilon-P\|_\infty\le2\varepsilon\)	source-report	deferred	research/audit/UNIFORM_HOLDER_FULL_COVERAGE.md#uht-audit-source		逐断言保留原来源报告；本批只重建C180，未以来源证明要点或PASS转授其他数学状态	精确本单元：则 \(\|P_\varepsilon-P\|_\infty\le2\varepsilon\)；核同一矩形精确固定集切片的逐点固定集、一致极限/cutoff及Gδ或稳定余量量词；不以C180推断源AW对象身份
UHT-OA-U0055	history/sources/次单调论文研究/分类集研究/RLEB_LT_operator_space_research_asset_v1/RLEB_LT_operator_space_research_asset_v1/03_CLASSIFICATION_STAGE/ppa_classification_team/05_obstruction_audit.md	47	47	1.2 精确解集类也不开放 LF47–47	mathematical-assertion	、\(P_\varepsilon|_S=I\)，但整条 \(y=\varepsilon\) 都是新增固定点。	source-report	deferred	research/audit/UNIFORM_HOLDER_FULL_COVERAGE.md#uht-audit-source		逐断言保留原来源报告；本批只重建C180，未以来源证明要点或PASS转授其他数学状态	精确本单元：、\(P_\varepsilon|_S=I\)，但整条 \(y=\varepsilon\) 都是新增固定点。；核同一矩形精确固定集切片的逐点固定集、一致极限/cutoff及Gδ或稳定余量量词；不以C180推断源AW对象身份
UHT-OA-U0056	history/sources/次单调论文研究/分类集研究/RLEB_LT_operator_space_research_asset_v1/RLEB_LT_operator_space_research_asset_v1/03_CLASSIFICATION_STAGE/ppa_classification_team/05_obstruction_audit.md	47	47	1.2 精确解集类也不开放 LF47–47	mathematical-assertion	因此“精确零集不变”不能在普通 \(C^0\)/AW 小扰动下自动保留。	source-report	deferred	research/audit/UNIFORM_HOLDER_FULL_COVERAGE.md#uht-audit-source		逐断言保留原来源报告；本批只重建C180，未以来源证明要点或PASS转授其他数学状态	精确本单元：因此“精确零集不变”不能在普通 \(C^0\)/AW 小扰动下自动保留。；核同一矩形精确固定集切片的逐点固定集、一致极限/cutoff及Gδ或稳定余量量词；不以C180推断源AW对象身份
UHT-OA-U0057	history/sources/次单调论文研究/分类集研究/RLEB_LT_operator_space_research_asset_v1/RLEB_LT_operator_space_research_asset_v1/03_CLASSIFICATION_STAGE/ppa_classification_team/05_obstruction_audit.md	48	48	1.2 精确解集类也不开放 LF48–48	organization	空行/排版分隔	nonmathematical	nonmathematical	research/audit/UNIFORM_HOLDER_FULL_COVERAGE.md#uht-audit-source		标题、空行、连接词或纯任务组织；不承担独立数学断言	无本单元数学义务；不关闭相邻数学或历史证据记录
UHT-OA-U0058	history/sources/次单调论文研究/分类集研究/RLEB_LT_operator_space_research_asset_v1/RLEB_LT_operator_space_research_asset_v1/03_CLASSIFICATION_STAGE/ppa_classification_team/05_obstruction_audit.md	49	49	1.2 精确解集类也不开放 LF49–49	mathematical-assertion	**最弱修复。	source-report	deferred	research/audit/UNIFORM_HOLDER_FULL_COVERAGE.md#uht-audit-source		逐断言保留原来源报告；本批只重建C180，未以来源证明要点或PASS转授其他数学状态	精确本单元：**最弱修复。；核同一矩形精确固定集切片的逐点固定集、一致极限/cutoff及Gδ或稳定余量量词；不以C180推断源AW对象身份
UHT-OA-U0059	history/sources/次单调论文研究/分类集研究/RLEB_LT_operator_space_research_asset_v1/RLEB_LT_operator_space_research_asset_v1/03_CLASSIFICATION_STAGE/ppa_classification_team/05_obstruction_audit.md	49	49	1.2 精确解集类也不开放 LF49–49	mathematical-assertion	** 将 exact \(S\) 作为明确的后置 \(G_\delta\) 子空间，并使用其相对拓扑。	source-report	deferred	research/audit/UNIFORM_HOLDER_FULL_COVERAGE.md#uht-audit-source		逐断言保留原来源报告；本批只重建C180，未以来源证明要点或PASS转授其他数学状态	精确本单元：** 将 exact \(S\) 作为明确的后置 \(G_\delta\) 子空间，并使用其相对拓扑。；核同一矩形精确固定集切片的逐点固定集、一致极限/cutoff及Gδ或稳定余量量词；不以C180推断源AW对象身份
UHT-OA-U0060	history/sources/次单调论文研究/分类集研究/RLEB_LT_operator_space_research_asset_v1/RLEB_LT_operator_space_research_asset_v1/03_CLASSIFICATION_STAGE/ppa_classification_team/05_obstruction_audit.md	49	49	1.2 精确解集类也不开放 LF49–49	mathematical-assertion	需要稳定性的定理，另要求每个远离 \(S\) 的紧 collar 有正位移余量；	source-report	deferred	research/audit/UNIFORM_HOLDER_FULL_COVERAGE.md#uht-audit-source		逐断言保留原来源报告；本批只重建C180，未以来源证明要点或PASS转授其他数学状态	精确本单元：需要稳定性的定理，另要求每个远离 \(S\) 的紧 collar 有正位移余量；；核同一矩形精确固定集切片的逐点固定集、一致极限/cutoff及Gδ或稳定余量量词；不以C180推断源AW对象身份
UHT-OA-U0061	history/sources/次单调论文研究/分类集研究/RLEB_LT_operator_space_research_asset_v1/RLEB_LT_operator_space_research_asset_v1/03_CLASSIFICATION_STAGE/ppa_classification_team/05_obstruction_audit.md	49	49	1.2 精确解集类也不开放 LF49–49	mathematical-assertion	靠近 \(S\) 的统一稳定还需额外结构。	source-report	deferred	research/audit/UNIFORM_HOLDER_FULL_COVERAGE.md#uht-audit-source		逐断言保留原来源报告；本批只重建C180，未以来源证明要点或PASS转授其他数学状态	精确本单元：靠近 \(S\) 的统一稳定还需额外结构。；核同一矩形精确固定集切片的逐点固定集、一致极限/cutoff及Gδ或稳定余量量词；不以C180推断源AW对象身份
UHT-OA-U0062	history/sources/次单调论文研究/分类集研究/RLEB_LT_operator_space_research_asset_v1/RLEB_LT_operator_space_research_asset_v1/03_CLASSIFICATION_STAGE/ppa_classification_team/05_obstruction_audit.md	49	49	1.2 精确解集类也不开放 LF49–49	mathematical-assertion	不得把这个额外结构偷偷并入中立母空间后省略说明。	source-report	deferred	research/audit/UNIFORM_HOLDER_FULL_COVERAGE.md#uht-audit-source		逐断言保留原来源报告；本批只重建C180，未以来源证明要点或PASS转授其他数学状态	精确本单元：不得把这个额外结构偷偷并入中立母空间后省略说明。；核同一矩形精确固定集切片的逐点固定集、一致极限/cutoff及Gδ或稳定余量量词；不以C180推断源AW对象身份
UHT-OA-U0063	history/sources/次单调论文研究/分类集研究/RLEB_LT_operator_space_research_asset_v1/RLEB_LT_operator_space_research_asset_v1/03_CLASSIFICATION_STAGE/ppa_classification_team/05_obstruction_audit.md	50	50	1.2 精确解集类也不开放 LF50–50	organization	空行/排版分隔	nonmathematical	nonmathematical	research/audit/UNIFORM_HOLDER_FULL_COVERAGE.md#uht-audit-source		标题、空行、连接词或纯任务组织；不承担独立数学断言	无本单元数学义务；不关闭相邻数学或历史证据记录
UHT-OA-U0064	history/sources/次单调论文研究/分类集研究/RLEB_LT_operator_space_research_asset_v1/RLEB_LT_operator_space_research_asset_v1/03_CLASSIFICATION_STAGE/ppa_classification_team/05_obstruction_audit.md	51	51	2. 尾层可能为空，或本身处于边界 LF51–51	organization	## 2. 尾层可能为空，或本身处于边界	nonmathematical	nonmathematical	research/audit/UNIFORM_HOLDER_FULL_COVERAGE.md#uht-audit-source		标题、空行、连接词或纯任务组织；不承担独立数学断言	无本单元数学义务；不关闭相邻数学或历史证据记录
UHT-OA-U0065	history/sources/次单调论文研究/分类集研究/RLEB_LT_operator_space_research_asset_v1/RLEB_LT_operator_space_research_asset_v1/03_CLASSIFICATION_STAGE/ppa_classification_team/05_obstruction_audit.md	52	52	2. 尾层可能为空，或本身处于边界 LF52–52	organization	空行/排版分隔	nonmathematical	nonmathematical	research/audit/UNIFORM_HOLDER_FULL_COVERAGE.md#uht-audit-source		标题、空行、连接词或纯任务组织；不承担独立数学断言	无本单元数学义务；不关闭相邻数学或历史证据记录
UHT-OA-U0066	history/sources/次单调论文研究/分类集研究/RLEB_LT_operator_space_research_asset_v1/RLEB_LT_operator_space_research_asset_v1/03_CLASSIFICATION_STAGE/ppa_classification_team/05_obstruction_audit.md	53	53	2. 尾层可能为空，或本身处于边界 LF53–53	mathematical-assertion	记蓝图中的真实尾层为	source-report	deferred	research/audit/UNIFORM_HOLDER_FULL_COVERAGE.md#uht-audit-source		逐断言保留原来源报告；本批只重建C180，未以来源证明要点或PASS转授其他数学状态	精确本单元：记蓝图中的真实尾层为；核共同实际尾定义、连续一致极限回缩及区间逐初值轨道；逐点收敛不能代替一致尾
UHT-OA-U0067	history/sources/次单调论文研究/分类集研究/RLEB_LT_operator_space_research_asset_v1/RLEB_LT_operator_space_research_asset_v1/03_CLASSIFICATION_STAGE/ppa_classification_team/05_obstruction_audit.md	54	54	2. 尾层可能为空，或本身处于边界 LF54–54	organization	空行/排版分隔	nonmathematical	nonmathematical	research/audit/UNIFORM_HOLDER_FULL_COVERAGE.md#uht-audit-source		标题、空行、连接词或纯任务组织；不承担独立数学断言	无本单元数学义务；不关闭相邻数学或历史证据记录
UHT-OA-U0068	history/sources/次单调论文研究/分类集研究/RLEB_LT_operator_space_research_asset_v1/RLEB_LT_operator_space_research_asset_v1/03_CLASSIFICATION_STAGE/ppa_classification_team/05_obstruction_audit.md	55	59	2. 尾层可能为空，或本身处于边界 LF55–59	display-formula	"\[
\mathscr E_{e,S}=\left\{T\in C(K,K):T|_S=I,
\ \|T^m-T^n\|_K\le e_n\ (m\ge n),
\ \|d(T^n\cdot,S)\|_K\le e_n\right\},
\]"	source-report	deferred	research/audit/UNIFORM_HOLDER_FULL_COVERAGE.md#uht-audit-source		逐断言保留原来源报告；本批只重建C180，未以来源证明要点或PASS转授其他数学状态	精确本单元：\[ \mathscr E_{e,S}=\left\{T\in C(K,K):T|_S=I, \ \|T^m-T^n\|_K\le e_n\ (m\ge n), \ \|d(T^n\cdot,S)\|_K\le e_n\right\}, \]；核共同实际尾定义、连续一致极限回缩及区间逐初值轨道；逐点收敛不能代替一致尾
UHT-OA-U0069	history/sources/次单调论文研究/分类集研究/RLEB_LT_operator_space_research_asset_v1/RLEB_LT_operator_space_research_asset_v1/03_CLASSIFICATION_STAGE/ppa_classification_team/05_obstruction_audit.md	60	60	2. 尾层可能为空，或本身处于边界 LF60–60	organization	空行/排版分隔	nonmathematical	nonmathematical	research/audit/UNIFORM_HOLDER_FULL_COVERAGE.md#uht-audit-source		标题、空行、连接词或纯任务组织；不承担独立数学断言	无本单元数学义务；不关闭相邻数学或历史证据记录
UHT-OA-U0070	history/sources/次单调论文研究/分类集研究/RLEB_LT_operator_space_research_asset_v1/RLEB_LT_operator_space_research_asset_v1/03_CLASSIFICATION_STAGE/ppa_classification_team/05_obstruction_audit.md	61	61	2. 尾层可能为空，或本身处于边界 LF61–61	mathematical-assertion	其中 \(e_n\downarrow0\)。	source-report	deferred	research/audit/UNIFORM_HOLDER_FULL_COVERAGE.md#uht-audit-source		逐断言保留原来源报告；本批只重建C180，未以来源证明要点或PASS转授其他数学状态	精确本单元：其中 \(e_n\downarrow0\)。；核共同实际尾定义、连续一致极限回缩及区间逐初值轨道；逐点收敛不能代替一致尾
UHT-OA-U0071	history/sources/次单调论文研究/分类集研究/RLEB_LT_operator_space_research_asset_v1/RLEB_LT_operator_space_research_asset_v1/03_CLASSIFICATION_STAGE/ppa_classification_team/05_obstruction_audit.md	62	62	2. 尾层可能为空，或本身处于边界 LF62–62	organization	空行/排版分隔	nonmathematical	nonmathematical	research/audit/UNIFORM_HOLDER_FULL_COVERAGE.md#uht-audit-source		标题、空行、连接词或纯任务组织；不承担独立数学断言	无本单元数学义务；不关闭相邻数学或历史证据记录
UHT-OA-U0072	history/sources/次单调论文研究/分类集研究/RLEB_LT_operator_space_research_asset_v1/RLEB_LT_operator_space_research_asset_v1/03_CLASSIFICATION_STAGE/ppa_classification_team/05_obstruction_audit.md	63	63	2.1 非空的必要几何条件是连续可回缩，不仅是 \(S\ne\varnothing\) LF63–63	organization	### 2.1 非空的必要几何条件是连续可回缩，不仅是 \(S\ne\varnothing\)	nonmathematical	nonmathematical	research/audit/UNIFORM_HOLDER_FULL_COVERAGE.md#uht-audit-source		标题、空行、连接词或纯任务组织；不承担独立数学断言	无本单元数学义务；不关闭相邻数学或历史证据记录
UHT-OA-U0073	history/sources/次单调论文研究/分类集研究/RLEB_LT_operator_space_research_asset_v1/RLEB_LT_operator_space_research_asset_v1/03_CLASSIFICATION_STAGE/ppa_classification_team/05_obstruction_audit.md	64	64	2.1 非空的必要几何条件是连续可回缩，不仅是 \(S\ne\varnothing\) LF64–64	organization	空行/排版分隔	nonmathematical	nonmathematical	research/audit/UNIFORM_HOLDER_FULL_COVERAGE.md#uht-audit-source		标题、空行、连接词或纯任务组织；不承担独立数学断言	无本单元数学义务；不关闭相邻数学或历史证据记录
UHT-OA-U0074	history/sources/次单调论文研究/分类集研究/RLEB_LT_operator_space_research_asset_v1/RLEB_LT_operator_space_research_asset_v1/03_CLASSIFICATION_STAGE/ppa_classification_team/05_obstruction_audit.md	65	65	2.1 非空的必要几何条件是连续可回缩，不仅是 \(S\ne\varnothing\) LF65–65	mathematical-assertion	若 \(T\in\mathscr E_{e,S}\)，一致极限 \(\Pi_T\) 连续	source-report	deferred	research/audit/UNIFORM_HOLDER_FULL_COVERAGE.md#uht-audit-source		逐断言保留原来源报告；本批只重建C180，未以来源证明要点或PASS转授其他数学状态	精确本单元：若 \(T\in\mathscr E_{e,S}\)，一致极限 \(\Pi_T\) 连续；核共同实际尾定义、连续一致极限回缩及区间逐初值轨道；逐点收敛不能代替一致尾
UHT-OA-U0075	history/sources/次单调论文研究/分类集研究/RLEB_LT_operator_space_research_asset_v1/RLEB_LT_operator_space_research_asset_v1/03_CLASSIFICATION_STAGE/ppa_classification_team/05_obstruction_audit.md	65	65	2.1 非空的必要几何条件是连续可回缩，不仅是 \(S\ne\varnothing\) LF65–65	mathematical-assertion	，且 \(\Pi_T|_S=I\)	source-report	deferred	research/audit/UNIFORM_HOLDER_FULL_COVERAGE.md#uht-audit-source		逐断言保留原来源报告；本批只重建C180，未以来源证明要点或PASS转授其他数学状态	精确本单元：，且 \(\Pi_T|_S=I\)；核共同实际尾定义、连续一致极限回缩及区间逐初值轨道；逐点收敛不能代替一致尾
UHT-OA-U0076	history/sources/次单调论文研究/分类集研究/RLEB_LT_operator_space_research_asset_v1/RLEB_LT_operator_space_research_asset_v1/03_CLASSIFICATION_STAGE/ppa_classification_team/05_obstruction_audit.md	65	65	2.1 非空的必要几何条件是连续可回缩，不仅是 \(S\ne\varnothing\) LF65–65	mathematical-assertion	、\(\Pi_T(K)=S\)。	source-report	deferred	research/audit/UNIFORM_HOLDER_FULL_COVERAGE.md#uht-audit-source		逐断言保留原来源报告；本批只重建C180，未以来源证明要点或PASS转授其他数学状态	精确本单元：、\(\Pi_T(K)=S\)。；核共同实际尾定义、连续一致极限回缩及区间逐初值轨道；逐点收敛不能代替一致尾
UHT-OA-U0077	history/sources/次单调论文研究/分类集研究/RLEB_LT_operator_space_research_asset_v1/RLEB_LT_operator_space_research_asset_v1/03_CLASSIFICATION_STAGE/ppa_classification_team/05_obstruction_audit.md	65	65	2.1 非空的必要几何条件是连续可回缩，不仅是 \(S\ne\varnothing\) LF65–65	mathematical-assertion	所以 \(S\) 必须是 \(K\) 的连续回缩像。	source-report	deferred	research/audit/UNIFORM_HOLDER_FULL_COVERAGE.md#uht-audit-source		逐断言保留原来源报告；本批只重建C180，未以来源证明要点或PASS转授其他数学状态	精确本单元：所以 \(S\) 必须是 \(K\) 的连续回缩像。；核共同实际尾定义、连续一致极限回缩及区间逐初值轨道；逐点收敛不能代替一致尾
UHT-OA-U0078	history/sources/次单调论文研究/分类集研究/RLEB_LT_operator_space_research_asset_v1/RLEB_LT_operator_space_research_asset_v1/03_CLASSIFICATION_STAGE/ppa_classification_team/05_obstruction_audit.md	66	66	2.1 非空的必要几何条件是连续可回缩，不仅是 \(S\ne\varnothing\) LF66–66	organization	空行/排版分隔	nonmathematical	nonmathematical	research/audit/UNIFORM_HOLDER_FULL_COVERAGE.md#uht-audit-source		标题、空行、连接词或纯任务组织；不承担独立数学断言	无本单元数学义务；不关闭相邻数学或历史证据记录
UHT-OA-U0079	history/sources/次单调论文研究/分类集研究/RLEB_LT_operator_space_research_asset_v1/RLEB_LT_operator_space_research_asset_v1/03_CLASSIFICATION_STAGE/ppa_classification_team/05_obstruction_audit.md	67	67	2.1 非空的必要几何条件是连续可回缩，不仅是 \(S\ne\varnothing\) LF67–67	mathematical-assertion	最小反例：\(K=[0,1]\)、\(S=\{0,1\}\)。	source-report	deferred	research/audit/UNIFORM_HOLDER_FULL_COVERAGE.md#uht-audit-source		逐断言保留原来源报告；本批只重建C180，未以来源证明要点或PASS转授其他数学状态	精确本单元：最小反例：\(K=[0,1]\)、\(S=\{0,1\}\)。；核共同实际尾定义、连续一致极限回缩及区间逐初值轨道；逐点收敛不能代替一致尾
UHT-OA-U0080	history/sources/次单调论文研究/分类集研究/RLEB_LT_operator_space_research_asset_v1/RLEB_LT_operator_space_research_asset_v1/03_CLASSIFICATION_STAGE/ppa_classification_team/05_obstruction_audit.md	67	67	2.1 非空的必要几何条件是连续可回缩，不仅是 \(S\ne\varnothing\) LF67–67	mathematical-assertion	连续像保持连通性，因此对任何 \(e_n\to0\)，\(\mathscr E_{e,S}=\varnothing\)。	source-report	deferred	research/audit/UNIFORM_HOLDER_FULL_COVERAGE.md#uht-audit-source		逐断言保留原来源报告；本批只重建C180，未以来源证明要点或PASS转授其他数学状态	精确本单元：连续像保持连通性，因此对任何 \(e_n\to0\)，\(\mathscr E_{e,S}=\varnothing\)。；核共同实际尾定义、连续一致极限回缩及区间逐初值轨道；逐点收敛不能代替一致尾
UHT-OA-U0081	history/sources/次单调论文研究/分类集研究/RLEB_LT_operator_space_research_asset_v1/RLEB_LT_operator_space_research_asset_v1/03_CLASSIFICATION_STAGE/ppa_classification_team/05_obstruction_audit.md	67	67	2.1 非空的必要几何条件是连续可回缩，不仅是 \(S\ne\varnothing\) LF67–67	mathematical-assertion	但	source-report	deferred	research/audit/UNIFORM_HOLDER_FULL_COVERAGE.md#uht-audit-source		逐断言保留原来源报告；本批只重建C180，未以来源证明要点或PASS转授其他数学状态	精确本单元：但；核共同实际尾定义、连续一致极限回缩及区间逐初值轨道；逐点收敛不能代替一致尾
UHT-OA-U0082	history/sources/次单调论文研究/分类集研究/RLEB_LT_operator_space_research_asset_v1/RLEB_LT_operator_space_research_asset_v1/03_CLASSIFICATION_STAGE/ppa_classification_team/05_obstruction_audit.md	68	68	2.1 非空的必要几何条件是连续可回缩，不仅是 \(S\ne\varnothing\) LF68–68	organization	空行/排版分隔	nonmathematical	nonmathematical	research/audit/UNIFORM_HOLDER_FULL_COVERAGE.md#uht-audit-source		标题、空行、连接词或纯任务组织；不承担独立数学断言	无本单元数学义务；不关闭相邻数学或历史证据记录
UHT-OA-U0083	history/sources/次单调论文研究/分类集研究/RLEB_LT_operator_space_research_asset_v1/RLEB_LT_operator_space_research_asset_v1/03_CLASSIFICATION_STAGE/ppa_classification_team/05_obstruction_audit.md	69	71	2.1 非空的必要几何条件是连续可回缩，不仅是 \(S\ne\varnothing\) LF69–71	display-formula	"\[
T(x)=2x-x^2
\]"	source-report	deferred	research/audit/UNIFORM_HOLDER_FULL_COVERAGE.md#uht-audit-source		逐断言保留原来源报告；本批只重建C180，未以来源证明要点或PASS转授其他数学状态	精确本单元：\[ T(x)=2x-x^2 \]；核共同实际尾定义、连续一致极限回缩及区间逐初值轨道；逐点收敛不能代替一致尾
UHT-OA-U0084	history/sources/次单调论文研究/分类集研究/RLEB_LT_operator_space_research_asset_v1/RLEB_LT_operator_space_research_asset_v1/03_CLASSIFICATION_STAGE/ppa_classification_team/05_obstruction_audit.md	72	72	2.1 非空的必要几何条件是连续可回缩，不仅是 \(S\ne\varnothing\) LF72–72	organization	空行/排版分隔	nonmathematical	nonmathematical	research/audit/UNIFORM_HOLDER_FULL_COVERAGE.md#uht-audit-source		标题、空行、连接词或纯任务组织；不承担独立数学断言	无本单元数学义务；不关闭相邻数学或历史证据记录
UHT-OA-U0085	history/sources/次单调论文研究/分类集研究/RLEB_LT_operator_space_research_asset_v1/RLEB_LT_operator_space_research_asset_v1/03_CLASSIFICATION_STAGE/ppa_classification_team/05_obstruction_audit.md	73	73	2.1 非空的必要几何条件是连续可回缩，不仅是 \(S\ne\varnothing\) LF73–73	mathematical-assertion	有精确固定集 \(S\)，且每个初值轨道点收敛：\(0\) 驻定，所有 \(x>0\) 趋向 \(1\)。	source-report	deferred	research/audit/UNIFORM_HOLDER_FULL_COVERAGE.md#uht-audit-source		逐断言保留原来源报告；本批只重建C180，未以来源证明要点或PASS转授其他数学状态	精确本单元：有精确固定集 \(S\)，且每个初值轨道点收敛：\(0\) 驻定，所有 \(x>0\) 趋向 \(1\)。；核共同实际尾定义、连续一致极限回缩及区间逐初值轨道；逐点收敛不能代替一致尾
UHT-OA-U0086	history/sources/次单调论文研究/分类集研究/RLEB_LT_operator_space_research_asset_v1/RLEB_LT_operator_space_research_asset_v1/03_CLASSIFICATION_STAGE/ppa_classification_team/05_obstruction_audit.md	73	73	2.1 非空的必要几何条件是连续可回缩，不仅是 \(S\ne\varnothing\) LF73–73	mathematical-assertion	故“逐初值收敛者存在”不能保证“共同实际尾层存在”。	source-report	deferred	research/audit/UNIFORM_HOLDER_FULL_COVERAGE.md#uht-audit-source		逐断言保留原来源报告；本批只重建C180，未以来源证明要点或PASS转授其他数学状态	精确本单元：故“逐初值收敛者存在”不能保证“共同实际尾层存在”。；核共同实际尾定义、连续一致极限回缩及区间逐初值轨道；逐点收敛不能代替一致尾
UHT-OA-U0087	history/sources/次单调论文研究/分类集研究/RLEB_LT_operator_space_research_asset_v1/RLEB_LT_operator_space_research_asset_v1/03_CLASSIFICATION_STAGE/ppa_classification_team/05_obstruction_audit.md	74	74	2.1 非空的必要几何条件是连续可回缩，不仅是 \(S\ne\varnothing\) LF74–74	organization	空行/排版分隔	nonmathematical	nonmathematical	research/audit/UNIFORM_HOLDER_FULL_COVERAGE.md#uht-audit-source		标题、空行、连接词或纯任务组织；不承担独立数学断言	无本单元数学义务；不关闭相邻数学或历史证据记录
UHT-OA-U0088	history/sources/次单调论文研究/分类集研究/RLEB_LT_operator_space_research_asset_v1/RLEB_LT_operator_space_research_asset_v1/03_CLASSIFICATION_STAGE/ppa_classification_team/05_obstruction_audit.md	75	75	2.2 闭尾层在固定解点母空间中可以无处稠密 LF75–75	organization	### 2.2 闭尾层在固定解点母空间中可以无处稠密	nonmathematical	nonmathematical	research/audit/UNIFORM_HOLDER_FULL_COVERAGE.md#uht-audit-source		标题、空行、连接词或纯任务组织；不承担独立数学断言	无本单元数学义务；不关闭相邻数学或历史证据记录
UHT-OA-U0089	history/sources/次单调论文研究/分类集研究/RLEB_LT_operator_space_research_asset_v1/RLEB_LT_operator_space_research_asset_v1/03_CLASSIFICATION_STAGE/ppa_classification_team/05_obstruction_audit.md	76	76	2.2 闭尾层在固定解点母空间中可以无处稠密 LF76–76	organization	空行/排版分隔	nonmathematical	nonmathematical	research/audit/UNIFORM_HOLDER_FULL_COVERAGE.md#uht-audit-source		标题、空行、连接词或纯任务组织；不承担独立数学断言	无本单元数学义务；不关闭相邻数学或历史证据记录
UHT-OA-U0090	history/sources/次单调论文研究/分类集研究/RLEB_LT_operator_space_research_asset_v1/RLEB_LT_operator_space_research_asset_v1/03_CLASSIFICATION_STAGE/ppa_classification_team/05_obstruction_audit.md	77	77	2.2 闭尾层在固定解点母空间中可以无处稠密 LF77–77	mathematical-assertion	在第 1 节矩形中，每个 \(\mathscr E_{e,S}\) 是闭集，并且在 \(\mathscr A_S\) 中内点为空。	source-report	deferred	research/audit/UNIFORM_HOLDER_FULL_COVERAGE.md#uht-audit-source		逐断言保留原来源报告；本批只重建C180，未以来源证明要点或PASS转授其他数学状态	精确本单元：在第 1 节矩形中，每个 \(\mathscr E_{e,S}\) 是闭集，并且在 \(\mathscr A_S\) 中内点为空。；核矩形固定S恒等母空间内的bump和值域/一致距；这一构造有意新增固定点，不能当exact-S内扰动
UHT-OA-U0091	history/sources/次单调论文研究/分类集研究/RLEB_LT_operator_space_research_asset_v1/RLEB_LT_operator_space_research_asset_v1/03_CLASSIFICATION_STAGE/ppa_classification_team/05_obstruction_audit.md	78	78	2.2 闭尾层在固定解点母空间中可以无处稠密 LF78–78	organization	空行/排版分隔	nonmathematical	nonmathematical	research/audit/UNIFORM_HOLDER_FULL_COVERAGE.md#uht-audit-source		标题、空行、连接词或纯任务组织；不承担独立数学断言	无本单元数学义务；不关闭相邻数学或历史证据记录
UHT-OA-U0092	history/sources/次单调论文研究/分类集研究/RLEB_LT_operator_space_research_asset_v1/RLEB_LT_operator_space_research_asset_v1/03_CLASSIFICATION_STAGE/ppa_classification_team/05_obstruction_audit.md	79	79	2.2 闭尾层在固定解点母空间中可以无处稠密 LF79–79	mathematical-assertion	证明：给定 \(T\in\mathscr E_{e,S}\)、\(s\in S\)，取靠近 \(s\) 的 \(p\in K\setminus S\)。	source-report	deferred	research/audit/UNIFORM_HOLDER_FULL_COVERAGE.md#uht-audit-source		逐断言保留原来源报告；本批只重建C180，未以来源证明要点或PASS转授其他数学状态	精确本单元：证明：给定 \(T\in\mathscr E_{e,S}\)、\(s\in S\)，取靠近 \(s\) 的 \(p\in K\setminus S\)。；核矩形固定S恒等母空间内的bump和值域/一致距；这一构造有意新增固定点，不能当exact-S内扰动
UHT-OA-U0093	history/sources/次单调论文研究/分类集研究/RLEB_LT_operator_space_research_asset_v1/RLEB_LT_operator_space_research_asset_v1/03_CLASSIFICATION_STAGE/ppa_classification_team/05_obstruction_audit.md	79	79	2.2 闭尾层在固定解点母空间中可以无处稠密 LF79–79	mathematical-assertion	因 \(T(s)=s\)，可取支集与 \(S\) 分离、位于 \(s\) 小邻域的连续 bump \(b\)，\(b(p)=1\)。	source-report	deferred	research/audit/UNIFORM_HOLDER_FULL_COVERAGE.md#uht-audit-source		逐断言保留原来源报告；本批只重建C180，未以来源证明要点或PASS转授其他数学状态	精确本单元：因 \(T(s)=s\)，可取支集与 \(S\) 分离、位于 \(s\) 小邻域的连续 bump \(b\)，\(b(p)=1\)。；核矩形固定S恒等母空间内的bump和值域/一致距；这一构造有意新增固定点，不能当exact-S内扰动
UHT-OA-U0094	history/sources/次单调论文研究/分类集研究/RLEB_LT_operator_space_research_asset_v1/RLEB_LT_operator_space_research_asset_v1/03_CLASSIFICATION_STAGE/ppa_classification_team/05_obstruction_audit.md	79	79	2.2 闭尾层在固定解点母空间中可以无处稠密 LF79–79	organization	令	nonmathematical	nonmathematical	research/audit/UNIFORM_HOLDER_FULL_COVERAGE.md#uht-audit-source		标题、空行、连接词或纯任务组织；不承担独立数学断言	无本单元数学义务；不关闭相邻数学或历史证据记录
UHT-OA-U0095	history/sources/次单调论文研究/分类集研究/RLEB_LT_operator_space_research_asset_v1/RLEB_LT_operator_space_research_asset_v1/03_CLASSIFICATION_STAGE/ppa_classification_team/05_obstruction_audit.md	80	80	2.2 闭尾层在固定解点母空间中可以无处稠密 LF80–80	organization	空行/排版分隔	nonmathematical	nonmathematical	research/audit/UNIFORM_HOLDER_FULL_COVERAGE.md#uht-audit-source		标题、空行、连接词或纯任务组织；不承担独立数学断言	无本单元数学义务；不关闭相邻数学或历史证据记录
UHT-OA-U0096	history/sources/次单调论文研究/分类集研究/RLEB_LT_operator_space_research_asset_v1/RLEB_LT_operator_space_research_asset_v1/03_CLASSIFICATION_STAGE/ppa_classification_team/05_obstruction_audit.md	81	83	2.2 闭尾层在固定解点母空间中可以无处稠密 LF81–83	display-formula	"\[
U(z)=(1-b(z))T(z)+b(z)p.
\]"	source-report	deferred	research/audit/UNIFORM_HOLDER_FULL_COVERAGE.md#uht-audit-source		逐断言保留原来源报告；本批只重建C180，未以来源证明要点或PASS转授其他数学状态	精确本单元：\[ U(z)=(1-b(z))T(z)+b(z)p. \]；核矩形固定S恒等母空间内的bump和值域/一致距；这一构造有意新增固定点，不能当exact-S内扰动
UHT-OA-U0097	history/sources/次单调论文研究/分类集研究/RLEB_LT_operator_space_research_asset_v1/RLEB_LT_operator_space_research_asset_v1/03_CLASSIFICATION_STAGE/ppa_classification_team/05_obstruction_audit.md	84	84	2.2 闭尾层在固定解点母空间中可以无处稠密 LF84–84	organization	空行/排版分隔	nonmathematical	nonmathematical	research/audit/UNIFORM_HOLDER_FULL_COVERAGE.md#uht-audit-source		标题、空行、连接词或纯任务组织；不承担独立数学断言	无本单元数学义务；不关闭相邻数学或历史证据记录
UHT-OA-U0098	history/sources/次单调论文研究/分类集研究/RLEB_LT_operator_space_research_asset_v1/RLEB_LT_operator_space_research_asset_v1/03_CLASSIFICATION_STAGE/ppa_classification_team/05_obstruction_audit.md	85	85	2.2 闭尾层在固定解点母空间中可以无处稠密 LF85–85	mathematical-assertion	矩形凸性保证 \(U(K)\subset K\)	source-report	deferred	research/audit/UNIFORM_HOLDER_FULL_COVERAGE.md#uht-audit-source		逐断言保留原来源报告；本批只重建C180，未以来源证明要点或PASS转授其他数学状态	精确本单元：矩形凸性保证 \(U(K)\subset K\)；核矩形固定S恒等母空间内的bump和值域/一致距；这一构造有意新增固定点，不能当exact-S内扰动
UHT-OA-U0099	history/sources/次单调论文研究/分类集研究/RLEB_LT_operator_space_research_asset_v1/RLEB_LT_operator_space_research_asset_v1/03_CLASSIFICATION_STAGE/ppa_classification_team/05_obstruction_audit.md	85	85	2.2 闭尾层在固定解点母空间中可以无处稠密 LF85–85	mathematical-assertion	，且 \(U|_S=I\)。	source-report	deferred	research/audit/UNIFORM_HOLDER_FULL_COVERAGE.md#uht-audit-source		逐断言保留原来源报告；本批只重建C180，未以来源证明要点或PASS转授其他数学状态	精确本单元：，且 \(U|_S=I\)。；核矩形固定S恒等母空间内的bump和值域/一致距；这一构造有意新增固定点，不能当exact-S内扰动
UHT-OA-U0100	history/sources/次单调论文研究/分类集研究/RLEB_LT_operator_space_research_asset_v1/RLEB_LT_operator_space_research_asset_v1/03_CLASSIFICATION_STAGE/ppa_classification_team/05_obstruction_audit.md	85	85	2.2 闭尾层在固定解点母空间中可以无处稠密 LF85–85	mathematical-assertion	由 \(T\) 在 \(s\) 的连续性，\(\|U-T\|_\infty\) 可任意小；	source-report	deferred	research/audit/UNIFORM_HOLDER_FULL_COVERAGE.md#uht-audit-source		逐断言保留原来源报告；本批只重建C180，未以来源证明要点或PASS转授其他数学状态	精确本单元：由 \(T\) 在 \(s\) 的连续性，\(\|U-T\|_\infty\) 可任意小；；核矩形固定S恒等母空间内的bump和值域/一致距；这一构造有意新增固定点，不能当exact-S内扰动
UHT-OA-U0101	history/sources/次单调论文研究/分类集研究/RLEB_LT_operator_space_research_asset_v1/RLEB_LT_operator_space_research_asset_v1/03_CLASSIFICATION_STAGE/ppa_classification_team/05_obstruction_audit.md	85	85	2.2 闭尾层在固定解点母空间中可以无处稠密 LF85–85	mathematical-assertion	然而 \(U(p)=p\notin S\)	source-report	deferred	research/audit/UNIFORM_HOLDER_FULL_COVERAGE.md#uht-audit-source		逐断言保留原来源报告；本批只重建C180，未以来源证明要点或PASS转授其他数学状态	精确本单元：然而 \(U(p)=p\notin S\)；核矩形固定S恒等母空间内的bump和值域/一致距；这一构造有意新增固定点，不能当exact-S内扰动
UHT-OA-U0102	history/sources/次单调论文研究/分类集研究/RLEB_LT_operator_space_research_asset_v1/RLEB_LT_operator_space_research_asset_v1/03_CLASSIFICATION_STAGE/ppa_classification_team/05_obstruction_audit.md	85	85	2.2 闭尾层在固定解点母空间中可以无处稠密 LF85–85	mathematical-assertion	，故 \(U\notin\mathscr E_{e,S}\)。	source-report	deferred	research/audit/UNIFORM_HOLDER_FULL_COVERAGE.md#uht-audit-source		逐断言保留原来源报告；本批只重建C180，未以来源证明要点或PASS转授其他数学状态	精确本单元：，故 \(U\notin\mathscr E_{e,S}\)。；核矩形固定S恒等母空间内的bump和值域/一致距；这一构造有意新增固定点，不能当exact-S内扰动
UHT-OA-U0103	history/sources/次单调论文研究/分类集研究/RLEB_LT_operator_space_research_asset_v1/RLEB_LT_operator_space_research_asset_v1/03_CLASSIFICATION_STAGE/ppa_classification_team/05_obstruction_audit.md	85	85	2.2 闭尾层在固定解点母空间中可以无处稠密 LF85–85	organization	证毕。	nonmathematical	nonmathematical	research/audit/UNIFORM_HOLDER_FULL_COVERAGE.md#uht-audit-source		标题、空行、连接词或纯任务组织；不承担独立数学断言	无本单元数学义务；不关闭相邻数学或历史证据记录
UHT-OA-U0104	history/sources/次单调论文研究/分类集研究/RLEB_LT_operator_space_research_asset_v1/RLEB_LT_operator_space_research_asset_v1/03_CLASSIFICATION_STAGE/ppa_classification_team/05_obstruction_audit.md	86	86	2.2 闭尾层在固定解点母空间中可以无处稠密 LF86–86	organization	空行/排版分隔	nonmathematical	nonmathematical	research/audit/UNIFORM_HOLDER_FULL_COVERAGE.md#uht-audit-source		标题、空行、连接词或纯任务组织；不承担独立数学断言	无本单元数学义务；不关闭相邻数学或历史证据记录
UHT-OA-U0105	history/sources/次单调论文研究/分类集研究/RLEB_LT_operator_space_research_asset_v1/RLEB_LT_operator_space_research_asset_v1/03_CLASSIFICATION_STAGE/ppa_classification_team/05_obstruction_audit.md	87	87	2.2 闭尾层在固定解点母空间中可以无处稠密 LF87–87	mathematical-assertion	这不是尾层缺陷，而是说明其**相对 Baire 性不能向更大的母空间自动转移**。	source-report	deferred	research/audit/UNIFORM_HOLDER_FULL_COVERAGE.md#uht-audit-source		逐断言保留原来源报告；本批只重建C180，未以来源证明要点或PASS转授其他数学状态	精确本单元：这不是尾层缺陷，而是说明其**相对 Baire 性不能向更大的母空间自动转移**。；核矩形固定S恒等母空间内的bump和值域/一致距；这一构造有意新增固定点，不能当exact-S内扰动
UHT-OA-U0106	history/sources/次单调论文研究/分类集研究/RLEB_LT_operator_space_research_asset_v1/RLEB_LT_operator_space_research_asset_v1/03_CLASSIFICATION_STAGE/ppa_classification_team/05_obstruction_audit.md	88	88	2.2 闭尾层在固定解点母空间中可以无处稠密 LF88–88	organization	空行/排版分隔	nonmathematical	nonmathematical	research/audit/UNIFORM_HOLDER_FULL_COVERAGE.md#uht-audit-source		标题、空行、连接词或纯任务组织；不承担独立数学断言	无本单元数学义务；不关闭相邻数学或历史证据记录
UHT-OA-U0107	history/sources/次单调论文研究/分类集研究/RLEB_LT_operator_space_research_asset_v1/RLEB_LT_operator_space_research_asset_v1/03_CLASSIFICATION_STAGE/ppa_classification_team/05_obstruction_audit.md	89	89	2.3 即使只在 exact \(S\)、一致收敛者之间扰动，固定尾也不自动稳定 LF89–89	organization	### 2.3 即使只在 exact \(S\)、一致收敛者之间扰动，固定尾也不自动稳定	nonmathematical	nonmathematical	research/audit/UNIFORM_HOLDER_FULL_COVERAGE.md#uht-audit-source		标题、空行、连接词或纯任务组织；不承担独立数学断言	无本单元数学义务；不关闭相邻数学或历史证据记录
UHT-OA-U0108	history/sources/次单调论文研究/分类集研究/RLEB_LT_operator_space_research_asset_v1/RLEB_LT_operator_space_research_asset_v1/03_CLASSIFICATION_STAGE/ppa_classification_team/05_obstruction_audit.md	90	90	2.3 即使只在 exact \(S\)、一致收敛者之间扰动，固定尾也不自动稳定 LF90–90	organization	空行/排版分隔	nonmathematical	nonmathematical	research/audit/UNIFORM_HOLDER_FULL_COVERAGE.md#uht-audit-source		标题、空行、连接词或纯任务组织；不承担独立数学断言	无本单元数学义务；不关闭相邻数学或历史证据记录
UHT-OA-U0109	history/sources/次单调论文研究/分类集研究/RLEB_LT_operator_space_research_asset_v1/RLEB_LT_operator_space_research_asset_v1/03_CLASSIFICATION_STAGE/ppa_classification_team/05_obstruction_audit.md	91	91	2.3 即使只在 exact \(S\)、一致收敛者之间扰动，固定尾也不自动稳定 LF91–91	mathematical-assertion	仍取 \(P(x,y)=(x,0)\)。	source-report	deferred	research/audit/UNIFORM_HOLDER_FULL_COVERAGE.md#uht-audit-source		逐断言保留原来源报告；本批只重建C180，未以来源证明要点或PASS转授其他数学状态	精确本单元：仍取 \(P(x,y)=(x,0)\)。；核Tε,a全部迭代、全时间距离及给定预算的N,a顺序；不能从一致接近P推尾预算内点
UHT-OA-U0110	history/sources/次单调论文研究/分类集研究/RLEB_LT_operator_space_research_asset_v1/RLEB_LT_operator_space_research_asset_v1/03_CLASSIFICATION_STAGE/ppa_classification_team/05_obstruction_audit.md	91	91	2.3 即使只在 exact \(S\)、一致收敛者之间扰动，固定尾也不自动稳定 LF91–91	organization	令	nonmathematical	nonmathematical	research/audit/UNIFORM_HOLDER_FULL_COVERAGE.md#uht-audit-source		标题、空行、连接词或纯任务组织；不承担独立数学断言	无本单元数学义务；不关闭相邻数学或历史证据记录
UHT-OA-U0111	history/sources/次单调论文研究/分类集研究/RLEB_LT_operator_space_research_asset_v1/RLEB_LT_operator_space_research_asset_v1/03_CLASSIFICATION_STAGE/ppa_classification_team/05_obstruction_audit.md	92	92	2.3 即使只在 exact \(S\)、一致收敛者之间扰动，固定尾也不自动稳定 LF92–92	organization	空行/排版分隔	nonmathematical	nonmathematical	research/audit/UNIFORM_HOLDER_FULL_COVERAGE.md#uht-audit-source		标题、空行、连接词或纯任务组织；不承担独立数学断言	无本单元数学义务；不关闭相邻数学或历史证据记录
UHT-OA-U0112	history/sources/次单调论文研究/分类集研究/RLEB_LT_operator_space_research_asset_v1/RLEB_LT_operator_space_research_asset_v1/03_CLASSIFICATION_STAGE/ppa_classification_team/05_obstruction_audit.md	93	95	2.3 即使只在 exact \(S\)、一致收敛者之间扰动，固定尾也不自动稳定 LF93–95	display-formula	"\[
T_{\varepsilon,a}(x,y)=(x,a\min\{y,\varepsilon\}),\qquad0<a<1.
\]"	source-report	deferred	research/audit/UNIFORM_HOLDER_FULL_COVERAGE.md#uht-audit-source		逐断言保留原来源报告；本批只重建C180，未以来源证明要点或PASS转授其他数学状态	精确本单元：\[ T_{\varepsilon,a}(x,y)=(x,a\min\{y,\varepsilon\}),\qquad0<a<1. \]；核Tε,a全部迭代、全时间距离及给定预算的N,a顺序；不能从一致接近P推尾预算内点
UHT-OA-U0113	history/sources/次单调论文研究/分类集研究/RLEB_LT_operator_space_research_asset_v1/RLEB_LT_operator_space_research_asset_v1/03_CLASSIFICATION_STAGE/ppa_classification_team/05_obstruction_audit.md	96	96	2.3 即使只在 exact \(S\)、一致收敛者之间扰动，固定尾也不自动稳定 LF96–96	organization	空行/排版分隔	nonmathematical	nonmathematical	research/audit/UNIFORM_HOLDER_FULL_COVERAGE.md#uht-audit-source		标题、空行、连接词或纯任务组织；不承担独立数学断言	无本单元数学义务；不关闭相邻数学或历史证据记录
UHT-OA-U0114	history/sources/次单调论文研究/分类集研究/RLEB_LT_operator_space_research_asset_v1/RLEB_LT_operator_space_research_asset_v1/03_CLASSIFICATION_STAGE/ppa_classification_team/05_obstruction_audit.md	97	97	2.3 即使只在 exact \(S\)、一致收敛者之间扰动，固定尾也不自动稳定 LF97–97	mathematical-assertion	则 exact \(S\) 保持，并且	source-report	deferred	research/audit/UNIFORM_HOLDER_FULL_COVERAGE.md#uht-audit-source		逐断言保留原来源报告；本批只重建C180，未以来源证明要点或PASS转授其他数学状态	精确本单元：则 exact \(S\) 保持，并且；核Tε,a全部迭代、全时间距离及给定预算的N,a顺序；不能从一致接近P推尾预算内点
UHT-OA-U0115	history/sources/次单调论文研究/分类集研究/RLEB_LT_operator_space_research_asset_v1/RLEB_LT_operator_space_research_asset_v1/03_CLASSIFICATION_STAGE/ppa_classification_team/05_obstruction_audit.md	98	98	2.3 即使只在 exact \(S\)、一致收敛者之间扰动，固定尾也不自动稳定 LF98–98	organization	空行/排版分隔	nonmathematical	nonmathematical	research/audit/UNIFORM_HOLDER_FULL_COVERAGE.md#uht-audit-source		标题、空行、连接词或纯任务组织；不承担独立数学断言	无本单元数学义务；不关闭相邻数学或历史证据记录
UHT-OA-U0116	history/sources/次单调论文研究/分类集研究/RLEB_LT_operator_space_research_asset_v1/RLEB_LT_operator_space_research_asset_v1/03_CLASSIFICATION_STAGE/ppa_classification_team/05_obstruction_audit.md	99	103	2.3 即使只在 exact \(S\)、一致收敛者之间扰动，固定尾也不自动稳定 LF99–103	display-formula	"\[
\|T_{\varepsilon,a}-P\|_\infty\le\varepsilon,
\qquad
\sup_{K}d(T_{\varepsilon,a}^n z,S)=\varepsilon a^n\quad(n\ge1).
\]"	source-report	deferred	research/audit/UNIFORM_HOLDER_FULL_COVERAGE.md#uht-audit-source		逐断言保留原来源报告；本批只重建C180，未以来源证明要点或PASS转授其他数学状态	精确本单元：\[ \|T_{\varepsilon,a}-P\|_\infty\le\varepsilon, \qquad \sup_{K}d(T_{\varepsilon,a}^n z,S)=\varepsilon a^n\quad(n\ge1). \]；核Tε,a全部迭代、全时间距离及给定预算的N,a顺序；不能从一致接近P推尾预算内点
UHT-OA-U0117	history/sources/次单调论文研究/分类集研究/RLEB_LT_operator_space_research_asset_v1/RLEB_LT_operator_space_research_asset_v1/03_CLASSIFICATION_STAGE/ppa_classification_team/05_obstruction_audit.md	104	104	2.3 即使只在 exact \(S\)、一致收敛者之间扰动，固定尾也不自动稳定 LF104–104	organization	空行/排版分隔	nonmathematical	nonmathematical	research/audit/UNIFORM_HOLDER_FULL_COVERAGE.md#uht-audit-source		标题、空行、连接词或纯任务组织；不承担独立数学断言	无本单元数学义务；不关闭相邻数学或历史证据记录
UHT-OA-U0118	history/sources/次单调论文研究/分类集研究/RLEB_LT_operator_space_research_asset_v1/RLEB_LT_operator_space_research_asset_v1/03_CLASSIFICATION_STAGE/ppa_classification_team/05_obstruction_audit.md	105	105	2.3 即使只在 exact \(S\)、一致收敛者之间扰动，固定尾也不自动稳定 LF105–105	mathematical-assertion	所有这些映射都一致收敛，甚至与 \(P\) 的全时间距离不超过 \(\varepsilon\)。	source-report	deferred	research/audit/UNIFORM_HOLDER_FULL_COVERAGE.md#uht-audit-source		逐断言保留原来源报告；本批只重建C180，未以来源证明要点或PASS转授其他数学状态	精确本单元：所有这些映射都一致收敛，甚至与 \(P\) 的全时间距离不超过 \(\varepsilon\)。；核Tε,a全部迭代、全时间距离及给定预算的N,a顺序；不能从一致接近P推尾预算内点
UHT-OA-U0119	history/sources/次单调论文研究/分类集研究/RLEB_LT_operator_space_research_asset_v1/RLEB_LT_operator_space_research_asset_v1/03_CLASSIFICATION_STAGE/ppa_classification_team/05_obstruction_audit.md	105	105	2.3 即使只在 exact \(S\)、一致收敛者之间扰动，固定尾也不自动稳定 LF105–105	mathematical-assertion	给定任意 \(e_n\to0\)，选 \(N\) 使 \(e_N<\varepsilon/2\)	source-report	deferred	research/audit/UNIFORM_HOLDER_FULL_COVERAGE.md#uht-audit-source		逐断言保留原来源报告；本批只重建C180，未以来源证明要点或PASS转授其他数学状态	精确本单元：给定任意 \(e_n\to0\)，选 \(N\) 使 \(e_N<\varepsilon/2\)；核Tε,a全部迭代、全时间距离及给定预算的N,a顺序；不能从一致接近P推尾预算内点
UHT-OA-U0120	history/sources/次单调论文研究/分类集研究/RLEB_LT_operator_space_research_asset_v1/RLEB_LT_operator_space_research_asset_v1/03_CLASSIFICATION_STAGE/ppa_classification_team/05_obstruction_audit.md	105	105	2.3 即使只在 exact \(S\)、一致收敛者之间扰动，固定尾也不自动稳定 LF105–105	mathematical-assertion	，再选 \(a^N>1/2\)	source-report	deferred	research/audit/UNIFORM_HOLDER_FULL_COVERAGE.md#uht-audit-source		逐断言保留原来源报告；本批只重建C180，未以来源证明要点或PASS转授其他数学状态	精确本单元：，再选 \(a^N>1/2\)；核Tε,a全部迭代、全时间距离及给定预算的N,a顺序；不能从一致接近P推尾预算内点
UHT-OA-U0121	history/sources/次单调论文研究/分类集研究/RLEB_LT_operator_space_research_asset_v1/RLEB_LT_operator_space_research_asset_v1/03_CLASSIFICATION_STAGE/ppa_classification_team/05_obstruction_audit.md	105	105	2.3 即使只在 exact \(S\)、一致收敛者之间扰动，固定尾也不自动稳定 LF105–105	mathematical-assertion	，即可使 \(T_{\varepsilon,a}\notin\mathscr E_{e,S}\)。	source-report	deferred	research/audit/UNIFORM_HOLDER_FULL_COVERAGE.md#uht-audit-source		逐断言保留原来源报告；本批只重建C180，未以来源证明要点或PASS转授其他数学状态	精确本单元：，即可使 \(T_{\varepsilon,a}\notin\mathscr E_{e,S}\)。；核Tε,a全部迭代、全时间距离及给定预算的N,a顺序；不能从一致接近P推尾预算内点
UHT-OA-U0122	history/sources/次单调论文研究/分类集研究/RLEB_LT_operator_space_research_asset_v1/RLEB_LT_operator_space_research_asset_v1/03_CLASSIFICATION_STAGE/ppa_classification_team/05_obstruction_audit.md	105	105	2.3 即使只在 exact \(S\)、一致收敛者之间扰动，固定尾也不自动稳定 LF105–105	mathematical-assertion	因此在统一收敛空间里，\(P\) 也不是任何固定尾层的内点。	source-report	deferred	research/audit/UNIFORM_HOLDER_FULL_COVERAGE.md#uht-audit-source		逐断言保留原来源报告；本批只重建C180，未以来源证明要点或PASS转授其他数学状态	精确本单元：因此在统一收敛空间里，\(P\) 也不是任何固定尾层的内点。；核Tε,a全部迭代、全时间距离及给定预算的N,a顺序；不能从一致接近P推尾预算内点
UHT-OA-U0123	history/sources/次单调论文研究/分类集研究/RLEB_LT_operator_space_research_asset_v1/RLEB_LT_operator_space_research_asset_v1/03_CLASSIFICATION_STAGE/ppa_classification_team/05_obstruction_audit.md	106	106	2.3 即使只在 exact \(S\)、一致收敛者之间扰动，固定尾也不自动稳定 LF106–106	organization	空行/排版分隔	nonmathematical	nonmathematical	research/audit/UNIFORM_HOLDER_FULL_COVERAGE.md#uht-audit-source		标题、空行、连接词或纯任务组织；不承担独立数学断言	无本单元数学义务；不关闭相邻数学或历史证据记录
UHT-OA-U0124	history/sources/次单调论文研究/分类集研究/RLEB_LT_operator_space_research_asset_v1/RLEB_LT_operator_space_research_asset_v1/03_CLASSIFICATION_STAGE/ppa_classification_team/05_obstruction_audit.md	107	107	2.3 即使只在 exact \(S\)、一致收敛者之间扰动，固定尾也不自动稳定 LF107–107	mathematical-assertion	**修复。	source-report	deferred	research/audit/UNIFORM_HOLDER_FULL_COVERAGE.md#uht-audit-source		逐断言保留原来源报告；本批只重建C180，未以来源证明要点或PASS转授其他数学状态	精确本单元：**修复。；核Tε,a全部迭代、全时间距离及给定预算的N,a顺序；不能从一致接近P推尾预算内点
UHT-OA-U0125	history/sources/次单调论文研究/分类集研究/RLEB_LT_operator_space_research_asset_v1/RLEB_LT_operator_space_research_asset_v1/03_CLASSIFICATION_STAGE/ppa_classification_team/05_obstruction_audit.md	107	107	2.3 即使只在 exact \(S\)、一致收敛者之间扰动，固定尾也不自动稳定 LF107–107	mathematical-assertion	** 每个比较定理须先说明尾层非空、是否非退化、它在选定母空间中的位置。	source-report	deferred	research/audit/UNIFORM_HOLDER_FULL_COVERAGE.md#uht-audit-source		逐断言保留原来源报告；本批只重建C180，未以来源证明要点或PASS转授其他数学状态	精确本单元：** 每个比较定理须先说明尾层非空、是否非退化、它在选定母空间中的位置。；核Tε,a全部迭代、全时间距离及给定预算的N,a顺序；不能从一致接近P推尾预算内点
UHT-OA-U0126	history/sources/次单调论文研究/分类集研究/RLEB_LT_operator_space_research_asset_v1/RLEB_LT_operator_space_research_asset_v1/03_CLASSIFICATION_STAGE/ppa_classification_team/05_obstruction_audit.md	107	107	2.3 即使只在 exact \(S\)、一致收敛者之间扰动，固定尾也不自动稳定 LF107–107	mathematical-assertion	要说“整个收敛世界”须直接在无速率 \(\mathscr C_{\rm lu}\) 上证明，或另给跨层范畴转移定理。	source-report	deferred	research/audit/UNIFORM_HOLDER_FULL_COVERAGE.md#uht-audit-source		逐断言保留原来源报告；本批只重建C180，未以来源证明要点或PASS转授其他数学状态	精确本单元：要说“整个收敛世界”须直接在无速率 \(\mathscr C_{\rm lu}\) 上证明，或另给跨层范畴转移定理。；核Tε,a全部迭代、全时间距离及给定预算的N,a顺序；不能从一致接近P推尾预算内点
UHT-OA-U0127	history/sources/次单调论文研究/分类集研究/RLEB_LT_operator_space_research_asset_v1/RLEB_LT_operator_space_research_asset_v1/03_CLASSIFICATION_STAGE/ppa_classification_team/05_obstruction_audit.md	108	108	2.3 即使只在 exact \(S\)、一致收敛者之间扰动，固定尾也不自动稳定 LF108–108	organization	空行/排版分隔	nonmathematical	nonmathematical	research/audit/UNIFORM_HOLDER_FULL_COVERAGE.md#uht-audit-source		标题、空行、连接词或纯任务组织；不承担独立数学断言	无本单元数学义务；不关闭相邻数学或历史证据记录
UHT-OA-U0128	history/sources/次单调论文研究/分类集研究/RLEB_LT_operator_space_research_asset_v1/RLEB_LT_operator_space_research_asset_v1/03_CLASSIFICATION_STAGE/ppa_classification_team/05_obstruction_audit.md	109	109	2.4 非空尾层中的 RLEB 可以是全体，也可以为空 LF109–109	organization	### 2.4 非空尾层中的 RLEB 可以是全体，也可以为空	nonmathematical	nonmathematical	research/audit/UNIFORM_HOLDER_FULL_COVERAGE.md#uht-audit-source		标题、空行、连接词或纯任务组织；不承担独立数学断言	无本单元数学义务；不关闭相邻数学或历史证据记录
UHT-OA-U0129	history/sources/次单调论文研究/分类集研究/RLEB_LT_operator_space_research_asset_v1/RLEB_LT_operator_space_research_asset_v1/03_CLASSIFICATION_STAGE/ppa_classification_team/05_obstruction_audit.md	110	110	2.4 非空尾层中的 RLEB 可以是全体，也可以为空 LF110–110	organization	空行/排版分隔	nonmathematical	nonmathematical	research/audit/UNIFORM_HOLDER_FULL_COVERAGE.md#uht-audit-source		标题、空行、连接词或纯任务组织；不承担独立数学断言	无本单元数学义务；不关闭相邻数学或历史证据记录
UHT-OA-U0130	history/sources/次单调论文研究/分类集研究/RLEB_LT_operator_space_research_asset_v1/RLEB_LT_operator_space_research_asset_v1/03_CLASSIFICATION_STAGE/ppa_classification_team/05_obstruction_audit.md	111	111	2.4 非空尾层中的 RLEB 可以是全体，也可以为空 LF111–111	scope-contract	以下均在蓝图允许的完整紧输入模型内成立，用于检验不加几何条件的普遍断言；	source-report	deferred	research/audit/UNIFORM_HOLDER_FULL_COVERAGE.md#uht-audit-source		逐断言保留原来源报告；本批只重建C180，未以来源证明要点或PASS转授其他数学状态	精确本单元：以下均在蓝图允许的完整紧输入模型内成立，用于检验不加几何条件的普遍断言；；核该明确K,S的一步回缩唯一性/紧性/连续性；涉及RLEB、LT、反射RL时另核完整源图、全部纤维、参数和严格兼容
UHT-OA-U0131	history/sources/次单调论文研究/分类集研究/RLEB_LT_operator_space_research_asset_v1/RLEB_LT_operator_space_research_asset_v1/03_CLASSIFICATION_STAGE/ppa_classification_team/05_obstruction_audit.md	111	111	2.4 非空尾层中的 RLEB 可以是全体，也可以为空 LF111–111	scope-contract	不声称它们已覆盖规则开输入图表的全部情况。	source-report	deferred	research/audit/UNIFORM_HOLDER_FULL_COVERAGE.md#uht-audit-source		逐断言保留原来源报告；本批只重建C180，未以来源证明要点或PASS转授其他数学状态	精确本单元：不声称它们已覆盖规则开输入图表的全部情况。；核该明确K,S的一步回缩唯一性/紧性/连续性；涉及RLEB、LT、反射RL时另核完整源图、全部纤维、参数和严格兼容
UHT-OA-U0132	history/sources/次单调论文研究/分类集研究/RLEB_LT_operator_space_research_asset_v1/RLEB_LT_operator_space_research_asset_v1/03_CLASSIFICATION_STAGE/ppa_classification_team/05_obstruction_audit.md	112	112	2.4 非空尾层中的 RLEB 可以是全体，也可以为空 LF112–112	organization	空行/排版分隔	nonmathematical	nonmathematical	research/audit/UNIFORM_HOLDER_FULL_COVERAGE.md#uht-audit-source		标题、空行、连接词或纯任务组织；不承担独立数学断言	无本单元数学义务；不关闭相邻数学或历史证据记录
UHT-OA-U0133	history/sources/次单调论文研究/分类集研究/RLEB_LT_operator_space_research_asset_v1/RLEB_LT_operator_space_research_asset_v1/03_CLASSIFICATION_STAGE/ppa_classification_team/05_obstruction_audit.md	113	113	2.4 非空尾层中的 RLEB 可以是全体，也可以为空 LF113–113	mathematical-assertion	**全体的例子。	source-report	deferred	research/audit/UNIFORM_HOLDER_FULL_COVERAGE.md#uht-audit-source		逐断言保留原来源报告；本批只重建C180，未以来源证明要点或PASS转授其他数学状态	精确本单元：**全体的例子。；核该明确K,S的一步回缩唯一性/紧性/连续性；涉及RLEB、LT、反射RL时另核完整源图、全部纤维、参数和严格兼容
UHT-OA-U0134	history/sources/次单调论文研究/分类集研究/RLEB_LT_operator_space_research_asset_v1/RLEB_LT_operator_space_research_asset_v1/03_CLASSIFICATION_STAGE/ppa_classification_team/05_obstruction_audit.md	113	113	2.4 非空尾层中的 RLEB 可以是全体，也可以为空 LF113–113	mathematical-assertion	** 令	source-report	deferred	research/audit/UNIFORM_HOLDER_FULL_COVERAGE.md#uht-audit-source		逐断言保留原来源报告；本批只重建C180，未以来源证明要点或PASS转授其他数学状态	精确本单元：** 令；核该明确K,S的一步回缩唯一性/紧性/连续性；涉及RLEB、LT、反射RL时另核完整源图、全部纤维、参数和严格兼容
UHT-OA-U0135	history/sources/次单调论文研究/分类集研究/RLEB_LT_operator_space_research_asset_v1/RLEB_LT_operator_space_research_asset_v1/03_CLASSIFICATION_STAGE/ppa_classification_team/05_obstruction_audit.md	114	114	2.4 非空尾层中的 RLEB 可以是全体，也可以为空 LF114–114	organization	空行/排版分隔	nonmathematical	nonmathematical	research/audit/UNIFORM_HOLDER_FULL_COVERAGE.md#uht-audit-source		标题、空行、连接词或纯任务组织；不承担独立数学断言	无本单元数学义务；不关闭相邻数学或历史证据记录
UHT-OA-U0136	history/sources/次单调论文研究/分类集研究/RLEB_LT_operator_space_research_asset_v1/RLEB_LT_operator_space_research_asset_v1/03_CLASSIFICATION_STAGE/ppa_classification_team/05_obstruction_audit.md	115	117	2.4 非空尾层中的 RLEB 可以是全体，也可以为空 LF115–117	display-formula	"\[
K=[-1.1,-0.9]\cup[0.9,1.1],\qquad S=\{-1,1\},
\]"	source-report	deferred	research/audit/UNIFORM_HOLDER_FULL_COVERAGE.md#uht-audit-source		逐断言保留原来源报告；本批只重建C180，未以来源证明要点或PASS转授其他数学状态	精确本单元：\[ K=[-1.1,-0.9]\cup[0.9,1.1],\qquad S=\{-1,1\}, \]；核该明确K,S的一步回缩唯一性/紧性/连续性；涉及RLEB、LT、反射RL时另核完整源图、全部纤维、参数和严格兼容
UHT-OA-U0137	history/sources/次单调论文研究/分类集研究/RLEB_LT_operator_space_research_asset_v1/RLEB_LT_operator_space_research_asset_v1/03_CLASSIFICATION_STAGE/ppa_classification_team/05_obstruction_audit.md	118	118	2.4 非空尾层中的 RLEB 可以是全体，也可以为空 LF118–118	organization	空行/排版分隔	nonmathematical	nonmathematical	research/audit/UNIFORM_HOLDER_FULL_COVERAGE.md#uht-audit-source		标题、空行、连接词或纯任务组织；不承担独立数学断言	无本单元数学义务；不关闭相邻数学或历史证据记录
UHT-OA-U0138	history/sources/次单调论文研究/分类集研究/RLEB_LT_operator_space_research_asset_v1/RLEB_LT_operator_space_research_asset_v1/03_CLASSIFICATION_STAGE/ppa_classification_team/05_obstruction_audit.md	119	119	2.4 非空尾层中的 RLEB 可以是全体，也可以为空 LF119–119	mathematical-assertion	取 \(e_0=\operatorname{diam}K\)、\(e_n=0\)（\(n\ge1\)）。	source-report	deferred	research/audit/UNIFORM_HOLDER_FULL_COVERAGE.md#uht-audit-source		逐断言保留原来源报告；本批只重建C180，未以来源证明要点或PASS转授其他数学状态	精确本单元：取 \(e_0=\operatorname{diam}K\)、\(e_n=0\)（\(n\ge1\)）。；核该明确K,S的一步回缩唯一性/紧性/连续性；涉及RLEB、LT、反射RL时另核完整源图、全部纤维、参数和严格兼容
UHT-OA-U0139	history/sources/次单调论文研究/分类集研究/RLEB_LT_operator_space_research_asset_v1/RLEB_LT_operator_space_research_asset_v1/03_CLASSIFICATION_STAGE/ppa_classification_team/05_obstruction_audit.md	119	119	2.4 非空尾层中的 RLEB 可以是全体，也可以为空 LF119–119	mathematical-assertion	每个连续一步回缩在每个连通分量上必须为常值	source-report	deferred	research/audit/UNIFORM_HOLDER_FULL_COVERAGE.md#uht-audit-source		逐断言保留原来源报告；本批只重建C180，未以来源证明要点或PASS转授其他数学状态	精确本单元：每个连续一步回缩在每个连通分量上必须为常值；核该明确K,S的一步回缩唯一性/紧性/连续性；涉及RLEB、LT、反射RL时另核完整源图、全部纤维、参数和严格兼容
UHT-OA-U0140	history/sources/次单调论文研究/分类集研究/RLEB_LT_operator_space_research_asset_v1/RLEB_LT_operator_space_research_asset_v1/03_CLASSIFICATION_STAGE/ppa_classification_team/05_obstruction_audit.md	119	119	2.4 非空尾层中的 RLEB 可以是全体，也可以为空 LF119–119	mathematical-assertion	，且固定 \(S\)	source-report	deferred	research/audit/UNIFORM_HOLDER_FULL_COVERAGE.md#uht-audit-source		逐断言保留原来源报告；本批只重建C180，未以来源证明要点或PASS转授其他数学状态	精确本单元：，且固定 \(S\)；核该明确K,S的一步回缩唯一性/紧性/连续性；涉及RLEB、LT、反射RL时另核完整源图、全部纤维、参数和严格兼容
UHT-OA-U0141	history/sources/次单调论文研究/分类集研究/RLEB_LT_operator_space_research_asset_v1/RLEB_LT_operator_space_research_asset_v1/03_CLASSIFICATION_STAGE/ppa_classification_team/05_obstruction_audit.md	119	119	2.4 非空尾层中的 RLEB 可以是全体，也可以为空 LF119–119	mathematical-assertion	，所以尾层只有 \(P(x)=\operatorname{sgn}x\) 一个元素。	source-report	deferred	research/audit/UNIFORM_HOLDER_FULL_COVERAGE.md#uht-audit-source		逐断言保留原来源报告；本批只重建C180，未以来源证明要点或PASS转授其他数学状态	精确本单元：，所以尾层只有 \(P(x)=\operatorname{sgn}x\) 一个元素。；核该明确K,S的一步回缩唯一性/紧性/连续性；涉及RLEB、LT、反射RL时另核完整源图、全部纤维、参数和严格兼容
UHT-OA-U0142	history/sources/次单调论文研究/分类集研究/RLEB_LT_operator_space_research_asset_v1/RLEB_LT_operator_space_research_asset_v1/03_CLASSIFICATION_STAGE/ppa_classification_team/05_obstruction_audit.md	119	119	2.4 非空尾层中的 RLEB 可以是全体，也可以为空 LF119–119	mathematical-assertion	它 Lipschitz	source-report	deferred	research/audit/UNIFORM_HOLDER_FULL_COVERAGE.md#uht-audit-source		逐断言保留原来源报告；本批只重建C180，未以来源证明要点或PASS转授其他数学状态	精确本单元：它 Lipschitz；核该明确K,S的一步回缩唯一性/紧性/连续性；涉及RLEB、LT、反射RL时另核完整源图、全部纤维、参数和严格兼容
UHT-OA-U0143	history/sources/次单调论文研究/分类集研究/RLEB_LT_operator_space_research_asset_v1/RLEB_LT_operator_space_research_asset_v1/03_CLASSIFICATION_STAGE/ppa_classification_team/05_obstruction_audit.md	119	119	2.4 非空尾层中的 RLEB 可以是全体，也可以为空 LF119–119	mathematical-assertion	，输出真实 EB 为零	source-report	deferred	research/audit/UNIFORM_HOLDER_FULL_COVERAGE.md#uht-audit-source		逐断言保留原来源报告；本批只重建C180，未以来源证明要点或PASS转授其他数学状态	精确本单元：，输出真实 EB 为零；核该明确K,S的一步回缩唯一性/紧性/连续性；涉及RLEB、LT、反射RL时另核完整源图、全部纤维、参数和严格兼容
UHT-OA-U0144	history/sources/次单调论文研究/分类集研究/RLEB_LT_operator_space_research_asset_v1/RLEB_LT_operator_space_research_asset_v1/03_CLASSIFICATION_STAGE/ppa_classification_team/05_obstruction_audit.md	119	119	2.4 非空尾层中的 RLEB 可以是全体，也可以为空 LF119–119	mathematical-assertion	，故 RLEB 认证类就是整个非空尾层。	source-report	deferred	research/audit/UNIFORM_HOLDER_FULL_COVERAGE.md#uht-audit-source		逐断言保留原来源报告；本批只重建C180，未以来源证明要点或PASS转授其他数学状态	精确本单元：，故 RLEB 认证类就是整个非空尾层。；核该明确K,S的一步回缩唯一性/紧性/连续性；涉及RLEB、LT、反射RL时另核完整源图、全部纤维、参数和严格兼容
UHT-OA-U0145	history/sources/次单调论文研究/分类集研究/RLEB_LT_operator_space_research_asset_v1/RLEB_LT_operator_space_research_asset_v1/03_CLASSIFICATION_STAGE/ppa_classification_team/05_obstruction_audit.md	119	119	2.4 非空尾层中的 RLEB 可以是全体，也可以为空 LF119–119	mathematical-assertion	其全对反射常数可取 \(11/9\)	source-report	deferred	research/audit/UNIFORM_HOLDER_FULL_COVERAGE.md#uht-audit-source		逐断言保留原来源报告；本批只重建C180，未以来源证明要点或PASS转授其他数学状态	精确本单元：其全对反射常数可取 \(11/9\)；核该明确K,S的一步回缩唯一性/紧性/连续性；涉及RLEB、LT、反射RL时另核完整源图、全部纤维、参数和严格兼容
UHT-OA-U0146	history/sources/次单调论文研究/分类集研究/RLEB_LT_operator_space_research_asset_v1/RLEB_LT_operator_space_research_asset_v1/03_CLASSIFICATION_STAGE/ppa_classification_team/05_obstruction_audit.md	119	119	2.4 非空尾层中的 RLEB 可以是全体，也可以为空 LF119–119	mathematical-assertion	，因此连 LT 公共数值条件也可用足够小的正 EB 常数满足。	source-report	deferred	research/audit/UNIFORM_HOLDER_FULL_COVERAGE.md#uht-audit-source		逐断言保留原来源报告；本批只重建C180，未以来源证明要点或PASS转授其他数学状态	精确本单元：，因此连 LT 公共数值条件也可用足够小的正 EB 常数满足。；核该明确K,S的一步回缩唯一性/紧性/连续性；涉及RLEB、LT、反射RL时另核完整源图、全部纤维、参数和严格兼容
UHT-OA-U0147	history/sources/次单调论文研究/分类集研究/RLEB_LT_operator_space_research_asset_v1/RLEB_LT_operator_space_research_asset_v1/03_CLASSIFICATION_STAGE/ppa_classification_team/05_obstruction_audit.md	120	120	2.4 非空尾层中的 RLEB 可以是全体，也可以为空 LF120–120	organization	空行/排版分隔	nonmathematical	nonmathematical	research/audit/UNIFORM_HOLDER_FULL_COVERAGE.md#uht-audit-source		标题、空行、连接词或纯任务组织；不承担独立数学断言	无本单元数学义务；不关闭相邻数学或历史证据记录
UHT-OA-U0148	history/sources/次单调论文研究/分类集研究/RLEB_LT_operator_space_research_asset_v1/RLEB_LT_operator_space_research_asset_v1/03_CLASSIFICATION_STAGE/ppa_classification_team/05_obstruction_audit.md	121	121	2.4 非空尾层中的 RLEB 可以是全体，也可以为空 LF121–121	mathematical-assertion	**为空的例子（不是尾层为空）。	source-report	deferred	research/audit/UNIFORM_HOLDER_FULL_COVERAGE.md#uht-audit-source		逐断言保留原来源报告；本批只重建C180，未以来源证明要点或PASS转授其他数学状态	精确本单元：**为空的例子（不是尾层为空）。；核该明确K,S的一步回缩唯一性/紧性/连续性；涉及RLEB、LT、反射RL时另核完整源图、全部纤维、参数和严格兼容
UHT-OA-U0149	history/sources/次单调论文研究/分类集研究/RLEB_LT_operator_space_research_asset_v1/RLEB_LT_operator_space_research_asset_v1/03_CLASSIFICATION_STAGE/ppa_classification_team/05_obstruction_audit.md	121	121	2.4 非空尾层中的 RLEB 可以是全体，也可以为空 LF121–121	mathematical-assertion	** 在 \(\mathbb R^2\) 取单位方向 \(v_n=(\cos(1/n),\sin(1/n))\)，并令	source-report	deferred	research/audit/UNIFORM_HOLDER_FULL_COVERAGE.md#uht-audit-source		逐断言保留原来源报告；本批只重建C180，未以来源证明要点或PASS转授其他数学状态	精确本单元：** 在 \(\mathbb R^2\) 取单位方向 \(v_n=(\cos(1/n),\sin(1/n))\)，并令；核该明确K,S的一步回缩唯一性/紧性/连续性；涉及RLEB、LT、反射RL时另核完整源图、全部纤维、参数和严格兼容
UHT-OA-U0150	history/sources/次单调论文研究/分类集研究/RLEB_LT_operator_space_research_asset_v1/RLEB_LT_operator_space_research_asset_v1/03_CLASSIFICATION_STAGE/ppa_classification_team/05_obstruction_audit.md	122	122	2.4 非空尾层中的 RLEB 可以是全体，也可以为空 LF122–122	organization	空行/排版分隔	nonmathematical	nonmathematical	research/audit/UNIFORM_HOLDER_FULL_COVERAGE.md#uht-audit-source		标题、空行、连接词或纯任务组织；不承担独立数学断言	无本单元数学义务；不关闭相邻数学或历史证据记录
UHT-OA-U0151	history/sources/次单调论文研究/分类集研究/RLEB_LT_operator_space_research_asset_v1/RLEB_LT_operator_space_research_asset_v1/03_CLASSIFICATION_STAGE/ppa_classification_team/05_obstruction_audit.md	123	126	2.4 非空尾层中的 RLEB 可以是全体，也可以为空 LF123–126	display-formula	"\[
r_n=1/n,\quad \varepsilon_n=e^{-n^2},\quad
K_n=\{tv_n:\varepsilon_n\le t\le r_n\},
\]"	source-report	deferred	research/audit/UNIFORM_HOLDER_FULL_COVERAGE.md#uht-audit-source		逐断言保留原来源报告；本批只重建C180，未以来源证明要点或PASS转授其他数学状态	精确本单元：\[ r_n=1/n,\quad \varepsilon_n=e^{-n^2},\quad K_n=\{tv_n:\varepsilon_n\le t\le r_n\}, \]；核该明确K,S的一步回缩唯一性/紧性/连续性；涉及RLEB、LT、反射RL时另核完整源图、全部纤维、参数和严格兼容
UHT-OA-U0152	history/sources/次单调论文研究/分类集研究/RLEB_LT_operator_space_research_asset_v1/RLEB_LT_operator_space_research_asset_v1/03_CLASSIFICATION_STAGE/ppa_classification_team/05_obstruction_audit.md	127	127	2.4 非空尾层中的 RLEB 可以是全体，也可以为空 LF127–127	organization	空行/排版分隔	nonmathematical	nonmathematical	research/audit/UNIFORM_HOLDER_FULL_COVERAGE.md#uht-audit-source		标题、空行、连接词或纯任务组织；不承担独立数学断言	无本单元数学义务；不关闭相邻数学或历史证据记录
UHT-OA-U0153	history/sources/次单调论文研究/分类集研究/RLEB_LT_operator_space_research_asset_v1/RLEB_LT_operator_space_research_asset_v1/03_CLASSIFICATION_STAGE/ppa_classification_team/05_obstruction_audit.md	128	131	2.4 非空尾层中的 RLEB 可以是全体，也可以为空 LF128–131	display-formula	"\[
K=\{0\}\cup\bigcup_{n\ge1}K_n,
\qquad S=\{0\}\cup\{r_nv_n:n\ge1\}.
\]"	source-report	deferred	research/audit/UNIFORM_HOLDER_FULL_COVERAGE.md#uht-audit-source		逐断言保留原来源报告；本批只重建C180，未以来源证明要点或PASS转授其他数学状态	精确本单元：\[ K=\{0\}\cup\bigcup_{n\ge1}K_n, \qquad S=\{0\}\cup\{r_nv_n:n\ge1\}. \]；核该明确K,S的一步回缩唯一性/紧性/连续性；涉及RLEB、LT、反射RL时另核完整源图、全部纤维、参数和严格兼容
UHT-OA-U0154	history/sources/次单调论文研究/分类集研究/RLEB_LT_operator_space_research_asset_v1/RLEB_LT_operator_space_research_asset_v1/03_CLASSIFICATION_STAGE/ppa_classification_team/05_obstruction_audit.md	132	132	2.4 非空尾层中的 RLEB 可以是全体，也可以为空 LF132–132	organization	空行/排版分隔	nonmathematical	nonmathematical	research/audit/UNIFORM_HOLDER_FULL_COVERAGE.md#uht-audit-source		标题、空行、连接词或纯任务组织；不承担独立数学断言	无本单元数学义务；不关闭相邻数学或历史证据记录
UHT-OA-U0155	history/sources/次单调论文研究/分类集研究/RLEB_LT_operator_space_research_asset_v1/RLEB_LT_operator_space_research_asset_v1/03_CLASSIFICATION_STAGE/ppa_classification_team/05_obstruction_audit.md	133	133	2.4 非空尾层中的 RLEB 可以是全体，也可以为空 LF133–133	mathematical-assertion	\(K\) 紧；	source-report	deferred	research/audit/UNIFORM_HOLDER_FULL_COVERAGE.md#uht-audit-source		逐断言保留原来源报告；本批只重建C180，未以来源证明要点或PASS转授其他数学状态	精确本单元：\(K\) 紧；；核该明确K,S的一步回缩唯一性/紧性/连续性；涉及RLEB、LT、反射RL时另核完整源图、全部纤维、参数和严格兼容
UHT-OA-U0156	history/sources/次单调论文研究/分类集研究/RLEB_LT_operator_space_research_asset_v1/RLEB_LT_operator_space_research_asset_v1/03_CLASSIFICATION_STAGE/ppa_classification_team/05_obstruction_audit.md	133	133	2.4 非空尾层中的 RLEB 可以是全体，也可以为空 LF133–133	mathematical-assertion	各线段互不相交	source-report	deferred	research/audit/UNIFORM_HOLDER_FULL_COVERAGE.md#uht-audit-source		逐断言保留原来源报告；本批只重建C180，未以来源证明要点或PASS转授其他数学状态	精确本单元：各线段互不相交；核该明确K,S的一步回缩唯一性/紧性/连续性；涉及RLEB、LT、反射RL时另核完整源图、全部纤维、参数和严格兼容
UHT-OA-U0157	history/sources/次单调论文研究/分类集研究/RLEB_LT_operator_space_research_asset_v1/RLEB_LT_operator_space_research_asset_v1/03_CLASSIFICATION_STAGE/ppa_classification_team/05_obstruction_audit.md	133	133	2.4 非空尾层中的 RLEB 可以是全体，也可以为空 LF133–133	mathematical-assertion	，且其直径与到零的距离一并趋零。	source-report	deferred	research/audit/UNIFORM_HOLDER_FULL_COVERAGE.md#uht-audit-source		逐断言保留原来源报告；本批只重建C180，未以来源证明要点或PASS转授其他数学状态	精确本单元：，且其直径与到零的距离一并趋零。；核该明确K,S的一步回缩唯一性/紧性/连续性；涉及RLEB、LT、反射RL时另核完整源图、全部纤维、参数和严格兼容
UHT-OA-U0158	history/sources/次单调论文研究/分类集研究/RLEB_LT_operator_space_research_asset_v1/RLEB_LT_operator_space_research_asset_v1/03_CLASSIFICATION_STAGE/ppa_classification_team/05_obstruction_audit.md	133	133	2.4 非空尾层中的 RLEB 可以是全体，也可以为空 LF133–133	mathematical-assertion	\(S\) 全不连通	source-report	deferred	research/audit/UNIFORM_HOLDER_FULL_COVERAGE.md#uht-audit-source		逐断言保留原来源报告；本批只重建C180，未以来源证明要点或PASS转授其他数学状态	精确本单元：\(S\) 全不连通；核该明确K,S的一步回缩唯一性/紧性/连续性；涉及RLEB、LT、反射RL时另核完整源图、全部纤维、参数和严格兼容
UHT-OA-U0159	history/sources/次单调论文研究/分类集研究/RLEB_LT_operator_space_research_asset_v1/RLEB_LT_operator_space_research_asset_v1/03_CLASSIFICATION_STAGE/ppa_classification_team/05_obstruction_audit.md	133	133	2.4 非空尾层中的 RLEB 可以是全体，也可以为空 LF133–133	mathematical-assertion	，所以任何连续回缩 \(K\to S\) 都必须将整个连通线段 \(K_n\) 映到它唯一包含的固定目标 \(r_nv_n\)。	source-report	deferred	research/audit/UNIFORM_HOLDER_FULL_COVERAGE.md#uht-audit-source		逐断言保留原来源报告；本批只重建C180，未以来源证明要点或PASS转授其他数学状态	精确本单元：，所以任何连续回缩 \(K\to S\) 都必须将整个连通线段 \(K_n\) 映到它唯一包含的固定目标 \(r_nv_n\)。；核该明确K,S的一步回缩唯一性/紧性/连续性；涉及RLEB、LT、反射RL时另核完整源图、全部纤维、参数和严格兼容
UHT-OA-U0160	history/sources/次单调论文研究/分类集研究/RLEB_LT_operator_space_research_asset_v1/RLEB_LT_operator_space_research_asset_v1/03_CLASSIFICATION_STAGE/ppa_classification_team/05_obstruction_audit.md	133	133	2.4 非空尾层中的 RLEB 可以是全体，也可以为空 LF133–133	mathematical-assertion	因此一步尾层同样是单点 \(\{P\}\)	source-report	deferred	research/audit/UNIFORM_HOLDER_FULL_COVERAGE.md#uht-audit-source		逐断言保留原来源报告；本批只重建C180，未以来源证明要点或PASS转授其他数学状态	精确本单元：因此一步尾层同样是单点 \(\{P\}\)；核该明确K,S的一步回缩唯一性/紧性/连续性；涉及RLEB、LT、反射RL时另核完整源图、全部纤维、参数和严格兼容
UHT-OA-U0161	history/sources/次单调论文研究/分类集研究/RLEB_LT_operator_space_research_asset_v1/RLEB_LT_operator_space_research_asset_v1/03_CLASSIFICATION_STAGE/ppa_classification_team/05_obstruction_audit.md	133	133	2.4 非空尾层中的 RLEB 可以是全体，也可以为空 LF133–133	mathematical-assertion	，并且该回缩连续。	source-report	deferred	research/audit/UNIFORM_HOLDER_FULL_COVERAGE.md#uht-audit-source		逐断言保留原来源报告；本批只重建C180，未以来源证明要点或PASS转授其他数学状态	精确本单元：，并且该回缩连续。；核该明确K,S的一步回缩唯一性/紧性/连续性；涉及RLEB、LT、反射RL时另核完整源图、全部纤维、参数和严格兼容
UHT-OA-U0162	history/sources/次单调论文研究/分类集研究/RLEB_LT_operator_space_research_asset_v1/RLEB_LT_operator_space_research_asset_v1/03_CLASSIFICATION_STAGE/ppa_classification_team/05_obstruction_audit.md	134	134	2.4 非空尾层中的 RLEB 可以是全体，也可以为空 LF134–134	organization	空行/排版分隔	nonmathematical	nonmathematical	research/audit/UNIFORM_HOLDER_FULL_COVERAGE.md#uht-audit-source		标题、空行、连接词或纯任务组织；不承担独立数学断言	无本单元数学义务；不关闭相邻数学或历史证据记录
UHT-OA-U0163	history/sources/次单调论文研究/分类集研究/RLEB_LT_operator_space_research_asset_v1/RLEB_LT_operator_space_research_asset_v1/03_CLASSIFICATION_STAGE/ppa_classification_team/05_obstruction_audit.md	135	135	2.4 非空尾层中的 RLEB 可以是全体，也可以为空 LF135–135	organization	但是对 \(p_n=\varepsilon_nv_n\)，	nonmathematical	nonmathematical	research/audit/UNIFORM_HOLDER_FULL_COVERAGE.md#uht-audit-source		标题、空行、连接词或纯任务组织；不承担独立数学断言	无本单元数学义务；不关闭相邻数学或历史证据记录
UHT-OA-U0164	history/sources/次单调论文研究/分类集研究/RLEB_LT_operator_space_research_asset_v1/RLEB_LT_operator_space_research_asset_v1/03_CLASSIFICATION_STAGE/ppa_classification_team/05_obstruction_audit.md	136	136	2.4 非空尾层中的 RLEB 可以是全体，也可以为空 LF136–136	organization	空行/排版分隔	nonmathematical	nonmathematical	research/audit/UNIFORM_HOLDER_FULL_COVERAGE.md#uht-audit-source		标题、空行、连接词或纯任务组织；不承担独立数学断言	无本单元数学义务；不关闭相邻数学或历史证据记录
UHT-OA-U0165	history/sources/次单调论文研究/分类集研究/RLEB_LT_operator_space_research_asset_v1/RLEB_LT_operator_space_research_asset_v1/03_CLASSIFICATION_STAGE/ppa_classification_team/05_obstruction_audit.md	137	140	2.4 非空尾层中的 RLEB 可以是全体，也可以为空 LF137–140	display-formula	"\[
\|P(p_n)-P(0)\|=1/n,
\qquad \|p_n\|=e^{-n^2}.
\]"	source-report	deferred	research/audit/UNIFORM_HOLDER_FULL_COVERAGE.md#uht-audit-source		逐断言保留原来源报告；本批只重建C180，未以来源证明要点或PASS转授其他数学状态	精确本单元：\[ \|P(p_n)-P(0)\|=1/n, \qquad \|p_n\|=e^{-n^2}. \]；核该明确K,S的一步回缩唯一性/紧性/连续性；涉及RLEB、LT、反射RL时另核完整源图、全部纤维、参数和严格兼容
UHT-OA-U0166	history/sources/次单调论文研究/分类集研究/RLEB_LT_operator_space_research_asset_v1/RLEB_LT_operator_space_research_asset_v1/03_CLASSIFICATION_STAGE/ppa_classification_team/05_obstruction_audit.md	141	141	2.4 非空尾层中的 RLEB 可以是全体，也可以为空 LF141–141	organization	空行/排版分隔	nonmathematical	nonmathematical	research/audit/UNIFORM_HOLDER_FULL_COVERAGE.md#uht-audit-source		标题、空行、连接词或纯任务组织；不承担独立数学断言	无本单元数学义务；不关闭相邻数学或历史证据记录
UHT-OA-U0167	history/sources/次单调论文研究/分类集研究/RLEB_LT_operator_space_research_asset_v1/RLEB_LT_operator_space_research_asset_v1/03_CLASSIFICATION_STAGE/ppa_classification_team/05_obstruction_audit.md	142	142	2.4 非空尾层中的 RLEB 可以是全体，也可以为空 LF142–142	mathematical-assertion	对每个 \(\alpha>0\)，比值 \(e^{\alpha n^2}/n\to\infty\)	source-report	deferred	research/audit/UNIFORM_HOLDER_FULL_COVERAGE.md#uht-audit-source		逐断言保留原来源报告；本批只重建C180，未以来源证明要点或PASS转授其他数学状态	精确本单元：对每个 \(\alpha>0\)，比值 \(e^{\alpha n^2}/n\to\infty\)；核该明确K,S的一步回缩唯一性/紧性/连续性；涉及RLEB、LT、反射RL时另核完整源图、全部纤维、参数和严格兼容
UHT-OA-U0168	history/sources/次单调论文研究/分类集研究/RLEB_LT_operator_space_research_asset_v1/RLEB_LT_operator_space_research_asset_v1/03_CLASSIFICATION_STAGE/ppa_classification_team/05_obstruction_audit.md	142	142	2.4 非空尾层中的 RLEB 可以是全体，也可以为空 LF142–142	mathematical-assertion	，故 \(P\) 没有任何正 Hölder 指数；	source-report	deferred	research/audit/UNIFORM_HOLDER_FULL_COVERAGE.md#uht-audit-source		逐断言保留原来源报告；本批只重建C180，未以来源证明要点或PASS转授其他数学状态	精确本单元：，故 \(P\) 没有任何正 Hölder 指数；；核该明确K,S的一步回缩唯一性/紧性/连续性；涉及RLEB、LT、反射RL时另核完整源图、全部纤维、参数和严格兼容
UHT-OA-U0169	history/sources/次单调论文研究/分类集研究/RLEB_LT_operator_space_research_asset_v1/RLEB_LT_operator_space_research_asset_v1/03_CLASSIFICATION_STAGE/ppa_classification_team/05_obstruction_audit.md	142	142	2.4 非空尾层中的 RLEB 可以是全体，也可以为空 LF142–142	mathematical-assertion	反射 RL 也失败。	source-report	deferred	research/audit/UNIFORM_HOLDER_FULL_COVERAGE.md#uht-audit-source		逐断言保留原来源报告；本批只重建C180，未以来源证明要点或PASS转授其他数学状态	精确本单元：反射 RL 也失败。；核该明确K,S的一步回缩唯一性/紧性/连续性；涉及RLEB、LT、反射RL时另核完整源图、全部纤维、参数和严格兼容
UHT-OA-U0170	history/sources/次单调论文研究/分类集研究/RLEB_LT_operator_space_research_asset_v1/RLEB_LT_operator_space_research_asset_v1/03_CLASSIFICATION_STAGE/ppa_classification_team/05_obstruction_audit.md	142	142	2.4 非空尾层中的 RLEB 可以是全体，也可以为空 LF142–142	mathematical-assertion	完整 \(F_{P,K}\) 闭图	source-report	deferred	research/audit/UNIFORM_HOLDER_FULL_COVERAGE.md#uht-audit-source		逐断言保留原来源报告；本批只重建C180，未以来源证明要点或PASS转授其他数学状态	精确本单元：完整 \(F_{P,K}\) 闭图；核该明确K,S的一步回缩唯一性/紧性/连续性；涉及RLEB、LT、反射RL时另核完整源图、全部纤维、参数和严格兼容
UHT-OA-U0171	history/sources/次单调论文研究/分类集研究/RLEB_LT_operator_space_research_asset_v1/RLEB_LT_operator_space_research_asset_v1/03_CLASSIFICATION_STAGE/ppa_classification_team/05_obstruction_audit.md	142	142	2.4 非空尾层中的 RLEB 可以是全体，也可以为空 LF142–142	mathematical-assertion	、一步收敛	source-report	deferred	research/audit/UNIFORM_HOLDER_FULL_COVERAGE.md#uht-audit-source		逐断言保留原来源报告；本批只重建C180，未以来源证明要点或PASS转授其他数学状态	精确本单元：、一步收敛；核该明确K,S的一步回缩唯一性/紧性/连续性；涉及RLEB、LT、反射RL时另核完整源图、全部纤维、参数和严格兼容
UHT-OA-U0172	history/sources/次单调论文研究/分类集研究/RLEB_LT_operator_space_research_asset_v1/RLEB_LT_operator_space_research_asset_v1/03_CLASSIFICATION_STAGE/ppa_classification_team/05_obstruction_audit.md	142	142	2.4 非空尾层中的 RLEB 可以是全体，也可以为空 LF142–142	mathematical-assertion	、零集精确	source-report	deferred	research/audit/UNIFORM_HOLDER_FULL_COVERAGE.md#uht-audit-source		逐断言保留原来源报告；本批只重建C180，未以来源证明要点或PASS转授其他数学状态	精确本单元：、零集精确；核该明确K,S的一步回缩唯一性/紧性/连续性；涉及RLEB、LT、反射RL时另核完整源图、全部纤维、参数和严格兼容
UHT-OA-U0173	history/sources/次单调论文研究/分类集研究/RLEB_LT_operator_space_research_asset_v1/RLEB_LT_operator_space_research_asset_v1/03_CLASSIFICATION_STAGE/ppa_classification_team/05_obstruction_audit.md	142	142	2.4 非空尾层中的 RLEB 可以是全体，也可以为空 LF142–142	mathematical-assertion	、真实 EB 左端为零	source-report	deferred	research/audit/UNIFORM_HOLDER_FULL_COVERAGE.md#uht-audit-source		逐断言保留原来源报告；本批只重建C180，未以来源证明要点或PASS转授其他数学状态	精确本单元：、真实 EB 左端为零；核该明确K,S的一步回缩唯一性/紧性/连续性；涉及RLEB、LT、反射RL时另核完整源图、全部纤维、参数和严格兼容
UHT-OA-U0174	history/sources/次单调论文研究/分类集研究/RLEB_LT_operator_space_research_asset_v1/RLEB_LT_operator_space_research_asset_v1/03_CLASSIFICATION_STAGE/ppa_classification_team/05_obstruction_audit.md	142	142	2.4 非空尾层中的 RLEB 可以是全体，也可以为空 LF142–142	mathematical-assertion	，但固定完整输入 \(K\) 上的 RLEB 与 LT all-pairs 类均为空。	source-report	deferred	research/audit/UNIFORM_HOLDER_FULL_COVERAGE.md#uht-audit-source		逐断言保留原来源报告；本批只重建C180，未以来源证明要点或PASS转授其他数学状态	精确本单元：，但固定完整输入 \(K\) 上的 RLEB 与 LT all-pairs 类均为空。；核该明确K,S的一步回缩唯一性/紧性/连续性；涉及RLEB、LT、反射RL时另核完整源图、全部纤维、参数和严格兼容
UHT-OA-U0175	history/sources/次单调论文研究/分类集研究/RLEB_LT_operator_space_research_asset_v1/RLEB_LT_operator_space_research_asset_v1/03_CLASSIFICATION_STAGE/ppa_classification_team/05_obstruction_audit.md	143	143	2.4 非空尾层中的 RLEB 可以是全体，也可以为空 LF143–143	organization	空行/排版分隔	nonmathematical	nonmathematical	research/audit/UNIFORM_HOLDER_FULL_COVERAGE.md#uht-audit-source		标题、空行、连接词或纯任务组织；不承担独立数学断言	无本单元数学义务；不关闭相邻数学或历史证据记录
UHT-OA-U0176	history/sources/次单调论文研究/分类集研究/RLEB_LT_operator_space_research_asset_v1/RLEB_LT_operator_space_research_asset_v1/03_CLASSIFICATION_STAGE/ppa_classification_team/05_obstruction_audit.md	144	144	2.4 非空尾层中的 RLEB 可以是全体，也可以为空 LF144–144	scope-contract	这说明“实际尾一样好”并不决定证书可覆盖性，解几何和输入几何本身也是必须声明的结构变量。	source-report	deferred	research/audit/UNIFORM_HOLDER_FULL_COVERAGE.md#uht-audit-source		逐断言保留原来源报告；本批只重建C180，未以来源证明要点或PASS转授其他数学状态	精确本单元：这说明“实际尾一样好”并不决定证书可覆盖性，解几何和输入几何本身也是必须声明的结构变量。；核该明确K,S的一步回缩唯一性/紧性/连续性；涉及RLEB、LT、反射RL时另核完整源图、全部纤维、参数和严格兼容
UHT-OA-U0177	history/sources/次单调论文研究/分类集研究/RLEB_LT_operator_space_research_asset_v1/RLEB_LT_operator_space_research_asset_v1/03_CLASSIFICATION_STAGE/ppa_classification_team/05_obstruction_audit.md	144	144	2.4 非空尾层中的 RLEB 可以是全体，也可以为空 LF144–144	scope-contract	这些例子改变了 \(K,S\)；	source-report	deferred	research/audit/UNIFORM_HOLDER_FULL_COVERAGE.md#uht-audit-source		逐断言保留原来源报告；本批只重建C180，未以来源证明要点或PASS转授其他数学状态	精确本单元：这些例子改变了 \(K,S\)；；核该明确K,S的一步回缩唯一性/紧性/连续性；涉及RLEB、LT、反射RL时另核完整源图、全部纤维、参数和严格兼容
UHT-OA-U0178	history/sources/次单调论文研究/分类集研究/RLEB_LT_operator_space_research_asset_v1/RLEB_LT_operator_space_research_asset_v1/03_CLASSIFICATION_STAGE/ppa_classification_team/05_obstruction_audit.md	144	144	2.4 非空尾层中的 RLEB 可以是全体，也可以为空 LF144–144	scope-contract	本文**没有**据此声称对同一个规则 \(K,S\)，可以仅靠更换 \(e\) 任意指定所有类别结果。	source-report	deferred	research/audit/UNIFORM_HOLDER_FULL_COVERAGE.md#uht-audit-source		逐断言保留原来源报告；本批只重建C180，未以来源证明要点或PASS转授其他数学状态	精确本单元：本文**没有**据此声称对同一个规则 \(K,S\)，可以仅靠更换 \(e\) 任意指定所有类别结果。；核该明确K,S的一步回缩唯一性/紧性/连续性；涉及RLEB、LT、反射RL时另核完整源图、全部纤维、参数和严格兼容
UHT-OA-U0179	history/sources/次单调论文研究/分类集研究/RLEB_LT_operator_space_research_asset_v1/RLEB_LT_operator_space_research_asset_v1/03_CLASSIFICATION_STAGE/ppa_classification_team/05_obstruction_audit.md	145	145	2.4 非空尾层中的 RLEB 可以是全体，也可以为空 LF145–145	organization	空行/排版分隔	nonmathematical	nonmathematical	research/audit/UNIFORM_HOLDER_FULL_COVERAGE.md#uht-audit-source		标题、空行、连接词或纯任务组织；不承担独立数学断言	无本单元数学义务；不关闭相邻数学或历史证据记录
UHT-OA-U0180	history/sources/次单调论文研究/分类集研究/RLEB_LT_operator_space_research_asset_v1/RLEB_LT_operator_space_research_asset_v1/03_CLASSIFICATION_STAGE/ppa_classification_team/05_obstruction_audit.md	146	146	3. 致命逻辑陷阱：RLEB 类可以自第一纲 LF146–146	organization	## 3. 致命逻辑陷阱：RLEB 类可以自第一纲	nonmathematical	nonmathematical	research/audit/UNIFORM_HOLDER_FULL_COVERAGE.md#uht-audit-source		标题、空行、连接词或纯任务组织；不承担独立数学断言	无本单元数学义务；不关闭相邻数学或历史证据记录
UHT-OA-U0181	history/sources/次单调论文研究/分类集研究/RLEB_LT_operator_space_research_asset_v1/RLEB_LT_operator_space_research_asset_v1/03_CLASSIFICATION_STAGE/ppa_classification_team/05_obstruction_audit.md	147	147	3. 致命逻辑陷阱：RLEB 类可以自第一纲 LF147–147	organization	空行/排版分隔	nonmathematical	nonmathematical	research/audit/UNIFORM_HOLDER_FULL_COVERAGE.md#uht-audit-source		标题、空行、连接词或纯任务组织；不承担独立数学断言	无本单元数学义务；不关闭相邻数学或历史证据记录
UHT-OA-U0182	history/sources/次单调论文研究/分类集研究/RLEB_LT_operator_space_research_asset_v1/RLEB_LT_operator_space_research_asset_v1/03_CLASSIFICATION_STAGE/ppa_classification_team/05_obstruction_audit.md	148	148	3. 致命逻辑陷阱：RLEB 类可以自第一纲 LF148–148	mathematical-assertion	以下给出一个**完整、无证书标签的真实尾层**，其中 “LT 在 RLEB 内第一纲”本身没有信息。	source-report	deferred	research/audit/UNIFORM_HOLDER_FULL_COVERAGE.md#uht-audit-source		逐断言保留原来源报告；本批只重建C180，未以来源证明要点或PASS转授其他数学状态	精确本单元：以下给出一个**完整、无证书标签的真实尾层**，其中 “LT 在 RLEB 内第一纲”本身没有信息。；C179/AW8已恢复LF164–168固定λ完整源图卡代数；本条若涉及回缩空间完备/Lipschitz插值、正Hölder并类内cusp、相对自第一纲或证书等价，仍须在同一矩形回缩空间独立核验，AW宽母空间薄性不能下传
UHT-OA-U0183	history/sources/次单调论文研究/分类集研究/RLEB_LT_operator_space_research_asset_v1/RLEB_LT_operator_space_research_asset_v1/03_CLASSIFICATION_STAGE/ppa_classification_team/05_obstruction_audit.md	149	149	3. 致命逻辑陷阱：RLEB 类可以自第一纲 LF149–149	organization	空行/排版分隔	nonmathematical	nonmathematical	research/audit/UNIFORM_HOLDER_FULL_COVERAGE.md#uht-audit-source		标题、空行、连接词或纯任务组织；不承担独立数学断言	无本单元数学义务；不关闭相邻数学或历史证据记录
UHT-OA-U0184	history/sources/次单调论文研究/分类集研究/RLEB_LT_operator_space_research_asset_v1/RLEB_LT_operator_space_research_asset_v1/03_CLASSIFICATION_STAGE/ppa_classification_team/05_obstruction_audit.md	150	150	3. 致命逻辑陷阱：RLEB 类可以自第一纲 LF150–150	mathematical-assertion	仍取矩形 \(K=[-1,1]\times[0,1]\)、\(S=[-1,1]\times\{0\}\)。	source-report	deferred	research/audit/UNIFORM_HOLDER_FULL_COVERAGE.md#uht-audit-source		逐断言保留原来源报告；本批只重建C180，未以来源证明要点或PASS转授其他数学状态	精确本单元：仍取矩形 \(K=[-1,1]\times[0,1]\)、\(S=[-1,1]\times\{0\}\)。；C179/AW8已恢复LF164–168固定λ完整源图卡代数；本条若涉及回缩空间完备/Lipschitz插值、正Hölder并类内cusp、相对自第一纲或证书等价，仍须在同一矩形回缩空间独立核验，AW宽母空间薄性不能下传
UHT-OA-U0185	history/sources/次单调论文研究/分类集研究/RLEB_LT_operator_space_research_asset_v1/RLEB_LT_operator_space_research_asset_v1/03_CLASSIFICATION_STAGE/ppa_classification_team/05_obstruction_audit.md	150	150	3. 致命逻辑陷阱：RLEB 类可以自第一纲 LF150–150	organization	取	nonmathematical	nonmathematical	research/audit/UNIFORM_HOLDER_FULL_COVERAGE.md#uht-audit-source		标题、空行、连接词或纯任务组织；不承担独立数学断言	无本单元数学义务；不关闭相邻数学或历史证据记录
UHT-OA-U0186	history/sources/次单调论文研究/分类集研究/RLEB_LT_operator_space_research_asset_v1/RLEB_LT_operator_space_research_asset_v1/03_CLASSIFICATION_STAGE/ppa_classification_team/05_obstruction_audit.md	151	151	3. 致命逻辑陷阱：RLEB 类可以自第一纲 LF151–151	organization	空行/排版分隔	nonmathematical	nonmathematical	research/audit/UNIFORM_HOLDER_FULL_COVERAGE.md#uht-audit-source		标题、空行、连接词或纯任务组织；不承担独立数学断言	无本单元数学义务；不关闭相邻数学或历史证据记录
UHT-OA-U0187	history/sources/次单调论文研究/分类集研究/RLEB_LT_operator_space_research_asset_v1/RLEB_LT_operator_space_research_asset_v1/03_CLASSIFICATION_STAGE/ppa_classification_team/05_obstruction_audit.md	152	154	3. 致命逻辑陷阱：RLEB 类可以自第一纲 LF152–154	display-formula	"\[
e_0=\operatorname{diam}K,\qquad e_n=0\quad(n\ge1).
\]"	source-report	deferred	research/audit/UNIFORM_HOLDER_FULL_COVERAGE.md#uht-audit-source		逐断言保留原来源报告；本批只重建C180，未以来源证明要点或PASS转授其他数学状态	精确本单元：\[ e_0=\operatorname{diam}K,\qquad e_n=0\quad(n\ge1). \]；C179/AW8已恢复LF164–168固定λ完整源图卡代数；本条若涉及回缩空间完备/Lipschitz插值、正Hölder并类内cusp、相对自第一纲或证书等价，仍须在同一矩形回缩空间独立核验，AW宽母空间薄性不能下传
UHT-OA-U0188	history/sources/次单调论文研究/分类集研究/RLEB_LT_operator_space_research_asset_v1/RLEB_LT_operator_space_research_asset_v1/03_CLASSIFICATION_STAGE/ppa_classification_team/05_obstruction_audit.md	155	155	3. 致命逻辑陷阱：RLEB 类可以自第一纲 LF155–155	organization	空行/排版分隔	nonmathematical	nonmathematical	research/audit/UNIFORM_HOLDER_FULL_COVERAGE.md#uht-audit-source		标题、空行、连接词或纯任务组织；不承担独立数学断言	无本单元数学义务；不关闭相邻数学或历史证据记录
UHT-OA-U0189	history/sources/次单调论文研究/分类集研究/RLEB_LT_operator_space_research_asset_v1/RLEB_LT_operator_space_research_asset_v1/03_CLASSIFICATION_STAGE/ppa_classification_team/05_obstruction_audit.md	156	156	3. 致命逻辑陷阱：RLEB 类可以自第一纲 LF156–156	mathematical-assertion	此时整个尾层恰为	source-report	deferred	research/audit/UNIFORM_HOLDER_FULL_COVERAGE.md#uht-audit-source		逐断言保留原来源报告；本批只重建C180，未以来源证明要点或PASS转授其他数学状态	精确本单元：此时整个尾层恰为；C179/AW8已恢复LF164–168固定λ完整源图卡代数；本条若涉及回缩空间完备/Lipschitz插值、正Hölder并类内cusp、相对自第一纲或证书等价，仍须在同一矩形回缩空间独立核验，AW宽母空间薄性不能下传
UHT-OA-U0190	history/sources/次单调论文研究/分类集研究/RLEB_LT_operator_space_research_asset_v1/RLEB_LT_operator_space_research_asset_v1/03_CLASSIFICATION_STAGE/ppa_classification_team/05_obstruction_audit.md	157	157	3. 致命逻辑陷阱：RLEB 类可以自第一纲 LF157–157	organization	空行/排版分隔	nonmathematical	nonmathematical	research/audit/UNIFORM_HOLDER_FULL_COVERAGE.md#uht-audit-source		标题、空行、连接词或纯任务组织；不承担独立数学断言	无本单元数学义务；不关闭相邻数学或历史证据记录
UHT-OA-U0191	history/sources/次单调论文研究/分类集研究/RLEB_LT_operator_space_research_asset_v1/RLEB_LT_operator_space_research_asset_v1/03_CLASSIFICATION_STAGE/ppa_classification_team/05_obstruction_audit.md	158	160	3. 致命逻辑陷阱：RLEB 类可以自第一纲 LF158–160	display-formula	"\[
\mathscr M_{\rm ret}=\{T\in C(K,S):T|_S=I\},
\]"	source-report	deferred	research/audit/UNIFORM_HOLDER_FULL_COVERAGE.md#uht-audit-source		逐断言保留原来源报告；本批只重建C180，未以来源证明要点或PASS转授其他数学状态	精确本单元：\[ \mathscr M_{\rm ret}=\{T\in C(K,S):T|_S=I\}, \]；C179/AW8已恢复LF164–168固定λ完整源图卡代数；本条若涉及回缩空间完备/Lipschitz插值、正Hölder并类内cusp、相对自第一纲或证书等价，仍须在同一矩形回缩空间独立核验，AW宽母空间薄性不能下传
UHT-OA-U0192	history/sources/次单调论文研究/分类集研究/RLEB_LT_operator_space_research_asset_v1/RLEB_LT_operator_space_research_asset_v1/03_CLASSIFICATION_STAGE/ppa_classification_team/05_obstruction_audit.md	161	161	3. 致命逻辑陷阱：RLEB 类可以自第一纲 LF161–161	organization	空行/排版分隔	nonmathematical	nonmathematical	research/audit/UNIFORM_HOLDER_FULL_COVERAGE.md#uht-audit-source		标题、空行、连接词或纯任务组织；不承担独立数学断言	无本单元数学义务；不关闭相邻数学或历史证据记录
UHT-OA-U0193	history/sources/次单调论文研究/分类集研究/RLEB_LT_operator_space_research_asset_v1/RLEB_LT_operator_space_research_asset_v1/03_CLASSIFICATION_STAGE/ppa_classification_team/05_obstruction_audit.md	162	162	3. 致命逻辑陷阱：RLEB 类可以自第一纲 LF162–162	mathematical-assertion	即全部连续一步终止回缩；	source-report	deferred	research/audit/UNIFORM_HOLDER_FULL_COVERAGE.md#uht-audit-source		逐断言保留原来源报告；本批只重建C180，未以来源证明要点或PASS转授其他数学状态	精确本单元：即全部连续一步终止回缩；；C179/AW8已恢复LF164–168固定λ完整源图卡代数；本条若涉及回缩空间完备/Lipschitz插值、正Hölder并类内cusp、相对自第一纲或证书等价，仍须在同一矩形回缩空间独立核验，AW宽母空间薄性不能下传
UHT-OA-U0194	history/sources/次单调论文研究/分类集研究/RLEB_LT_operator_space_research_asset_v1/RLEB_LT_operator_space_research_asset_v1/03_CLASSIFICATION_STAGE/ppa_classification_team/05_obstruction_audit.md	162	162	3. 致命逻辑陷阱：RLEB 类可以自第一纲 LF162–162	mathematical-assertion	它是非空闭凸的完备 \(C^0\) 空间。	source-report	deferred	research/audit/UNIFORM_HOLDER_FULL_COVERAGE.md#uht-audit-source		逐断言保留原来源报告；本批只重建C180，未以来源证明要点或PASS转授其他数学状态	精确本单元：它是非空闭凸的完备 \(C^0\) 空间。；C179/AW8已恢复LF164–168固定λ完整源图卡代数；本条若涉及回缩空间完备/Lipschitz插值、正Hölder并类内cusp、相对自第一纲或证书等价，仍须在同一矩形回缩空间独立核验，AW宽母空间薄性不能下传
UHT-OA-U0195	history/sources/次单调论文研究/分类集研究/RLEB_LT_operator_space_research_asset_v1/RLEB_LT_operator_space_research_asset_v1/03_CLASSIFICATION_STAGE/ppa_classification_team/05_obstruction_audit.md	162	162	3. 致命逻辑陷阱：RLEB 类可以自第一纲 LF162–162	mathematical-assertion	每个 \(T\) 使用蓝图标准完整源图	source-report	deferred	research/audit/UNIFORM_HOLDER_FULL_COVERAGE.md#uht-audit-source		逐断言保留原来源报告；本批只重建C180，未以来源证明要点或PASS转授其他数学状态	精确本单元：每个 \(T\) 使用蓝图标准完整源图；C179/AW8已恢复LF164–168固定λ完整源图卡代数；本条若涉及回缩空间完备/Lipschitz插值、正Hölder并类内cusp、相对自第一纲或证书等价，仍须在同一矩形回缩空间独立核验，AW宽母空间薄性不能下传
UHT-OA-U0196	history/sources/次单调论文研究/分类集研究/RLEB_LT_operator_space_research_asset_v1/RLEB_LT_operator_space_research_asset_v1/03_CLASSIFICATION_STAGE/ppa_classification_team/05_obstruction_audit.md	163	163	3. 致命逻辑陷阱：RLEB 类可以自第一纲 LF163–163	organization	空行/排版分隔	nonmathematical	nonmathematical	research/audit/UNIFORM_HOLDER_FULL_COVERAGE.md#uht-audit-source		标题、空行、连接词或纯任务组织；不承担独立数学断言	无本单元数学义务；不关闭相邻数学或历史证据记录
UHT-OA-U0197	history/sources/次单调论文研究/分类集研究/RLEB_LT_operator_space_research_asset_v1/RLEB_LT_operator_space_research_asset_v1/03_CLASSIFICATION_STAGE/ppa_classification_team/05_obstruction_audit.md	164	166	3. 致命逻辑陷阱：RLEB 类可以自第一纲 LF164–166	display-formula	"\[
F_{T,K}(u)=\{(x-u)/\lambda:x\in K,\ Tx=u\}.
\]"	derived-checked	rewritten	research/canonical/attouch_wets_fixed_input_thinness.md#aw-shear;research/canonical/uniform_holder_thinness.md#uht-source-card	C179-v1	精确复用C179/AW8到源T∈C(K,S)、T|S=I的固定λ完整图卡；uht-source-card写全紧图、完整resolvent、精确零集及所有输出距离左端为零的直接专门化	只恢复该固定λ完整图卡；原生证书充分性/gauge、回缩空间自第一纲、宽AW薄性向算法子层转移及同一既有F的任意步长扩展均未获本记录许可
UHT-OA-U0198	history/sources/次单调论文研究/分类集研究/RLEB_LT_operator_space_research_asset_v1/RLEB_LT_operator_space_research_asset_v1/03_CLASSIFICATION_STAGE/ppa_classification_team/05_obstruction_audit.md	167	167	3. 致命逻辑陷阱：RLEB 类可以自第一纲 LF167–167	organization	空行/排版分隔	nonmathematical	nonmathematical	research/audit/UNIFORM_HOLDER_FULL_COVERAGE.md#uht-audit-source		标题、空行、连接词或纯任务组织；不承担独立数学断言	无本单元数学义务；不关闭相邻数学或历史证据记录
UHT-OA-U0199	history/sources/次单调论文研究/分类集研究/RLEB_LT_operator_space_research_asset_v1/RLEB_LT_operator_space_research_asset_v1/03_CLASSIFICATION_STAGE/ppa_classification_team/05_obstruction_audit.md	168	168	3. 致命逻辑陷阱：RLEB 类可以自第一纲 LF168–168	mathematical-assertion	其整个 resolvent 在 \(K\) 上为 \(T\)，域外为空；	derived-checked	rewritten	research/canonical/attouch_wets_fixed_input_thinness.md#aw-shear;research/canonical/uniform_holder_thinness.md#uht-source-card	C179-v1	精确复用C179/AW8到源T∈C(K,S)、T|S=I的固定λ完整图卡；uht-source-card写全紧图、完整resolvent、精确零集及所有输出距离左端为零的直接专门化	只恢复该固定λ完整图卡；原生证书充分性/gauge、回缩空间自第一纲、宽AW薄性向算法子层转移及同一既有F的任意步长扩展均未获本记录许可
UHT-OA-U0200	history/sources/次单调论文研究/分类集研究/RLEB_LT_operator_space_research_asset_v1/RLEB_LT_operator_space_research_asset_v1/03_CLASSIFICATION_STAGE/ppa_classification_team/05_obstruction_audit.md	168	168	3. 致命逻辑陷阱：RLEB 类可以自第一纲 LF168–168	mathematical-assertion	图紧闭	derived-checked	rewritten	research/canonical/attouch_wets_fixed_input_thinness.md#aw-shear;research/canonical/uniform_holder_thinness.md#uht-source-card	C179-v1	精确复用C179/AW8到源T∈C(K,S)、T|S=I的固定λ完整图卡；uht-source-card写全紧图、完整resolvent、精确零集及所有输出距离左端为零的直接专门化	只恢复该固定λ完整图卡；原生证书充分性/gauge、回缩空间自第一纲、宽AW薄性向算法子层转移及同一既有F的任意步长扩展均未获本记录许可
UHT-OA-U0201	history/sources/次单调论文研究/分类集研究/RLEB_LT_operator_space_research_asset_v1/RLEB_LT_operator_space_research_asset_v1/03_CLASSIFICATION_STAGE/ppa_classification_team/05_obstruction_audit.md	168	168	3. 致命逻辑陷阱：RLEB 类可以自第一纲 LF168–168	mathematical-assertion	，零集恰为 \(S\)。	derived-checked	rewritten	research/canonical/attouch_wets_fixed_input_thinness.md#aw-shear;research/canonical/uniform_holder_thinness.md#uht-source-card	C179-v1	精确复用C179/AW8到源T∈C(K,S)、T|S=I的固定λ完整图卡；uht-source-card写全紧图、完整resolvent、精确零集及所有输出距离左端为零的直接专门化	只恢复该固定λ完整图卡；原生证书充分性/gauge、回缩空间自第一纲、宽AW薄性向算法子层转移及同一既有F的任意步长扩展均未获本记录许可
UHT-OA-U0202	history/sources/次单调论文研究/分类集研究/RLEB_LT_operator_space_research_asset_v1/RLEB_LT_operator_space_research_asset_v1/03_CLASSIFICATION_STAGE/ppa_classification_team/05_obstruction_audit.md	168	168	3. 致命逻辑陷阱：RLEB 类可以自第一纲 LF168–168	mathematical-assertion	所有非空输出纤维都落在 \(S\)	derived-checked	rewritten	research/canonical/attouch_wets_fixed_input_thinness.md#aw-shear;research/canonical/uniform_holder_thinness.md#uht-source-card	C179-v1	精确复用C179/AW8到源T∈C(K,S)、T|S=I的固定λ完整图卡；uht-source-card写全紧图、完整resolvent、精确零集及所有输出距离左端为零的直接专门化	只恢复该固定λ完整图卡；原生证书充分性/gauge、回缩空间自第一纲、宽AW薄性向算法子层转移及同一既有F的任意步长扩展均未获本记录许可
UHT-OA-U0203	history/sources/次单调论文研究/分类集研究/RLEB_LT_operator_space_research_asset_v1/RLEB_LT_operator_space_research_asset_v1/03_CLASSIFICATION_STAGE/ppa_classification_team/05_obstruction_audit.md	168	168	3. 致命逻辑陷阱：RLEB 类可以自第一纲 LF168–168	mathematical-assertion	，故真实 EB 的左端恒为零	derived-checked	rewritten	research/canonical/attouch_wets_fixed_input_thinness.md#aw-shear;research/canonical/uniform_holder_thinness.md#uht-source-card	C179-v1	精确复用C179/AW8到源T∈C(K,S)、T|S=I的固定λ完整图卡；uht-source-card写全紧图、完整resolvent、精确零集及所有输出距离左端为零的直接专门化	只恢复该固定λ完整图卡；原生证书充分性/gauge、回缩空间自第一纲、宽AW薄性向算法子层转移及同一既有F的任意步长扩展均未获本记录许可
UHT-OA-U0204	history/sources/次单调论文研究/分类集研究/RLEB_LT_operator_space_research_asset_v1/RLEB_LT_operator_space_research_asset_v1/03_CLASSIFICATION_STAGE/ppa_classification_team/05_obstruction_audit.md	168	168	3. 致命逻辑陷阱：RLEB 类可以自第一纲 LF168–168	mathematical-assertion	，没有删分支问题。	derived-checked	rewritten	research/canonical/attouch_wets_fixed_input_thinness.md#aw-shear;research/canonical/uniform_holder_thinness.md#uht-source-card	C179-v1	精确复用C179/AW8到源T∈C(K,S)、T|S=I的固定λ完整图卡；uht-source-card写全紧图、完整resolvent、精确零集及所有输出距离左端为零的直接专门化	只恢复该固定λ完整图卡；原生证书充分性/gauge、回缩空间自第一纲、宽AW薄性向算法子层转移及同一既有F的任意步长扩展均未获本记录许可
UHT-OA-U0205	history/sources/次单调论文研究/分类集研究/RLEB_LT_operator_space_research_asset_v1/RLEB_LT_operator_space_research_asset_v1/03_CLASSIFICATION_STAGE/ppa_classification_team/05_obstruction_audit.md	169	169	3. 致命逻辑陷阱：RLEB 类可以自第一纲 LF169–169	organization	空行/排版分隔	nonmathematical	nonmathematical	research/audit/UNIFORM_HOLDER_FULL_COVERAGE.md#uht-audit-source		标题、空行、连接词或纯任务组织；不承担独立数学断言	无本单元数学义务；不关闭相邻数学或历史证据记录
UHT-OA-U0206	history/sources/次单调论文研究/分类集研究/RLEB_LT_operator_space_research_asset_v1/RLEB_LT_operator_space_research_asset_v1/03_CLASSIFICATION_STAGE/ppa_classification_team/05_obstruction_audit.md	170	170	3. 致命逻辑陷阱：RLEB 类可以自第一纲 LF170–170	mathematical-assertion	在这个标准图卡里，“存在 all-pairs RLEB-direct 或 energy 证书”等价于 \(T\) 在 \(K\) 上具有某个正 Hölder 指数。	source-report	deferred	research/audit/UNIFORM_HOLDER_FULL_COVERAGE.md#uht-audit-source		逐断言保留原来源报告；本批只重建C180，未以来源证明要点或PASS转授其他数学状态	精确本单元：在这个标准图卡里，“存在 all-pairs RLEB-direct 或 energy 证书”等价于 \(T\) 在 \(K\) 上具有某个正 Hölder 指数。；C179/AW8已恢复LF164–168固定λ完整源图卡代数；本条若涉及回缩空间完备/Lipschitz插值、正Hölder并类内cusp、相对自第一纲或证书等价，仍须在同一矩形回缩空间独立核验，AW宽母空间薄性不能下传
UHT-OA-U0207	history/sources/次单调论文研究/分类集研究/RLEB_LT_operator_space_research_asset_v1/RLEB_LT_operator_space_research_asset_v1/03_CLASSIFICATION_STAGE/ppa_classification_team/05_obstruction_audit.md	170	170	3. 致命逻辑陷阱：RLEB 类可以自第一纲 LF170–170	mathematical-assertion	必要性来自 RL；	source-report	deferred	research/audit/UNIFORM_HOLDER_FULL_COVERAGE.md#uht-audit-source		逐断言保留原来源报告；本批只重建C180，未以来源证明要点或PASS转授其他数学状态	精确本单元：必要性来自 RL；；C179/AW8已恢复LF164–168固定λ完整源图卡代数；本条若涉及回缩空间完备/Lipschitz插值、正Hölder并类内cusp、相对自第一纲或证书等价，仍须在同一矩形回缩空间独立核验，AW宽母空间薄性不能下传
UHT-OA-U0208	history/sources/次单调论文研究/分类集研究/RLEB_LT_operator_space_research_asset_v1/RLEB_LT_operator_space_research_asset_v1/03_CLASSIFICATION_STAGE/ppa_classification_team/05_obstruction_audit.md	170	170	3. 致命逻辑陷阱：RLEB 类可以自第一纲 LF170–170	mathematical-assertion	充分性来自真实 EB 为零	source-report	deferred	research/audit/UNIFORM_HOLDER_FULL_COVERAGE.md#uht-audit-source		逐断言保留原来源报告；本批只重建C180，未以来源证明要点或PASS转授其他数学状态	精确本单元：充分性来自真实 EB 为零；C179/AW8已恢复LF164–168固定λ完整源图卡代数；本条若涉及回缩空间完备/Lipschitz插值、正Hölder并类内cusp、相对自第一纲或证书等价，仍须在同一矩形回缩空间独立核验，AW宽母空间薄性不能下传
UHT-OA-U0209	history/sources/次单调论文研究/分类集研究/RLEB_LT_operator_space_research_asset_v1/RLEB_LT_operator_space_research_asset_v1/03_CLASSIFICATION_STAGE/ppa_classification_team/05_obstruction_audit.md	170	170	3. 致命逻辑陷阱：RLEB 类可以自第一纲 LF170–170	mathematical-assertion	，可取任意严格 direct 兼容的规范 gauge。	source-report	deferred	research/audit/UNIFORM_HOLDER_FULL_COVERAGE.md#uht-audit-source		逐断言保留原来源报告；本批只重建C180，未以来源证明要点或PASS转授其他数学状态	精确本单元：，可取任意严格 direct 兼容的规范 gauge。；C179/AW8已恢复LF164–168固定λ完整源图卡代数；本条若涉及回缩空间完备/Lipschitz插值、正Hölder并类内cusp、相对自第一纲或证书等价，仍须在同一矩形回缩空间独立核验，AW宽母空间薄性不能下传
UHT-OA-U0210	history/sources/次单调论文研究/分类集研究/RLEB_LT_operator_space_research_asset_v1/RLEB_LT_operator_space_research_asset_v1/03_CLASSIFICATION_STAGE/ppa_classification_team/05_obstruction_audit.md	170	170	3. 致命逻辑陷阱：RLEB 类可以自第一纲 LF170–170	mathematical-assertion	令这个类为 \(\mathscr H\)。	source-report	deferred	research/audit/UNIFORM_HOLDER_FULL_COVERAGE.md#uht-audit-source		逐断言保留原来源报告；本批只重建C180，未以来源证明要点或PASS转授其他数学状态	精确本单元：令这个类为 \(\mathscr H\)。；C179/AW8已恢复LF164–168固定λ完整源图卡代数；本条若涉及回缩空间完备/Lipschitz插值、正Hölder并类内cusp、相对自第一纲或证书等价，仍须在同一矩形回缩空间独立核验，AW宽母空间薄性不能下传
UHT-OA-U0211	history/sources/次单调论文研究/分类集研究/RLEB_LT_operator_space_research_asset_v1/RLEB_LT_operator_space_research_asset_v1/03_CLASSIFICATION_STAGE/ppa_classification_team/05_obstruction_audit.md	171	171	3. 致命逻辑陷阱：RLEB 类可以自第一纲 LF171–171	organization	空行/排版分隔	nonmathematical	nonmathematical	research/audit/UNIFORM_HOLDER_FULL_COVERAGE.md#uht-audit-source		标题、空行、连接词或纯任务组织；不承担独立数学断言	无本单元数学义务；不关闭相邻数学或历史证据记录
UHT-OA-U0212	history/sources/次单调论文研究/分类集研究/RLEB_LT_operator_space_research_asset_v1/RLEB_LT_operator_space_research_asset_v1/03_CLASSIFICATION_STAGE/ppa_classification_team/05_obstruction_audit.md	172	172	3. 致命逻辑陷阱：RLEB 类可以自第一纲 LF172–172	mathematical-assertion	对整数 \(m,n\ge1\) 定义	source-report	deferred	research/audit/UNIFORM_HOLDER_FULL_COVERAGE.md#uht-audit-source		逐断言保留原来源报告；本批只重建C180，未以来源证明要点或PASS转授其他数学状态	精确本单元：对整数 \(m,n\ge1\) 定义；C179/AW8已恢复LF164–168固定λ完整源图卡代数；本条若涉及回缩空间完备/Lipschitz插值、正Hölder并类内cusp、相对自第一纲或证书等价，仍须在同一矩形回缩空间独立核验，AW宽母空间薄性不能下传
UHT-OA-U0213	history/sources/次单调论文研究/分类集研究/RLEB_LT_operator_space_research_asset_v1/RLEB_LT_operator_space_research_asset_v1/03_CLASSIFICATION_STAGE/ppa_classification_team/05_obstruction_audit.md	173	173	3. 致命逻辑陷阱：RLEB 类可以自第一纲 LF173–173	organization	空行/排版分隔	nonmathematical	nonmathematical	research/audit/UNIFORM_HOLDER_FULL_COVERAGE.md#uht-audit-source		标题、空行、连接词或纯任务组织；不承担独立数学断言	无本单元数学义务；不关闭相邻数学或历史证据记录
UHT-OA-U0214	history/sources/次单调论文研究/分类集研究/RLEB_LT_operator_space_research_asset_v1/RLEB_LT_operator_space_research_asset_v1/03_CLASSIFICATION_STAGE/ppa_classification_team/05_obstruction_audit.md	174	176	3. 致命逻辑陷阱：RLEB 类可以自第一纲 LF174–176	display-formula	"\[
H_{m,n}=\{T\in\mathscr M_{\rm ret}:\|Tz-Tw\|\le n\|z-w\|^{1/m}\ \forall z,w\in K\}.
\]"	source-report	deferred	research/audit/UNIFORM_HOLDER_FULL_COVERAGE.md#uht-audit-source		逐断言保留原来源报告；本批只重建C180，未以来源证明要点或PASS转授其他数学状态	精确本单元：\[ H_{m,n}=\{T\in\mathscr M_{\rm ret}:\|Tz-Tw\|\le n\|z-w\|^{1/m}\ \forall z,w\in K\}. \]；C179/AW8已恢复LF164–168固定λ完整源图卡代数；本条若涉及回缩空间完备/Lipschitz插值、正Hölder并类内cusp、相对自第一纲或证书等价，仍须在同一矩形回缩空间独立核验，AW宽母空间薄性不能下传
UHT-OA-U0215	history/sources/次单调论文研究/分类集研究/RLEB_LT_operator_space_research_asset_v1/RLEB_LT_operator_space_research_asset_v1/03_CLASSIFICATION_STAGE/ppa_classification_team/05_obstruction_audit.md	177	177	3. 致命逻辑陷阱：RLEB 类可以自第一纲 LF177–177	organization	空行/排版分隔	nonmathematical	nonmathematical	research/audit/UNIFORM_HOLDER_FULL_COVERAGE.md#uht-audit-source		标题、空行、连接词或纯任务组织；不承担独立数学断言	无本单元数学义务；不关闭相邻数学或历史证据记录
UHT-OA-U0216	history/sources/次单调论文研究/分类集研究/RLEB_LT_operator_space_research_asset_v1/RLEB_LT_operator_space_research_asset_v1/03_CLASSIFICATION_STAGE/ppa_classification_team/05_obstruction_audit.md	178	178	3. 致命逻辑陷阱：RLEB 类可以自第一纲 LF178–178	mathematical-assertion	适当增加常数后，\(\mathscr H=\bigcup_{m,n}H_{m,n}\)；	source-report	deferred	research/audit/UNIFORM_HOLDER_FULL_COVERAGE.md#uht-audit-source		逐断言保留原来源报告；本批只重建C180，未以来源证明要点或PASS转授其他数学状态	精确本单元：适当增加常数后，\(\mathscr H=\bigcup_{m,n}H_{m,n}\)；；C179/AW8已恢复LF164–168固定λ完整源图卡代数；本条若涉及回缩空间完备/Lipschitz插值、正Hölder并类内cusp、相对自第一纲或证书等价，仍须在同一矩形回缩空间独立核验，AW宽母空间薄性不能下传
UHT-OA-U0217	history/sources/次单调论文研究/分类集研究/RLEB_LT_operator_space_research_asset_v1/RLEB_LT_operator_space_research_asset_v1/03_CLASSIFICATION_STAGE/ppa_classification_team/05_obstruction_audit.md	178	178	3. 致命逻辑陷阱：RLEB 类可以自第一纲 LF178–178	mathematical-assertion	每个 \(H_{m,n}\) 在 \(\mathscr M_{\rm ret}\) 中闭。	source-report	deferred	research/audit/UNIFORM_HOLDER_FULL_COVERAGE.md#uht-audit-source		逐断言保留原来源报告；本批只重建C180，未以来源证明要点或PASS转授其他数学状态	精确本单元：每个 \(H_{m,n}\) 在 \(\mathscr M_{\rm ret}\) 中闭。；C179/AW8已恢复LF164–168固定λ完整源图卡代数；本条若涉及回缩空间完备/Lipschitz插值、正Hölder并类内cusp、相对自第一纲或证书等价，仍须在同一矩形回缩空间独立核验，AW宽母空间薄性不能下传
UHT-OA-U0218	history/sources/次单调论文研究/分类集研究/RLEB_LT_operator_space_research_asset_v1/RLEB_LT_operator_space_research_asset_v1/03_CLASSIFICATION_STAGE/ppa_classification_team/05_obstruction_audit.md	179	179	3. 致命逻辑陷阱：RLEB 类可以自第一纲 LF179–179	organization	空行/排版分隔	nonmathematical	nonmathematical	research/audit/UNIFORM_HOLDER_FULL_COVERAGE.md#uht-audit-source		标题、空行、连接词或纯任务组织；不承担独立数学断言	无本单元数学义务；不关闭相邻数学或历史证据记录
UHT-OA-U0219	history/sources/次单调论文研究/分类集研究/RLEB_LT_operator_space_research_asset_v1/RLEB_LT_operator_space_research_asset_v1/03_CLASSIFICATION_STAGE/ppa_classification_team/05_obstruction_audit.md	180	180	3. 致命逻辑陷阱：RLEB 类可以自第一纲 LF180–180	mathematical-assertion	**命题：每个 \(H_{m,n}\) 在 \(\mathscr H\) 中无处稠密；	source-report	deferred	research/audit/UNIFORM_HOLDER_FULL_COVERAGE.md#uht-audit-source		逐断言保留原来源报告；本批只重建C180，未以来源证明要点或PASS转授其他数学状态	精确本单元：**命题：每个 \(H_{m,n}\) 在 \(\mathscr H\) 中无处稠密；；C179/AW8已恢复LF164–168固定λ完整源图卡代数；本条若涉及回缩空间完备/Lipschitz插值、正Hölder并类内cusp、相对自第一纲或证书等价，仍须在同一矩形回缩空间独立核验，AW宽母空间薄性不能下传
UHT-OA-U0220	history/sources/次单调论文研究/分类集研究/RLEB_LT_operator_space_research_asset_v1/RLEB_LT_operator_space_research_asset_v1/03_CLASSIFICATION_STAGE/ppa_classification_team/05_obstruction_audit.md	180	180	3. 致命逻辑陷阱：RLEB 类可以自第一纲 LF180–180	mathematical-assertion	故 \(\mathscr H\) 在自身的相对 \(C^0\) 拓扑中第一纲。	source-report	deferred	research/audit/UNIFORM_HOLDER_FULL_COVERAGE.md#uht-audit-source		逐断言保留原来源报告；本批只重建C180，未以来源证明要点或PASS转授其他数学状态	精确本单元：故 \(\mathscr H\) 在自身的相对 \(C^0\) 拓扑中第一纲。；C179/AW8已恢复LF164–168固定λ完整源图卡代数；本条若涉及回缩空间完备/Lipschitz插值、正Hölder并类内cusp、相对自第一纲或证书等价，仍须在同一矩形回缩空间独立核验，AW宽母空间薄性不能下传
UHT-OA-U0221	history/sources/次单调论文研究/分类集研究/RLEB_LT_operator_space_research_asset_v1/RLEB_LT_operator_space_research_asset_v1/03_CLASSIFICATION_STAGE/ppa_classification_team/05_obstruction_audit.md	180	180	3. 致命逻辑陷阱：RLEB 类可以自第一纲 LF180–180	mathematical-assertion	**	source-report	deferred	research/audit/UNIFORM_HOLDER_FULL_COVERAGE.md#uht-audit-source		逐断言保留原来源报告；本批只重建C180，未以来源证明要点或PASS转授其他数学状态	精确本单元：**；C179/AW8已恢复LF164–168固定λ完整源图卡代数；本条若涉及回缩空间完备/Lipschitz插值、正Hölder并类内cusp、相对自第一纲或证书等价，仍须在同一矩形回缩空间独立核验，AW宽母空间薄性不能下传
UHT-OA-U0222	history/sources/次单调论文研究/分类集研究/RLEB_LT_operator_space_research_asset_v1/RLEB_LT_operator_space_research_asset_v1/03_CLASSIFICATION_STAGE/ppa_classification_team/05_obstruction_audit.md	181	181	3. 致命逻辑陷阱：RLEB 类可以自第一纲 LF181–181	organization	空行/排版分隔	nonmathematical	nonmathematical	research/audit/UNIFORM_HOLDER_FULL_COVERAGE.md#uht-audit-source		标题、空行、连接词或纯任务组织；不承担独立数学断言	无本单元数学义务；不关闭相邻数学或历史证据记录
UHT-OA-U0223	history/sources/次单调论文研究/分类集研究/RLEB_LT_operator_space_research_asset_v1/RLEB_LT_operator_space_research_asset_v1/03_CLASSIFICATION_STAGE/ppa_classification_team/05_obstruction_audit.md	182	182	3. 致命逻辑陷阱：RLEB 类可以自第一纲 LF182–182	organization	证明要点写全如下。	nonmathematical	nonmathematical	research/audit/UNIFORM_HOLDER_FULL_COVERAGE.md#uht-audit-source		标题、空行、连接词或纯任务组织；不承担独立数学断言	无本单元数学义务；不关闭相邻数学或历史证据记录
UHT-OA-U0224	history/sources/次单调论文研究/分类集研究/RLEB_LT_operator_space_research_asset_v1/RLEB_LT_operator_space_research_asset_v1/03_CLASSIFICATION_STAGE/ppa_classification_team/05_obstruction_audit.md	182	182	3. 致命逻辑陷阱：RLEB 类可以自第一纲 LF182–182	mathematical-assertion	给定 \(T\in\mathscr H\) 与任意一致邻域：	source-report	deferred	research/audit/UNIFORM_HOLDER_FULL_COVERAGE.md#uht-audit-source		逐断言保留原来源报告；本批只重建C180，未以来源证明要点或PASS转授其他数学状态	精确本单元：给定 \(T\in\mathscr H\) 与任意一致邻域：；C179/AW8已恢复LF164–168固定λ完整源图卡代数；本条若涉及回缩空间完备/Lipschitz插值、正Hölder并类内cusp、相对自第一纲或证书等价，仍须在同一矩形回缩空间独立核验，AW宽母空间薄性不能下传
UHT-OA-U0225	history/sources/次单调论文研究/分类集研究/RLEB_LT_operator_space_research_asset_v1/RLEB_LT_operator_space_research_asset_v1/03_CLASSIFICATION_STAGE/ppa_classification_team/05_obstruction_audit.md	183	183	3. 致命逻辑陷阱：RLEB 类可以自第一纲 LF183–183	organization	空行/排版分隔	nonmathematical	nonmathematical	research/audit/UNIFORM_HOLDER_FULL_COVERAGE.md#uht-audit-source		标题、空行、连接词或纯任务组织；不承担独立数学断言	无本单元数学义务；不关闭相邻数学或历史证据记录
UHT-OA-U0226	history/sources/次单调论文研究/分类集研究/RLEB_LT_operator_space_research_asset_v1/RLEB_LT_operator_space_research_asset_v1/03_CLASSIFICATION_STAGE/ppa_classification_team/05_obstruction_audit.md	184	184	3. 致命逻辑陷阱：RLEB 类可以自第一纲 LF184–184	mathematical-assertion	1. 用矩形三角剖分的分片仿射插值，得到任意接近 \(T\) 的 Lipschitz 回缩 \(G\)。	source-report	deferred	research/audit/UNIFORM_HOLDER_FULL_COVERAGE.md#uht-audit-source		逐断言保留原来源报告；本批只重建C180，未以来源证明要点或PASS转授其他数学状态	精确本单元：1. 用矩形三角剖分的分片仿射插值，得到任意接近 \(T\) 的 Lipschitz 回缩 \(G\)。；C179/AW8已恢复LF164–168固定λ完整源图卡代数；本条若涉及回缩空间完备/Lipschitz插值、正Hölder并类内cusp、相对自第一纲或证书等价，仍须在同一矩形回缩空间独立核验，AW宽母空间薄性不能下传
UHT-OA-U0227	history/sources/次单调论文研究/分类集研究/RLEB_LT_operator_space_research_asset_v1/RLEB_LT_operator_space_research_asset_v1/03_CLASSIFICATION_STAGE/ppa_classification_team/05_obstruction_audit.md	184	184	3. 致命逻辑陷阱：RLEB 类可以自第一纲 LF184–184	mathematical-assertion	底边的节点值为 \((x,0)\)，故插值保持底边恒等；	source-report	deferred	research/audit/UNIFORM_HOLDER_FULL_COVERAGE.md#uht-audit-source		逐断言保留原来源报告；本批只重建C180，未以来源证明要点或PASS转授其他数学状态	精确本单元：底边的节点值为 \((x,0)\)，故插值保持底边恒等；；C179/AW8已恢复LF164–168固定λ完整源图卡代数；本条若涉及回缩空间完备/Lipschitz插值、正Hölder并类内cusp、相对自第一纲或证书等价，仍须在同一矩形回缩空间独立核验，AW宽母空间薄性不能下传
UHT-OA-U0228	history/sources/次单调论文研究/分类集研究/RLEB_LT_operator_space_research_asset_v1/RLEB_LT_operator_space_research_asset_v1/03_CLASSIFICATION_STAGE/ppa_classification_team/05_obstruction_audit.md	184	184	3. 致命逻辑陷阱：RLEB 类可以自第一纲 LF184–184	mathematical-assertion	值域仍在凸集 \(S\)。	source-report	deferred	research/audit/UNIFORM_HOLDER_FULL_COVERAGE.md#uht-audit-source		逐断言保留原来源报告；本批只重建C180，未以来源证明要点或PASS转授其他数学状态	精确本单元：值域仍在凸集 \(S\)。；C179/AW8已恢复LF164–168固定λ完整源图卡代数；本条若涉及回缩空间完备/Lipschitz插值、正Hölder并类内cusp、相对自第一纲或证书等价，仍须在同一矩形回缩空间独立核验，AW宽母空间薄性不能下传
UHT-OA-U0229	history/sources/次单调论文研究/分类集研究/RLEB_LT_operator_space_research_asset_v1/RLEB_LT_operator_space_research_asset_v1/03_CLASSIFICATION_STAGE/ppa_classification_team/05_obstruction_audit.md	185	185	3. 致命逻辑陷阱：RLEB 类可以自第一纲 LF185–185	mathematical-assertion	2. 将 \(G\) 与 \(P_0(x,y)=((1-y)x,0)\) 作极小凸混合，使某个内点 \(z_0=(0,1/2)\) 及小邻域的第一输出坐标远离 \(\pm1\)，留出正值域余量。	source-report	deferred	research/audit/UNIFORM_HOLDER_FULL_COVERAGE.md#uht-audit-source		逐断言保留原来源报告；本批只重建C180，未以来源证明要点或PASS转授其他数学状态	精确本单元：2. 将 \(G\) 与 \(P_0(x,y)=((1-y)x,0)\) 作极小凸混合，使某个内点 \(z_0=(0,1/2)\) 及小邻域的第一输出坐标远离 \(\pm1\)，留出正值域余量。；C179/AW8已恢复LF164–168固定λ完整源图卡代数；本条若涉及回缩空间完备/Lipschitz插值、正Hölder并类内cusp、相对自第一纲或证书等价，仍须在同一矩形回缩空间独立核验，AW宽母空间薄性不能下传
UHT-OA-U0230	history/sources/次单调论文研究/分类集研究/RLEB_LT_operator_space_research_asset_v1/RLEB_LT_operator_space_research_asset_v1/03_CLASSIFICATION_STAGE/ppa_classification_team/05_obstruction_audit.md	186	186	3. 致命逻辑陷阱：RLEB 类可以自第一纲 LF186–186	mathematical-assertion	3. 取支集在该内点邻域的 Lipschitz cutoff \(\chi\)，在更小邻域恒为一，并在第一输出坐标加	source-report	deferred	research/audit/UNIFORM_HOLDER_FULL_COVERAGE.md#uht-audit-source		逐断言保留原来源报告；本批只重建C180，未以来源证明要点或PASS转授其他数学状态	精确本单元：3. 取支集在该内点邻域的 Lipschitz cutoff \(\chi\)，在更小邻域恒为一，并在第一输出坐标加；C179/AW8已恢复LF164–168固定λ完整源图卡代数；本条若涉及回缩空间完备/Lipschitz插值、正Hölder并类内cusp、相对自第一纲或证书等价，仍须在同一矩形回缩空间独立核验，AW宽母空间薄性不能下传
UHT-OA-U0231	history/sources/次单调论文研究/分类集研究/RLEB_LT_operator_space_research_asset_v1/RLEB_LT_operator_space_research_asset_v1/03_CLASSIFICATION_STAGE/ppa_classification_team/05_obstruction_audit.md	187	189	3. 致命逻辑陷阱：RLEB 类可以自第一纲 LF187–189	display-formula	"   \[
   \eta\chi(x,y)|x|^\beta,\qquad0<\beta<1/m.
   \]"	source-report	deferred	research/audit/UNIFORM_HOLDER_FULL_COVERAGE.md#uht-audit-source		逐断言保留原来源报告；本批只重建C180，未以来源证明要点或PASS转授其他数学状态	精确本单元：   \[    \eta\chi(x,y)|x|^\beta,\qquad0<\beta<1/m.    \]；C179/AW8已恢复LF164–168固定λ完整源图卡代数；本条若涉及回缩空间完备/Lipschitz插值、正Hölder并类内cusp、相对自第一纲或证书等价，仍须在同一矩形回缩空间独立核验，AW宽母空间薄性不能下传
UHT-OA-U0232	history/sources/次单调论文研究/分类集研究/RLEB_LT_operator_space_research_asset_v1/RLEB_LT_operator_space_research_asset_v1/03_CLASSIFICATION_STAGE/ppa_classification_team/05_obstruction_audit.md	190	190	3. 致命逻辑陷阱：RLEB 类可以自第一纲 LF190–190	mathematical-assertion	   振幅充分小即保持值域 \(S\)	source-report	deferred	research/audit/UNIFORM_HOLDER_FULL_COVERAGE.md#uht-audit-source		逐断言保留原来源报告；本批只重建C180，未以来源证明要点或PASS转授其他数学状态	精确本单元：   振幅充分小即保持值域 \(S\)；C179/AW8已恢复LF164–168固定λ完整源图卡代数；本条若涉及回缩空间完备/Lipschitz插值、正Hölder并类内cusp、相对自第一纲或证书等价，仍须在同一矩形回缩空间独立核验，AW宽母空间薄性不能下传
UHT-OA-U0233	history/sources/次单调论文研究/分类集研究/RLEB_LT_operator_space_research_asset_v1/RLEB_LT_operator_space_research_asset_v1/03_CLASSIFICATION_STAGE/ppa_classification_team/05_obstruction_audit.md	190	190	3. 致命逻辑陷阱：RLEB 类可以自第一纲 LF190–190	mathematical-assertion	、底边恒等和所给一致邻域。	source-report	deferred	research/audit/UNIFORM_HOLDER_FULL_COVERAGE.md#uht-audit-source		逐断言保留原来源报告；本批只重建C180，未以来源证明要点或PASS转授其他数学状态	精确本单元：、底边恒等和所给一致邻域。；C179/AW8已恢复LF164–168固定λ完整源图卡代数；本条若涉及回缩空间完备/Lipschitz插值、正Hölder并类内cusp、相对自第一纲或证书等价，仍须在同一矩形回缩空间独立核验，AW宽母空间薄性不能下传
UHT-OA-U0234	history/sources/次单调论文研究/分类集研究/RLEB_LT_operator_space_research_asset_v1/RLEB_LT_operator_space_research_asset_v1/03_CLASSIFICATION_STAGE/ppa_classification_team/05_obstruction_audit.md	190	190	3. 致命逻辑陷阱：RLEB 类可以自第一纲 LF190–190	mathematical-assertion	所得回缩具有 \(\beta\)-Hölder 模	source-report	deferred	research/audit/UNIFORM_HOLDER_FULL_COVERAGE.md#uht-audit-source		逐断言保留原来源报告；本批只重建C180，未以来源证明要点或PASS转授其他数学状态	精确本单元：所得回缩具有 \(\beta\)-Hölder 模；C179/AW8已恢复LF164–168固定λ完整源图卡代数；本条若涉及回缩空间完备/Lipschitz插值、正Hölder并类内cusp、相对自第一纲或证书等价，仍须在同一矩形回缩空间独立核验，AW宽母空间薄性不能下传
UHT-OA-U0235	history/sources/次单调论文研究/分类集研究/RLEB_LT_operator_space_research_asset_v1/RLEB_LT_operator_space_research_asset_v1/03_CLASSIFICATION_STAGE/ppa_classification_team/05_obstruction_audit.md	190	190	3. 致命逻辑陷阱：RLEB 类可以自第一纲 LF190–190	mathematical-assertion	，因此仍属于 \(\mathscr H\)。	source-report	deferred	research/audit/UNIFORM_HOLDER_FULL_COVERAGE.md#uht-audit-source		逐断言保留原来源报告；本批只重建C180，未以来源证明要点或PASS转授其他数学状态	精确本单元：，因此仍属于 \(\mathscr H\)。；C179/AW8已恢复LF164–168固定λ完整源图卡代数；本条若涉及回缩空间完备/Lipschitz插值、正Hölder并类内cusp、相对自第一纲或证书等价，仍须在同一矩形回缩空间独立核验，AW宽母空间薄性不能下传
UHT-OA-U0236	history/sources/次单调论文研究/分类集研究/RLEB_LT_operator_space_research_asset_v1/RLEB_LT_operator_space_research_asset_v1/03_CLASSIFICATION_STAGE/ppa_classification_team/05_obstruction_audit.md	190	190	3. 致命逻辑陷阱：RLEB 类可以自第一纲 LF190–190	mathematical-assertion	但沿 \((t,1/2)\to z_0\)，增量的主项是 \(\eta|t|^\beta\)	source-report	deferred	research/audit/UNIFORM_HOLDER_FULL_COVERAGE.md#uht-audit-source		逐断言保留原来源报告；本批只重建C180，未以来源证明要点或PASS转授其他数学状态	精确本单元：但沿 \((t,1/2)\to z_0\)，增量的主项是 \(\eta|t|^\beta\)；C179/AW8已恢复LF164–168固定λ完整源图卡代数；本条若涉及回缩空间完备/Lipschitz插值、正Hölder并类内cusp、相对自第一纲或证书等价，仍须在同一矩形回缩空间独立核验，AW宽母空间薄性不能下传
UHT-OA-U0237	history/sources/次单调论文研究/分类集研究/RLEB_LT_operator_space_research_asset_v1/RLEB_LT_operator_space_research_asset_v1/03_CLASSIFICATION_STAGE/ppa_classification_team/05_obstruction_audit.md	190	190	3. 致命逻辑陷阱：RLEB 类可以自第一纲 LF190–190	mathematical-assertion	，原 Lipschitz 项只有 \(O(|t|)\)	source-report	deferred	research/audit/UNIFORM_HOLDER_FULL_COVERAGE.md#uht-audit-source		逐断言保留原来源报告；本批只重建C180，未以来源证明要点或PASS转授其他数学状态	精确本单元：，原 Lipschitz 项只有 \(O(|t|)\)；C179/AW8已恢复LF164–168固定λ完整源图卡代数；本条若涉及回缩空间完备/Lipschitz插值、正Hölder并类内cusp、相对自第一纲或证书等价，仍须在同一矩形回缩空间独立核验，AW宽母空间薄性不能下传
UHT-OA-U0238	history/sources/次单调论文研究/分类集研究/RLEB_LT_operator_space_research_asset_v1/RLEB_LT_operator_space_research_asset_v1/03_CLASSIFICATION_STAGE/ppa_classification_team/05_obstruction_audit.md	190	190	3. 致命逻辑陷阱：RLEB 类可以自第一纲 LF190–190	mathematical-assertion	，故它不具有 \(1/m\)-Hölder 模。	source-report	deferred	research/audit/UNIFORM_HOLDER_FULL_COVERAGE.md#uht-audit-source		逐断言保留原来源报告；本批只重建C180，未以来源证明要点或PASS转授其他数学状态	精确本单元：，故它不具有 \(1/m\)-Hölder 模。；C179/AW8已恢复LF164–168固定λ完整源图卡代数；本条若涉及回缩空间完备/Lipschitz插值、正Hölder并类内cusp、相对自第一纲或证书等价，仍须在同一矩形回缩空间独立核验，AW宽母空间薄性不能下传
UHT-OA-U0239	history/sources/次单调论文研究/分类集研究/RLEB_LT_operator_space_research_asset_v1/RLEB_LT_operator_space_research_asset_v1/03_CLASSIFICATION_STAGE/ppa_classification_team/05_obstruction_audit.md	191	191	3. 致命逻辑陷阱：RLEB 类可以自第一纲 LF191–191	organization	空行/排版分隔	nonmathematical	nonmathematical	research/audit/UNIFORM_HOLDER_FULL_COVERAGE.md#uht-audit-source		标题、空行、连接词或纯任务组织；不承担独立数学断言	无本单元数学义务；不关闭相邻数学或历史证据记录
UHT-OA-U0240	history/sources/次单调论文研究/分类集研究/RLEB_LT_operator_space_research_asset_v1/RLEB_LT_operator_space_research_asset_v1/03_CLASSIFICATION_STAGE/ppa_classification_team/05_obstruction_audit.md	192	192	3. 致命逻辑陷阱：RLEB 类可以自第一纲 LF192–192	mathematical-assertion	因此 \(H_{m,n}\) 的相对内部为空	source-report	deferred	research/audit/UNIFORM_HOLDER_FULL_COVERAGE.md#uht-audit-source		逐断言保留原来源报告；本批只重建C180，未以来源证明要点或PASS转授其他数学状态	精确本单元：因此 \(H_{m,n}\) 的相对内部为空；C179/AW8已恢复LF164–168固定λ完整源图卡代数；本条若涉及回缩空间完备/Lipschitz插值、正Hölder并类内cusp、相对自第一纲或证书等价，仍须在同一矩形回缩空间独立核验，AW宽母空间薄性不能下传
UHT-OA-U0241	history/sources/次单调论文研究/分类集研究/RLEB_LT_operator_space_research_asset_v1/RLEB_LT_operator_space_research_asset_v1/03_CLASSIFICATION_STAGE/ppa_classification_team/05_obstruction_audit.md	192	192	3. 致命逻辑陷阱：RLEB 类可以自第一纲 LF192–192	mathematical-assertion	，命题成立。	source-report	deferred	research/audit/UNIFORM_HOLDER_FULL_COVERAGE.md#uht-audit-source		逐断言保留原来源报告；本批只重建C180，未以来源证明要点或PASS转授其他数学状态	精确本单元：，命题成立。；C179/AW8已恢复LF164–168固定λ完整源图卡代数；本条若涉及回缩空间完备/Lipschitz插值、正Hölder并类内cusp、相对自第一纲或证书等价，仍须在同一矩形回缩空间独立核验，AW宽母空间薄性不能下传
UHT-OA-U0242	history/sources/次单调论文研究/分类集研究/RLEB_LT_operator_space_research_asset_v1/RLEB_LT_operator_space_research_asset_v1/03_CLASSIFICATION_STAGE/ppa_classification_team/05_obstruction_audit.md	193	193	3. 致命逻辑陷阱：RLEB 类可以自第一纲 LF193–193	organization	空行/排版分隔	nonmathematical	nonmathematical	research/audit/UNIFORM_HOLDER_FULL_COVERAGE.md#uht-audit-source		标题、空行、连接词或纯任务组织；不承担独立数学断言	无本单元数学义务；不关闭相邻数学或历史证据记录
UHT-OA-U0243	history/sources/次单调论文研究/分类集研究/RLEB_LT_operator_space_research_asset_v1/RLEB_LT_operator_space_research_asset_v1/03_CLASSIFICATION_STAGE/ppa_classification_team/05_obstruction_audit.md	194	194	3. 致命逻辑陷阱：RLEB 类可以自第一纲 LF194–194	mathematical-assertion	**后果。	source-report	deferred	research/audit/UNIFORM_HOLDER_FULL_COVERAGE.md#uht-audit-source		逐断言保留原来源报告；本批只重建C180，未以来源证明要点或PASS转授其他数学状态	精确本单元：**后果。；C179/AW8已恢复LF164–168固定λ完整源图卡代数；本条若涉及回缩空间完备/Lipschitz插值、正Hölder并类内cusp、相对自第一纲或证书等价，仍须在同一矩形回缩空间独立核验，AW宽母空间薄性不能下传
UHT-OA-U0244	history/sources/次单调论文研究/分类集研究/RLEB_LT_operator_space_research_asset_v1/RLEB_LT_operator_space_research_asset_v1/03_CLASSIFICATION_STAGE/ppa_classification_team/05_obstruction_audit.md	194	194	3. 致命逻辑陷阱：RLEB 类可以自第一纲 LF194–194	mathematical-assertion	** 在此层中，任何子集（包括 LT、RLEB 全体、RLEB 差集）都在 \(\mathscr H\) 中第一纲。	source-report	deferred	research/audit/UNIFORM_HOLDER_FULL_COVERAGE.md#uht-audit-source		逐断言保留原来源报告；本批只重建C180，未以来源证明要点或PASS转授其他数学状态	精确本单元：** 在此层中，任何子集（包括 LT、RLEB 全体、RLEB 差集）都在 \(\mathscr H\) 中第一纲。；C179/AW8已恢复LF164–168固定λ完整源图卡代数；本条若涉及回缩空间完备/Lipschitz插值、正Hölder并类内cusp、相对自第一纲或证书等价，仍须在同一矩形回缩空间独立核验，AW宽母空间薄性不能下传
UHT-OA-U0245	history/sources/次单调论文研究/分类集研究/RLEB_LT_operator_space_research_asset_v1/RLEB_LT_operator_space_research_asset_v1/03_CLASSIFICATION_STAGE/ppa_classification_team/05_obstruction_audit.md	194	194	3. 致命逻辑陷阱：RLEB 类可以自第一纲 LF194–194	mathematical-assertion	因此只报告	source-report	deferred	research/audit/UNIFORM_HOLDER_FULL_COVERAGE.md#uht-audit-source		逐断言保留原来源报告；本批只重建C180，未以来源证明要点或PASS转授其他数学状态	精确本单元：因此只报告；C179/AW8已恢复LF164–168固定λ完整源图卡代数；本条若涉及回缩空间完备/Lipschitz插值、正Hölder并类内cusp、相对自第一纲或证书等价，仍须在同一矩形回缩空间独立核验，AW宽母空间薄性不能下传
UHT-OA-U0246	history/sources/次单调论文研究/分类集研究/RLEB_LT_operator_space_research_asset_v1/RLEB_LT_operator_space_research_asset_v1/03_CLASSIFICATION_STAGE/ppa_classification_team/05_obstruction_audit.md	195	195	3. 致命逻辑陷阱：RLEB 类可以自第一纲 LF195–195	organization	空行/排版分隔	nonmathematical	nonmathematical	research/audit/UNIFORM_HOLDER_FULL_COVERAGE.md#uht-audit-source		标题、空行、连接词或纯任务组织；不承担独立数学断言	无本单元数学义务；不关闭相邻数学或历史证据记录
UHT-OA-U0247	history/sources/次单调论文研究/分类集研究/RLEB_LT_operator_space_research_asset_v1/RLEB_LT_operator_space_research_asset_v1/03_CLASSIFICATION_STAGE/ppa_classification_team/05_obstruction_audit.md	196	198	3. 致命逻辑陷阱：RLEB 类可以自第一纲 LF196–198	display-formula	"\[
\mathrm{LT}\cap\mathscr H\text{ 在 }\mathscr H\text{ 中第一纲}
\]"	source-report	deferred	research/audit/UNIFORM_HOLDER_FULL_COVERAGE.md#uht-audit-source		逐断言保留原来源报告；本批只重建C180，未以来源证明要点或PASS转授其他数学状态	精确本单元：\[ \mathrm{LT}\cap\mathscr H\text{ 在 }\mathscr H\text{ 中第一纲} \]；C179/AW8已恢复LF164–168固定λ完整源图卡代数；本条若涉及回缩空间完备/Lipschitz插值、正Hölder并类内cusp、相对自第一纲或证书等价，仍须在同一矩形回缩空间独立核验，AW宽母空间薄性不能下传
UHT-OA-U0248	history/sources/次单调论文研究/分类集研究/RLEB_LT_operator_space_research_asset_v1/RLEB_LT_operator_space_research_asset_v1/03_CLASSIFICATION_STAGE/ppa_classification_team/05_obstruction_audit.md	199	199	3. 致命逻辑陷阱：RLEB 类可以自第一纲 LF199–199	organization	空行/排版分隔	nonmathematical	nonmathematical	research/audit/UNIFORM_HOLDER_FULL_COVERAGE.md#uht-audit-source		标题、空行、连接词或纯任务组织；不承担独立数学断言	无本单元数学义务；不关闭相邻数学或历史证据记录
UHT-OA-U0249	history/sources/次单调论文研究/分类集研究/RLEB_LT_operator_space_research_asset_v1/RLEB_LT_operator_space_research_asset_v1/03_CLASSIFICATION_STAGE/ppa_classification_team/05_obstruction_audit.md	200	200	3. 致命逻辑陷阱：RLEB 类可以自第一纲 LF200–200	mathematical-assertion	不能支持“LT 覆盖小而 RLEB 覆盖大”。	source-report	deferred	research/audit/UNIFORM_HOLDER_FULL_COVERAGE.md#uht-audit-source		逐断言保留原来源报告；本批只重建C180，未以来源证明要点或PASS转授其他数学状态	精确本单元：不能支持“LT 覆盖小而 RLEB 覆盖大”。；C179/AW8已恢复LF164–168固定λ完整源图卡代数；本条若涉及回缩空间完备/Lipschitz插值、正Hölder并类内cusp、相对自第一纲或证书等价，仍须在同一矩形回缩空间独立核验，AW宽母空间薄性不能下传
UHT-OA-U0250	history/sources/次单调论文研究/分类集研究/RLEB_LT_operator_space_research_asset_v1/RLEB_LT_operator_space_research_asset_v1/03_CLASSIFICATION_STAGE/ppa_classification_team/05_obstruction_audit.md	200	200	3. 致命逻辑陷阱：RLEB 类可以自第一纲 LF200–200	mathematical-assertion	甚至某集合及其补集可以同时第一纲、同时余稀。	source-report	deferred	research/audit/UNIFORM_HOLDER_FULL_COVERAGE.md#uht-audit-source		逐断言保留原来源报告；本批只重建C180，未以来源证明要点或PASS转授其他数学状态	精确本单元：甚至某集合及其补集可以同时第一纲、同时余稀。；C179/AW8已恢复LF164–168固定λ完整源图卡代数；本条若涉及回缩空间完备/Lipschitz插值、正Hölder并类内cusp、相对自第一纲或证书等价，仍须在同一矩形回缩空间独立核验，AW宽母空间薄性不能下传
UHT-OA-U0251	history/sources/次单调论文研究/分类集研究/RLEB_LT_operator_space_research_asset_v1/RLEB_LT_operator_space_research_asset_v1/03_CLASSIFICATION_STAGE/ppa_classification_team/05_obstruction_audit.md	201	201	3. 致命逻辑陷阱：RLEB 类可以自第一纲 LF201–201	organization	空行/排版分隔	nonmathematical	nonmathematical	research/audit/UNIFORM_HOLDER_FULL_COVERAGE.md#uht-audit-source		标题、空行、连接词或纯任务组织；不承担独立数学断言	无本单元数学义务；不关闭相邻数学或历史证据记录
UHT-OA-U0252	history/sources/次单调论文研究/分类集研究/RLEB_LT_operator_space_research_asset_v1/RLEB_LT_operator_space_research_asset_v1/03_CLASSIFICATION_STAGE/ppa_classification_team/05_obstruction_audit.md	202	202	3. 致命逻辑陷阱：RLEB 类可以自第一纲 LF202–202	scope-contract	这不证明主研究的整个 RLEB 像自第一纲；	source-report	deferred	research/audit/UNIFORM_HOLDER_FULL_COVERAGE.md#uht-audit-source		逐断言保留原来源报告；本批只重建C180，未以来源证明要点或PASS转授其他数学状态	精确本单元：这不证明主研究的整个 RLEB 像自第一纲；；C179/AW8已恢复LF164–168固定λ完整源图卡代数；本条若涉及回缩空间完备/Lipschitz插值、正Hölder并类内cusp、相对自第一纲或证书等价，仍须在同一矩形回缩空间独立核验，AW宽母空间薄性不能下传
UHT-OA-U0253	history/sources/次单调论文研究/分类集研究/RLEB_LT_operator_space_research_asset_v1/RLEB_LT_operator_space_research_asset_v1/03_CLASSIFICATION_STAGE/ppa_classification_team/05_obstruction_audit.md	202	202	3. 致命逻辑陷阱：RLEB 类可以自第一纲 LF202–202	scope-contract	它严格否定“只要已知 RLEB 是 \(F_\sigma\)，相对第一纲结论就有鉴别力”的推理。	source-report	deferred	research/audit/UNIFORM_HOLDER_FULL_COVERAGE.md#uht-audit-source		逐断言保留原来源报告；本批只重建C180，未以来源证明要点或PASS转授其他数学状态	精确本单元：它严格否定“只要已知 RLEB 是 \(F_\sigma\)，相对第一纲结论就有鉴别力”的推理。；C179/AW8已恢复LF164–168固定λ完整源图卡代数；本条若涉及回缩空间完备/Lipschitz插值、正Hölder并类内cusp、相对自第一纲或证书等价，仍须在同一矩形回缩空间独立核验，AW宽母空间薄性不能下传
UHT-OA-U0254	history/sources/次单调论文研究/分类集研究/RLEB_LT_operator_space_research_asset_v1/RLEB_LT_operator_space_research_asset_v1/03_CLASSIFICATION_STAGE/ppa_classification_team/05_obstruction_audit.md	203	203	3. 致命逻辑陷阱：RLEB 类可以自第一纲 LF203–203	organization	空行/排版分隔	nonmathematical	nonmathematical	research/audit/UNIFORM_HOLDER_FULL_COVERAGE.md#uht-audit-source		标题、空行、连接词或纯任务组织；不承担独立数学断言	无本单元数学义务；不关闭相邻数学或历史证据记录
UHT-OA-U0255	history/sources/次单调论文研究/分类集研究/RLEB_LT_operator_space_research_asset_v1/RLEB_LT_operator_space_research_asset_v1/03_CLASSIFICATION_STAGE/ppa_classification_team/05_obstruction_audit.md	204	204	3. 致命逻辑陷阱：RLEB 类可以自第一纲 LF204–204	mathematical-assertion	**最弱修复。	source-report	deferred	research/audit/UNIFORM_HOLDER_FULL_COVERAGE.md#uht-audit-source		逐断言保留原来源报告；本批只重建C180，未以来源证明要点或PASS转授其他数学状态	精确本单元：**最弱修复。；C179/AW8已恢复LF164–168固定λ完整源图卡代数；本条若涉及回缩空间完备/Lipschitz插值、正Hölder并类内cusp、相对自第一纲或证书等价，仍须在同一矩形回缩空间独立核验，AW宽母空间薄性不能下传
UHT-OA-U0256	history/sources/次单调论文研究/分类集研究/RLEB_LT_operator_space_research_asset_v1/RLEB_LT_operator_space_research_asset_v1/03_CLASSIFICATION_STAGE/ppa_classification_team/05_obstruction_audit.md	204	204	3. 致命逻辑陷阱：RLEB 类可以自第一纲 LF204–204	mathematical-assertion	** 在统一中立 Baire 母空间里同时报告 \(\mathscr R\)、\(\mathscr L\)、\(\mathscr R\setminus\mathscr L\) 的绝对类别；	source-report	deferred	research/audit/UNIFORM_HOLDER_FULL_COVERAGE.md#uht-audit-source		逐断言保留原来源报告；本批只重建C180，未以来源证明要点或PASS转授其他数学状态	精确本单元：** 在统一中立 Baire 母空间里同时报告 \(\mathscr R\)、\(\mathscr L\)、\(\mathscr R\setminus\mathscr L\) 的绝对类别；；C179/AW8已恢复LF164–168固定λ完整源图卡代数；本条若涉及回缩空间完备/Lipschitz插值、正Hölder并类内cusp、相对自第一纲或证书等价，仍须在同一矩形回缩空间独立核验，AW宽母空间薄性不能下传
UHT-OA-U0257	history/sources/次单调论文研究/分类集研究/RLEB_LT_operator_space_research_asset_v1/RLEB_LT_operator_space_research_asset_v1/03_CLASSIFICATION_STAGE/ppa_classification_team/05_obstruction_audit.md	204	204	3. 致命逻辑陷阱：RLEB 类可以自第一纲 LF204–204	mathematical-assertion	若改在 \(\mathscr R\) 内比较，必须先证明所用相对空间非空且 Baire，或至少所比较的 \(\mathscr R\) 块在自身并非第一纲。	source-report	deferred	research/audit/UNIFORM_HOLDER_FULL_COVERAGE.md#uht-audit-source		逐断言保留原来源报告；本批只重建C180，未以来源证明要点或PASS转授其他数学状态	精确本单元：若改在 \(\mathscr R\) 内比较，必须先证明所用相对空间非空且 Baire，或至少所比较的 \(\mathscr R\) 块在自身并非第一纲。；C179/AW8已恢复LF164–168固定λ完整源图卡代数；本条若涉及回缩空间完备/Lipschitz插值、正Hölder并类内cusp、相对自第一纲或证书等价，仍须在同一矩形回缩空间独立核验，AW宽母空间薄性不能下传
UHT-OA-U0258	history/sources/次单调论文研究/分类集研究/RLEB_LT_operator_space_research_asset_v1/RLEB_LT_operator_space_research_asset_v1/03_CLASSIFICATION_STAGE/ppa_classification_team/05_obstruction_audit.md	204	204	3. 致命逻辑陷阱：RLEB 类可以自第一纲 LF204–204	mathematical-assertion	固定证书预算可作为后置分析工具，但不得把它改称中立母空间。	source-report	deferred	research/audit/UNIFORM_HOLDER_FULL_COVERAGE.md#uht-audit-source		逐断言保留原来源报告；本批只重建C180，未以来源证明要点或PASS转授其他数学状态	精确本单元：固定证书预算可作为后置分析工具，但不得把它改称中立母空间。；C179/AW8已恢复LF164–168固定λ完整源图卡代数；本条若涉及回缩空间完备/Lipschitz插值、正Hölder并类内cusp、相对自第一纲或证书等价，仍须在同一矩形回缩空间独立核验，AW宽母空间薄性不能下传
UHT-OA-U0259	history/sources/次单调论文研究/分类集研究/RLEB_LT_operator_space_research_asset_v1/RLEB_LT_operator_space_research_asset_v1/03_CLASSIFICATION_STAGE/ppa_classification_team/05_obstruction_audit.md	205	205	3. 致命逻辑陷阱：RLEB 类可以自第一纲 LF205–205	organization	空行/排版分隔	nonmathematical	nonmathematical	research/audit/UNIFORM_HOLDER_FULL_COVERAGE.md#uht-audit-source		标题、空行、连接词或纯任务组织；不承担独立数学断言	无本单元数学义务；不关闭相邻数学或历史证据记录
UHT-OA-U0260	history/sources/次单调论文研究/分类集研究/RLEB_LT_operator_space_research_asset_v1/RLEB_LT_operator_space_research_asset_v1/03_CLASSIFICATION_STAGE/ppa_classification_team/05_obstruction_audit.md	206	206	4. 严格局部证书仍可只有一个无理良定步长 LF206–206	organization	## 4. 严格局部证书仍可只有一个无理良定步长	nonmathematical	nonmathematical	research/audit/UNIFORM_HOLDER_FULL_COVERAGE.md#uht-audit-source		标题、空行、连接词或纯任务组织；不承担独立数学断言	无本单元数学义务；不关闭相邻数学或历史证据记录
UHT-OA-U0261	history/sources/次单调论文研究/分类集研究/RLEB_LT_operator_space_research_asset_v1/RLEB_LT_operator_space_research_asset_v1/03_CLASSIFICATION_STAGE/ppa_classification_team/05_obstruction_audit.md	207	207	4. 严格局部证书仍可只有一个无理良定步长 LF207–207	organization	空行/排版分隔	nonmathematical	nonmathematical	research/audit/UNIFORM_HOLDER_FULL_COVERAGE.md#uht-audit-source		标题、空行、连接词或纯任务组织；不承担独立数学断言	无本单元数学义务；不关闭相邻数学或历史证据记录
UHT-OA-U0262	history/sources/次单调论文研究/分类集研究/RLEB_LT_operator_space_research_asset_v1/RLEB_LT_operator_space_research_asset_v1/03_CLASSIFICATION_STAGE/ppa_classification_team/05_obstruction_audit.md	208	208	4. 严格局部证书仍可只有一个无理良定步长 LF208–208	scope-contract	这是一个完整原图反例，不依赖裁剪掉远端分支。	source-report	deferred	research/audit/UNIFORM_HOLDER_FULL_COVERAGE.md#uht-audit-source		逐断言保留原来源报告；本批只重建C180，未以来源证明要点或PASS转授其他数学状态	精确本单元：这是一个完整原图反例，不依赖裁剪掉远端分支。；核√2构造的完整闭原图、所有图点输入、真inf残差和唯一良定步长；LT/direct参数须同图同域同数值接口，不用有理步长替换
UHT-OA-U0263	history/sources/次单调论文研究/分类集研究/RLEB_LT_operator_space_research_asset_v1/RLEB_LT_operator_space_research_asset_v1/03_CLASSIFICATION_STAGE/ppa_classification_team/05_obstruction_audit.md	209	209	4. 严格局部证书仍可只有一个无理良定步长 LF209–209	organization	空行/排版分隔	nonmathematical	nonmathematical	research/audit/UNIFORM_HOLDER_FULL_COVERAGE.md#uht-audit-source		标题、空行、连接词或纯任务组织；不承担独立数学断言	无本单元数学义务；不关闭相邻数学或历史证据记录
UHT-OA-U0264	history/sources/次单调论文研究/分类集研究/RLEB_LT_operator_space_research_asset_v1/RLEB_LT_operator_space_research_asset_v1/03_CLASSIFICATION_STAGE/ppa_classification_team/05_obstruction_audit.md	210	210	4. 严格局部证书仍可只有一个无理良定步长 LF210–210	mathematical-assertion	取 \(a=\sqrt2\)、\(C=4\)，在 \(\mathbb R\times\mathbb R\) 定义	source-report	deferred	research/audit/UNIFORM_HOLDER_FULL_COVERAGE.md#uht-audit-source		逐断言保留原来源报告；本批只重建C180，未以来源证明要点或PASS转授其他数学状态	精确本单元：取 \(a=\sqrt2\)、\(C=4\)，在 \(\mathbb R\times\mathbb R\) 定义；核√2构造的完整闭原图、所有图点输入、真inf残差和唯一良定步长；LT/direct参数须同图同域同数值接口，不用有理步长替换
UHT-OA-U0265	history/sources/次单调论文研究/分类集研究/RLEB_LT_operator_space_research_asset_v1/RLEB_LT_operator_space_research_asset_v1/03_CLASSIFICATION_STAGE/ppa_classification_team/05_obstruction_audit.md	211	211	4. 严格局部证书仍可只有一个无理良定步长 LF211–211	organization	空行/排版分隔	nonmathematical	nonmathematical	research/audit/UNIFORM_HOLDER_FULL_COVERAGE.md#uht-audit-source		标题、空行、连接词或纯任务组织；不承担独立数学断言	无本单元数学义务；不关闭相邻数学或历史证据记录
UHT-OA-U0266	history/sources/次单调论文研究/分类集研究/RLEB_LT_operator_space_research_asset_v1/RLEB_LT_operator_space_research_asset_v1/03_CLASSIFICATION_STAGE/ppa_classification_team/05_obstruction_audit.md	212	214	4. 严格局部证书仍可只有一个无理良定步长 LF212–214	display-formula	"\[
G=\{(u,u):u\in\mathbb R\}\cup H,
\]"	source-report	deferred	research/audit/UNIFORM_HOLDER_FULL_COVERAGE.md#uht-audit-source		逐断言保留原来源报告；本批只重建C180，未以来源证明要点或PASS转授其他数学状态	精确本单元：\[ G=\{(u,u):u\in\mathbb R\}\cup H, \]；核√2构造的完整闭原图、所有图点输入、真inf残差和唯一良定步长；LT/direct参数须同图同域同数值接口，不用有理步长替换
UHT-OA-U0267	history/sources/次单调论文研究/分类集研究/RLEB_LT_operator_space_research_asset_v1/RLEB_LT_operator_space_research_asset_v1/03_CLASSIFICATION_STAGE/ppa_classification_team/05_obstruction_audit.md	215	215	4. 严格局部证书仍可只有一个无理良定步长 LF215–215	organization	空行/排版分隔	nonmathematical	nonmathematical	research/audit/UNIFORM_HOLDER_FULL_COVERAGE.md#uht-audit-source		标题、空行、连接词或纯任务组织；不承担独立数学断言	无本单元数学义务；不关闭相邻数学或历史证据记录
UHT-OA-U0268	history/sources/次单调论文研究/分类集研究/RLEB_LT_operator_space_research_asset_v1/RLEB_LT_operator_space_research_asset_v1/03_CLASSIFICATION_STAGE/ppa_classification_team/05_obstruction_audit.md	216	216	4. 严格局部证书仍可只有一个无理良定步长 LF216–216	organization	其中	nonmathematical	nonmathematical	research/audit/UNIFORM_HOLDER_FULL_COVERAGE.md#uht-audit-source		标题、空行、连接词或纯任务组织；不承担独立数学断言	无本单元数学义务；不关闭相邻数学或历史证据记录
UHT-OA-U0269	history/sources/次单调论文研究/分类集研究/RLEB_LT_operator_space_research_asset_v1/RLEB_LT_operator_space_research_asset_v1/03_CLASSIFICATION_STAGE/ppa_classification_team/05_obstruction_audit.md	217	217	4. 严格局部证书仍可只有一个无理良定步长 LF217–217	organization	空行/排版分隔	nonmathematical	nonmathematical	research/audit/UNIFORM_HOLDER_FULL_COVERAGE.md#uht-audit-source		标题、空行、连接词或纯任务组织；不承担独立数学断言	无本单元数学义务；不关闭相邻数学或历史证据记录
UHT-OA-U0270	history/sources/次单调论文研究/分类集研究/RLEB_LT_operator_space_research_asset_v1/RLEB_LT_operator_space_research_asset_v1/03_CLASSIFICATION_STAGE/ppa_classification_team/05_obstruction_audit.md	218	225	4. 严格局部证书仍可只有一个无理良定步长 LF218–225	display-formula	"\[
H=\left\{\left(
\frac{Ct(1+t)}{|t-a|},
-\frac{C(1+t)}{|t-a|}
\right):t>0,\ t\ne a\right\}
\cup\{(0,-C/a)\}.
\tag{4.1}
\]"	source-report	deferred	research/audit/UNIFORM_HOLDER_FULL_COVERAGE.md#uht-audit-source		逐断言保留原来源报告；本批只重建C180，未以来源证明要点或PASS转授其他数学状态	精确本单元：\[ H=\left\{\left( \frac{Ct(1+t)}{|t-a|}, -\frac{C(1+t)}{|t-a|} \right):t>0,\ t\ne a\right\} \cup\{(0,-C/a)\}. \tag{4.1} \]；核√2构造的完整闭原图、所有图点输入、真inf残差和唯一良定步长；LT/direct参数须同图同域同数值接口，不用有理步长替换
UHT-OA-U0271	history/sources/次单调论文研究/分类集研究/RLEB_LT_operator_space_research_asset_v1/RLEB_LT_operator_space_research_asset_v1/03_CLASSIFICATION_STAGE/ppa_classification_team/05_obstruction_audit.md	226	226	4. 严格局部证书仍可只有一个无理良定步长 LF226–226	organization	空行/排版分隔	nonmathematical	nonmathematical	research/audit/UNIFORM_HOLDER_FULL_COVERAGE.md#uht-audit-source		标题、空行、连接词或纯任务组织；不承担独立数学断言	无本单元数学义务；不关闭相邻数学或历史证据记录
UHT-OA-U0272	history/sources/次单调论文研究/分类集研究/RLEB_LT_operator_space_research_asset_v1/RLEB_LT_operator_space_research_asset_v1/03_CLASSIFICATION_STAGE/ppa_classification_team/05_obstruction_audit.md	227	227	4.1 闭图与精确零集 LF227–227	organization	### 4.1 闭图与精确零集	nonmathematical	nonmathematical	research/audit/UNIFORM_HOLDER_FULL_COVERAGE.md#uht-audit-source		标题、空行、连接词或纯任务组织；不承担独立数学断言	无本单元数学义务；不关闭相邻数学或历史证据记录
UHT-OA-U0273	history/sources/次单调论文研究/分类集研究/RLEB_LT_operator_space_research_asset_v1/RLEB_LT_operator_space_research_asset_v1/03_CLASSIFICATION_STAGE/ppa_classification_team/05_obstruction_audit.md	228	228	4.1 闭图与精确零集 LF228–228	organization	空行/排版分隔	nonmathematical	nonmathematical	research/audit/UNIFORM_HOLDER_FULL_COVERAGE.md#uht-audit-source		标题、空行、连接词或纯任务组织；不承担独立数学断言	无本单元数学义务；不关闭相邻数学或历史证据记录
UHT-OA-U0274	history/sources/次单调论文研究/分类集研究/RLEB_LT_operator_space_research_asset_v1/RLEB_LT_operator_space_research_asset_v1/03_CLASSIFICATION_STAGE/ppa_classification_team/05_obstruction_audit.md	229	229	4.1 闭图与精确零集 LF229–229	mathematical-assertion	参数 \(t\to a\) 时图点范数趋于无穷	source-report	deferred	research/audit/UNIFORM_HOLDER_FULL_COVERAGE.md#uht-audit-source		逐断言保留原来源报告；本批只重建C180，未以来源证明要点或PASS转授其他数学状态	精确本单元：参数 \(t\to a\) 时图点范数趋于无穷；核√2构造的完整闭原图、所有图点输入、真inf残差和唯一良定步长；LT/direct参数须同图同域同数值接口，不用有理步长替换
UHT-OA-U0275	history/sources/次单调论文研究/分类集研究/RLEB_LT_operator_space_research_asset_v1/RLEB_LT_operator_space_research_asset_v1/03_CLASSIFICATION_STAGE/ppa_classification_team/05_obstruction_audit.md	229	229	4.1 闭图与精确零集 LF229–229	mathematical-assertion	，\(t\to\infty\) 时第一坐标趋于无穷	source-report	deferred	research/audit/UNIFORM_HOLDER_FULL_COVERAGE.md#uht-audit-source		逐断言保留原来源报告；本批只重建C180，未以来源证明要点或PASS转授其他数学状态	精确本单元：，\(t\to\infty\) 时第一坐标趋于无穷；核√2构造的完整闭原图、所有图点输入、真inf残差和唯一良定步长；LT/direct参数须同图同域同数值接口，不用有理步长替换
UHT-OA-U0276	history/sources/次单调论文研究/分类集研究/RLEB_LT_operator_space_research_asset_v1/RLEB_LT_operator_space_research_asset_v1/03_CLASSIFICATION_STAGE/ppa_classification_team/05_obstruction_audit.md	229	229	4.1 闭图与精确零集 LF229–229	mathematical-assertion	，\(t\downarrow0\) 时唯一有限极限是已加入的 \((0,-C/a)\)。	source-report	deferred	research/audit/UNIFORM_HOLDER_FULL_COVERAGE.md#uht-audit-source		逐断言保留原来源报告；本批只重建C180，未以来源证明要点或PASS转授其他数学状态	精确本单元：，\(t\downarrow0\) 时唯一有限极限是已加入的 \((0,-C/a)\)。；核√2构造的完整闭原图、所有图点输入、真inf残差和唯一良定步长；LT/direct参数须同图同域同数值接口，不用有理步长替换
UHT-OA-U0277	history/sources/次单调论文研究/分类集研究/RLEB_LT_operator_space_research_asset_v1/RLEB_LT_operator_space_research_asset_v1/03_CLASSIFICATION_STAGE/ppa_classification_team/05_obstruction_audit.md	229	229	4.1 闭图与精确零集 LF229–229	mathematical-assertion	其余有限参数区间连续	source-report	deferred	research/audit/UNIFORM_HOLDER_FULL_COVERAGE.md#uht-audit-source		逐断言保留原来源报告；本批只重建C180，未以来源证明要点或PASS转授其他数学状态	精确本单元：其余有限参数区间连续；核√2构造的完整闭原图、所有图点输入、真inf残差和唯一良定步长；LT/direct参数须同图同域同数值接口，不用有理步长替换
UHT-OA-U0278	history/sources/次单调论文研究/分类集研究/RLEB_LT_operator_space_research_asset_v1/RLEB_LT_operator_space_research_asset_v1/03_CLASSIFICATION_STAGE/ppa_classification_team/05_obstruction_audit.md	229	229	4.1 闭图与精确零集 LF229–229	mathematical-assertion	，故 \(H\)、\(G\) 均闭。	source-report	deferred	research/audit/UNIFORM_HOLDER_FULL_COVERAGE.md#uht-audit-source		逐断言保留原来源报告；本批只重建C180，未以来源证明要点或PASS转授其他数学状态	精确本单元：，故 \(H\)、\(G\) 均闭。；核√2构造的完整闭原图、所有图点输入、真inf残差和唯一良定步长；LT/direct参数须同图同域同数值接口，不用有理步长替换
UHT-OA-U0279	history/sources/次单调论文研究/分类集研究/RLEB_LT_operator_space_research_asset_v1/RLEB_LT_operator_space_research_asset_v1/03_CLASSIFICATION_STAGE/ppa_classification_team/05_obstruction_audit.md	229	229	4.1 闭图与精确零集 LF229–229	mathematical-assertion	额外分支的第二坐标非零	source-report	deferred	research/audit/UNIFORM_HOLDER_FULL_COVERAGE.md#uht-audit-source		逐断言保留原来源报告；本批只重建C180，未以来源证明要点或PASS转授其他数学状态	精确本单元：额外分支的第二坐标非零；核√2构造的完整闭原图、所有图点输入、真inf残差和唯一良定步长；LT/direct参数须同图同域同数值接口，不用有理步长替换
UHT-OA-U0280	history/sources/次单调论文研究/分类集研究/RLEB_LT_operator_space_research_asset_v1/RLEB_LT_operator_space_research_asset_v1/03_CLASSIFICATION_STAGE/ppa_classification_team/05_obstruction_audit.md	229	229	4.1 闭图与精确零集 LF229–229	mathematical-assertion	，故 \(\operatorname{zer}F=\{0\}\)。	source-report	deferred	research/audit/UNIFORM_HOLDER_FULL_COVERAGE.md#uht-audit-source		逐断言保留原来源报告；本批只重建C180，未以来源证明要点或PASS转授其他数学状态	精确本单元：，故 \(\operatorname{zer}F=\{0\}\)。；核√2构造的完整闭原图、所有图点输入、真inf残差和唯一良定步长；LT/direct参数须同图同域同数值接口，不用有理步长替换
UHT-OA-U0281	history/sources/次单调论文研究/分类集研究/RLEB_LT_operator_space_research_asset_v1/RLEB_LT_operator_space_research_asset_v1/03_CLASSIFICATION_STAGE/ppa_classification_team/05_obstruction_audit.md	230	230	4.1 闭图与精确零集 LF230–230	organization	空行/排版分隔	nonmathematical	nonmathematical	research/audit/UNIFORM_HOLDER_FULL_COVERAGE.md#uht-audit-source		标题、空行、连接词或纯任务组织；不承担独立数学断言	无本单元数学义务；不关闭相邻数学或历史证据记录
UHT-OA-U0282	history/sources/次单调论文研究/分类集研究/RLEB_LT_operator_space_research_asset_v1/RLEB_LT_operator_space_research_asset_v1/03_CLASSIFICATION_STAGE/ppa_classification_team/05_obstruction_audit.md	231	231	4.2 在 \(a\) 步长，完整局部算法就是线性收缩 LF231–231	organization	### 4.2 在 \(a\) 步长，完整局部算法就是线性收缩	nonmathematical	nonmathematical	research/audit/UNIFORM_HOLDER_FULL_COVERAGE.md#uht-audit-source		标题、空行、连接词或纯任务组织；不承担独立数学断言	无本单元数学义务；不关闭相邻数学或历史证据记录
UHT-OA-U0283	history/sources/次单调论文研究/分类集研究/RLEB_LT_operator_space_research_asset_v1/RLEB_LT_operator_space_research_asset_v1/03_CLASSIFICATION_STAGE/ppa_classification_team/05_obstruction_audit.md	232	232	4.2 在 \(a\) 步长，完整局部算法就是线性收缩 LF232–232	organization	空行/排版分隔	nonmathematical	nonmathematical	research/audit/UNIFORM_HOLDER_FULL_COVERAGE.md#uht-audit-source		标题、空行、连接词或纯任务组织；不承担独立数学断言	无本单元数学义务；不关闭相邻数学或历史证据记录
UHT-OA-U0284	history/sources/次单调论文研究/分类集研究/RLEB_LT_operator_space_research_asset_v1/RLEB_LT_operator_space_research_asset_v1/03_CLASSIFICATION_STAGE/ppa_classification_team/05_obstruction_audit.md	233	233	4.2 在 \(a\) 步长，完整局部算法就是线性收缩 LF233–233	mathematical-assertion	额外曲线图点在 \(a\) 步长的输入为	source-report	deferred	research/audit/UNIFORM_HOLDER_FULL_COVERAGE.md#uht-audit-source		逐断言保留原来源报告；本批只重建C180，未以来源证明要点或PASS转授其他数学状态	精确本单元：额外曲线图点在 \(a\) 步长的输入为；核√2构造的完整闭原图、所有图点输入、真inf残差和唯一良定步长；LT/direct参数须同图同域同数值接口，不用有理步长替换
UHT-OA-U0285	history/sources/次单调论文研究/分类集研究/RLEB_LT_operator_space_research_asset_v1/RLEB_LT_operator_space_research_asset_v1/03_CLASSIFICATION_STAGE/ppa_classification_team/05_obstruction_audit.md	234	234	4.2 在 \(a\) 步长，完整局部算法就是线性收缩 LF234–234	organization	空行/排版分隔	nonmathematical	nonmathematical	research/audit/UNIFORM_HOLDER_FULL_COVERAGE.md#uht-audit-source		标题、空行、连接词或纯任务组织；不承担独立数学断言	无本单元数学义务；不关闭相邻数学或历史证据记录
UHT-OA-U0286	history/sources/次单调论文研究/分类集研究/RLEB_LT_operator_space_research_asset_v1/RLEB_LT_operator_space_research_asset_v1/03_CLASSIFICATION_STAGE/ppa_classification_team/05_obstruction_audit.md	235	237	4.2 在 \(a\) 步长，完整局部算法就是线性收缩 LF235–237	display-formula	"\[
u+av=C(1+t)\operatorname{sgn}(t-a),
\]"	source-report	deferred	research/audit/UNIFORM_HOLDER_FULL_COVERAGE.md#uht-audit-source		逐断言保留原来源报告；本批只重建C180，未以来源证明要点或PASS转授其他数学状态	精确本单元：\[ u+av=C(1+t)\operatorname{sgn}(t-a), \]；核√2构造的完整闭原图、所有图点输入、真inf残差和唯一良定步长；LT/direct参数须同图同域同数值接口，不用有理步长替换
UHT-OA-U0287	history/sources/次单调论文研究/分类集研究/RLEB_LT_operator_space_research_asset_v1/RLEB_LT_operator_space_research_asset_v1/03_CLASSIFICATION_STAGE/ppa_classification_team/05_obstruction_audit.md	238	238	4.2 在 \(a\) 步长，完整局部算法就是线性收缩 LF238–238	organization	空行/排版分隔	nonmathematical	nonmathematical	research/audit/UNIFORM_HOLDER_FULL_COVERAGE.md#uht-audit-source		标题、空行、连接词或纯任务组织；不承担独立数学断言	无本单元数学义务；不关闭相邻数学或历史证据记录
UHT-OA-U0288	history/sources/次单调论文研究/分类集研究/RLEB_LT_operator_space_research_asset_v1/RLEB_LT_operator_space_research_asset_v1/03_CLASSIFICATION_STAGE/ppa_classification_team/05_obstruction_audit.md	239	239	4.2 在 \(a\) 步长，完整局部算法就是线性收缩 LF239–239	mathematical-assertion	绝对值大于等于 \(C\)；	source-report	deferred	research/audit/UNIFORM_HOLDER_FULL_COVERAGE.md#uht-audit-source		逐断言保留原来源报告；本批只重建C180，未以来源证明要点或PASS转授其他数学状态	精确本单元：绝对值大于等于 \(C\)；；核√2构造的完整闭原图、所有图点输入、真inf残差和唯一良定步长；LT/direct参数须同图同域同数值接口，不用有理步长替换
UHT-OA-U0289	history/sources/次单调论文研究/分类集研究/RLEB_LT_operator_space_research_asset_v1/RLEB_LT_operator_space_research_asset_v1/03_CLASSIFICATION_STAGE/ppa_classification_team/05_obstruction_audit.md	239	239	4.2 在 \(a\) 步长，完整局部算法就是线性收缩 LF239–239	mathematical-assertion	端点输入为 \(-C\)。	source-report	deferred	research/audit/UNIFORM_HOLDER_FULL_COVERAGE.md#uht-audit-source		逐断言保留原来源报告；本批只重建C180，未以来源证明要点或PASS转授其他数学状态	精确本单元：端点输入为 \(-C\)。；核√2构造的完整闭原图、所有图点输入、真inf残差和唯一良定步长；LT/direct参数须同图同域同数值接口，不用有理步长替换
UHT-OA-U0290	history/sources/次单调论文研究/分类集研究/RLEB_LT_operator_space_research_asset_v1/RLEB_LT_operator_space_research_asset_v1/03_CLASSIFICATION_STAGE/ppa_classification_team/05_obstruction_audit.md	239	239	4.2 在 \(a\) 步长，完整局部算法就是线性收缩 LF239–239	mathematical-assertion	所以在共同开域 \(U=(-1,1)\)，完整 resolvent 恰为	source-report	deferred	research/audit/UNIFORM_HOLDER_FULL_COVERAGE.md#uht-audit-source		逐断言保留原来源报告；本批只重建C180，未以来源证明要点或PASS转授其他数学状态	精确本单元：所以在共同开域 \(U=(-1,1)\)，完整 resolvent 恰为；核√2构造的完整闭原图、所有图点输入、真inf残差和唯一良定步长；LT/direct参数须同图同域同数值接口，不用有理步长替换
UHT-OA-U0291	history/sources/次单调论文研究/分类集研究/RLEB_LT_operator_space_research_asset_v1/RLEB_LT_operator_space_research_asset_v1/03_CLASSIFICATION_STAGE/ppa_classification_team/05_obstruction_audit.md	240	240	4.2 在 \(a\) 步长，完整局部算法就是线性收缩 LF240–240	organization	空行/排版分隔	nonmathematical	nonmathematical	research/audit/UNIFORM_HOLDER_FULL_COVERAGE.md#uht-audit-source		标题、空行、连接词或纯任务组织；不承担独立数学断言	无本单元数学义务；不关闭相邻数学或历史证据记录
UHT-OA-U0292	history/sources/次单调论文研究/分类集研究/RLEB_LT_operator_space_research_asset_v1/RLEB_LT_operator_space_research_asset_v1/03_CLASSIFICATION_STAGE/ppa_classification_team/05_obstruction_audit.md	241	244	4.2 在 \(a\) 步长，完整局部算法就是线性收缩 LF241–244	display-formula	"\[
J_{aF}(x)=\frac{x}{1+a}.
\tag{4.2}
\]"	source-report	deferred	research/audit/UNIFORM_HOLDER_FULL_COVERAGE.md#uht-audit-source		逐断言保留原来源报告；本批只重建C180，未以来源证明要点或PASS转授其他数学状态	精确本单元：\[ J_{aF}(x)=\frac{x}{1+a}. \tag{4.2} \]；核√2构造的完整闭原图、所有图点输入、真inf残差和唯一良定步长；LT/direct参数须同图同域同数值接口，不用有理步长替换
UHT-OA-U0293	history/sources/次单调论文研究/分类集研究/RLEB_LT_operator_space_research_asset_v1/RLEB_LT_operator_space_research_asset_v1/03_CLASSIFICATION_STAGE/ppa_classification_team/05_obstruction_audit.md	245	245	4.2 在 \(a\) 步长，完整局部算法就是线性收缩 LF245–245	organization	空行/排版分隔	nonmathematical	nonmathematical	research/audit/UNIFORM_HOLDER_FULL_COVERAGE.md#uht-audit-source		标题、空行、连接词或纯任务组织；不承担独立数学断言	无本单元数学义务；不关闭相邻数学或历史证据记录
UHT-OA-U0294	history/sources/次单调论文研究/分类集研究/RLEB_LT_operator_space_research_asset_v1/RLEB_LT_operator_space_research_asset_v1/03_CLASSIFICATION_STAGE/ppa_classification_team/05_obstruction_audit.md	246	246	4.2 在 \(a\) 步长，完整局部算法就是线性收缩 LF246–246	mathematical-assertion	这里不是选出的分支：所有额外图点的输入已明确排除出 \(U\)。	source-report	deferred	research/audit/UNIFORM_HOLDER_FULL_COVERAGE.md#uht-audit-source		逐断言保留原来源报告；本批只重建C180，未以来源证明要点或PASS转授其他数学状态	精确本单元：这里不是选出的分支：所有额外图点的输入已明确排除出 \(U\)。；核√2构造的完整闭原图、所有图点输入、真inf残差和唯一良定步长；LT/direct参数须同图同域同数值接口，不用有理步长替换
UHT-OA-U0295	history/sources/次单调论文研究/分类集研究/RLEB_LT_operator_space_research_asset_v1/RLEB_LT_operator_space_research_asset_v1/03_CLASSIFICATION_STAGE/ppa_classification_team/05_obstruction_audit.md	247	247	4.2 在 \(a\) 步长，完整局部算法就是线性收缩 LF247–247	organization	空行/排版分隔	nonmathematical	nonmathematical	research/audit/UNIFORM_HOLDER_FULL_COVERAGE.md#uht-audit-source		标题、空行、连接词或纯任务组织；不承担独立数学断言	无本单元数学义务；不关闭相邻数学或历史证据记录
UHT-OA-U0296	history/sources/次单调论文研究/分类集研究/RLEB_LT_operator_space_research_asset_v1/RLEB_LT_operator_space_research_asset_v1/03_CLASSIFICATION_STAGE/ppa_classification_team/05_obstruction_audit.md	248	248	4.3 真实残差 EB 与严格局部证书 LF248–248	organization	### 4.3 真实残差 EB 与严格局部证书	nonmathematical	nonmathematical	research/audit/UNIFORM_HOLDER_FULL_COVERAGE.md#uht-audit-source		标题、空行、连接词或纯任务组织；不承担独立数学断言	无本单元数学义务；不关闭相邻数学或历史证据记录
UHT-OA-U0297	history/sources/次单调论文研究/分类集研究/RLEB_LT_operator_space_research_asset_v1/RLEB_LT_operator_space_research_asset_v1/03_CLASSIFICATION_STAGE/ppa_classification_team/05_obstruction_audit.md	249	249	4.3 真实残差 EB 与严格局部证书 LF249–249	organization	空行/排版分隔	nonmathematical	nonmathematical	research/audit/UNIFORM_HOLDER_FULL_COVERAGE.md#uht-audit-source		标题、空行、连接词或纯任务组织；不承担独立数学断言	无本单元数学义务；不关闭相邻数学或历史证据记录
UHT-OA-U0298	history/sources/次单调论文研究/分类集研究/RLEB_LT_operator_space_research_asset_v1/RLEB_LT_operator_space_research_asset_v1/03_CLASSIFICATION_STAGE/ppa_classification_team/05_obstruction_audit.md	250	250	4.3 真实残差 EB 与严格局部证书 LF250–250	organization	因为	nonmathematical	nonmathematical	research/audit/UNIFORM_HOLDER_FULL_COVERAGE.md#uht-audit-source		标题、空行、连接词或纯任务组织；不承担独立数学断言	无本单元数学义务；不关闭相邻数学或历史证据记录
UHT-OA-U0299	history/sources/次单调论文研究/分类集研究/RLEB_LT_operator_space_research_asset_v1/RLEB_LT_operator_space_research_asset_v1/03_CLASSIFICATION_STAGE/ppa_classification_team/05_obstruction_audit.md	251	251	4.3 真实残差 EB 与严格局部证书 LF251–251	organization	空行/排版分隔	nonmathematical	nonmathematical	research/audit/UNIFORM_HOLDER_FULL_COVERAGE.md#uht-audit-source		标题、空行、连接词或纯任务组织；不承担独立数学断言	无本单元数学义务；不关闭相邻数学或历史证据记录
UHT-OA-U0300	history/sources/次单调论文研究/分类集研究/RLEB_LT_operator_space_research_asset_v1/RLEB_LT_operator_space_research_asset_v1/03_CLASSIFICATION_STAGE/ppa_classification_team/05_obstruction_audit.md	252	254	4.3 真实残差 EB 与严格局部证书 LF252–254	display-formula	"\[
\frac{C(1+t)}{|t-a|}\ge\frac{C}{\max\{1,a\}}>1,
\]"	source-report	deferred	research/audit/UNIFORM_HOLDER_FULL_COVERAGE.md#uht-audit-source		逐断言保留原来源报告；本批只重建C180，未以来源证明要点或PASS转授其他数学状态	精确本单元：\[ \frac{C(1+t)}{|t-a|}\ge\frac{C}{\max\{1,a\}}>1, \]；核√2构造的完整闭原图、所有图点输入、真inf残差和唯一良定步长；LT/direct参数须同图同域同数值接口，不用有理步长替换
UHT-OA-U0301	history/sources/次单调论文研究/分类集研究/RLEB_LT_operator_space_research_asset_v1/RLEB_LT_operator_space_research_asset_v1/03_CLASSIFICATION_STAGE/ppa_classification_team/05_obstruction_audit.md	255	255	4.3 真实残差 EB 与严格局部证书 LF255–255	organization	空行/排版分隔	nonmathematical	nonmathematical	research/audit/UNIFORM_HOLDER_FULL_COVERAGE.md#uht-audit-source		标题、空行、连接词或纯任务组织；不承担独立数学断言	无本单元数学义务；不关闭相邻数学或历史证据记录
UHT-OA-U0302	history/sources/次单调论文研究/分类集研究/RLEB_LT_operator_space_research_asset_v1/RLEB_LT_operator_space_research_asset_v1/03_CLASSIFICATION_STAGE/ppa_classification_team/05_obstruction_audit.md	256	256	4.3 真实残差 EB 与严格局部证书 LF256–256	mathematical-assertion	全部额外残差的范数均大于一	source-report	deferred	research/audit/UNIFORM_HOLDER_FULL_COVERAGE.md#uht-audit-source		逐断言保留原来源报告；本批只重建C180，未以来源证明要点或PASS转授其他数学状态	精确本单元：全部额外残差的范数均大于一；核√2构造的完整闭原图、所有图点输入、真inf残差和唯一良定步长；LT/direct参数须同图同域同数值接口，不用有理步长替换
UHT-OA-U0303	history/sources/次单调论文研究/分类集研究/RLEB_LT_operator_space_research_asset_v1/RLEB_LT_operator_space_research_asset_v1/03_CLASSIFICATION_STAGE/ppa_classification_team/05_obstruction_audit.md	256	256	4.3 真实残差 EB 与严格局部证书 LF256–256	mathematical-assertion	，而基线含 \((u,u)\)。	source-report	deferred	research/audit/UNIFORM_HOLDER_FULL_COVERAGE.md#uht-audit-source		逐断言保留原来源报告；本批只重建C180，未以来源证明要点或PASS转授其他数学状态	精确本单元：，而基线含 \((u,u)\)。；核√2构造的完整闭原图、所有图点输入、真inf残差和唯一良定步长；LT/direct参数须同图同域同数值接口，不用有理步长替换
UHT-OA-U0304	history/sources/次单调论文研究/分类集研究/RLEB_LT_operator_space_research_asset_v1/RLEB_LT_operator_space_research_asset_v1/03_CLASSIFICATION_STAGE/ppa_classification_team/05_obstruction_audit.md	256	256	4.3 真实残差 EB 与严格局部证书 LF256–256	mathematical-assertion	因此对 \(|u|\le1\)，	source-report	deferred	research/audit/UNIFORM_HOLDER_FULL_COVERAGE.md#uht-audit-source		逐断言保留原来源报告；本批只重建C180，未以来源证明要点或PASS转授其他数学状态	精确本单元：因此对 \(|u|\le1\)，；核√2构造的完整闭原图、所有图点输入、真inf残差和唯一良定步长；LT/direct参数须同图同域同数值接口，不用有理步长替换
UHT-OA-U0305	history/sources/次单调论文研究/分类集研究/RLEB_LT_operator_space_research_asset_v1/RLEB_LT_operator_space_research_asset_v1/03_CLASSIFICATION_STAGE/ppa_classification_team/05_obstruction_audit.md	257	257	4.3 真实残差 EB 与严格局部证书 LF257–257	organization	空行/排版分隔	nonmathematical	nonmathematical	research/audit/UNIFORM_HOLDER_FULL_COVERAGE.md#uht-audit-source		标题、空行、连接词或纯任务组织；不承担独立数学断言	无本单元数学义务；不关闭相邻数学或历史证据记录
UHT-OA-U0306	history/sources/次单调论文研究/分类集研究/RLEB_LT_operator_space_research_asset_v1/RLEB_LT_operator_space_research_asset_v1/03_CLASSIFICATION_STAGE/ppa_classification_team/05_obstruction_audit.md	258	261	4.3 真实残差 EB 与严格局部证书 LF258–261	display-formula	"\[
r_F(u)=|u|.
\tag{4.3}
\]"	source-report	deferred	research/audit/UNIFORM_HOLDER_FULL_COVERAGE.md#uht-audit-source		逐断言保留原来源报告；本批只重建C180，未以来源证明要点或PASS转授其他数学状态	精确本单元：\[ r_F(u)=|u|. \tag{4.3} \]；核√2构造的完整闭原图、所有图点输入、真inf残差和唯一良定步长；LT/direct参数须同图同域同数值接口，不用有理步长替换
UHT-OA-U0307	history/sources/次单调论文研究/分类集研究/RLEB_LT_operator_space_research_asset_v1/RLEB_LT_operator_space_research_asset_v1/03_CLASSIFICATION_STAGE/ppa_classification_team/05_obstruction_audit.md	262	262	4.3 真实残差 EB 与严格局部证书 LF262–262	organization	空行/排版分隔	nonmathematical	nonmathematical	research/audit/UNIFORM_HOLDER_FULL_COVERAGE.md#uht-audit-source		标题、空行、连接词或纯任务组织；不承担独立数学断言	无本单元数学义务；不关闭相邻数学或历史证据记录
UHT-OA-U0308	history/sources/次单调论文研究/分类集研究/RLEB_LT_operator_space_research_asset_v1/RLEB_LT_operator_space_research_asset_v1/03_CLASSIFICATION_STAGE/ppa_classification_team/05_obstruction_audit.md	263	263	4.3 真实残差 EB 与严格局部证书 LF263–263	mathematical-assertion	在解点附近的小输出–残差矩形里，原图与 \(F(u)=u\) 完全一致	source-report	deferred	research/audit/UNIFORM_HOLDER_FULL_COVERAGE.md#uht-audit-source		逐断言保留原来源报告；本批只重建C180，未以来源证明要点或PASS转授其他数学状态	精确本单元：在解点附近的小输出–残差矩形里，原图与 \(F(u)=u\) 完全一致；核√2构造的完整闭原图、所有图点输入、真inf残差和唯一良定步长；LT/direct参数须同图同域同数值接口，不用有理步长替换
UHT-OA-U0309	history/sources/次单调论文研究/分类集研究/RLEB_LT_operator_space_research_asset_v1/RLEB_LT_operator_space_research_asset_v1/03_CLASSIFICATION_STAGE/ppa_classification_team/05_obstruction_audit.md	263	263	4.3 真实残差 EB 与严格局部证书 LF263–263	mathematical-assertion	，因而可使用其局部最大单调/LT 几何；	source-report	deferred	research/audit/UNIFORM_HOLDER_FULL_COVERAGE.md#uht-audit-source		逐断言保留原来源报告；本批只重建C180，未以来源证明要点或PASS转授其他数学状态	精确本单元：，因而可使用其局部最大单调/LT 几何；；核√2构造的完整闭原图、所有图点输入、真inf残差和唯一良定步长；LT/direct参数须同图同域同数值接口，不用有理步长替换
UHT-OA-U0310	history/sources/次单调论文研究/分类集研究/RLEB_LT_operator_space_research_asset_v1/RLEB_LT_operator_space_research_asset_v1/03_CLASSIFICATION_STAGE/ppa_classification_team/05_obstruction_audit.md	263	263	4.3 真实残差 EB 与严格局部证书 LF263–263	mathematical-assertion	(4.2) 又给完整输入接口。	source-report	deferred	research/audit/UNIFORM_HOLDER_FULL_COVERAGE.md#uht-audit-source		逐断言保留原来源报告；本批只重建C180，未以来源证明要点或PASS转授其他数学状态	精确本单元：(4.2) 又给完整输入接口。；核√2构造的完整闭原图、所有图点输入、真inf残差和唯一良定步长；LT/direct参数须同图同域同数值接口，不用有理步长替换
UHT-OA-U0311	history/sources/次单调论文研究/分类集研究/RLEB_LT_operator_space_research_asset_v1/RLEB_LT_operator_space_research_asset_v1/03_CLASSIFICATION_STAGE/ppa_classification_team/05_obstruction_audit.md	263	263	4.3 真实残差 EB 与严格局部证书 LF263–263	mathematical-assertion	可取 LT 几何 \(\tau=0\)	source-report	deferred	research/audit/UNIFORM_HOLDER_FULL_COVERAGE.md#uht-audit-source		逐断言保留原来源报告；本批只重建C180，未以来源证明要点或PASS转授其他数学状态	精确本单元：可取 LT 几何 \(\tau=0\)；核√2构造的完整闭原图、所有图点输入、真inf残差和唯一良定步长；LT/direct参数须同图同域同数值接口，不用有理步长替换
UHT-OA-U0312	history/sources/次单调论文研究/分类集研究/RLEB_LT_operator_space_research_asset_v1/RLEB_LT_operator_space_research_asset_v1/03_CLASSIFICATION_STAGE/ppa_classification_team/05_obstruction_audit.md	263	263	4.3 真实残差 EB 与严格局部证书 LF263–263	mathematical-assertion	、真实线性 EB 常数 \(\rho=1\)	source-report	deferred	research/audit/UNIFORM_HOLDER_FULL_COVERAGE.md#uht-audit-source		逐断言保留原来源报告；本批只重建C180，未以来源证明要点或PASS转授其他数学状态	精确本单元：、真实线性 EB 常数 \(\rho=1\)；核√2构造的完整闭原图、所有图点输入、真inf残差和唯一良定步长；LT/direct参数须同图同域同数值接口，不用有理步长替换
UHT-OA-U0313	history/sources/次单调论文研究/分类集研究/RLEB_LT_operator_space_research_asset_v1/RLEB_LT_operator_space_research_asset_v1/03_CLASSIFICATION_STAGE/ppa_classification_team/05_obstruction_audit.md	263	263	4.3 真实残差 EB 与严格局部证书 LF263–263	mathematical-assertion	，严格 LT 数值阈值成立。	source-report	deferred	research/audit/UNIFORM_HOLDER_FULL_COVERAGE.md#uht-audit-source		逐断言保留原来源报告；本批只重建C180，未以来源证明要点或PASS转授其他数学状态	精确本单元：，严格 LT 数值阈值成立。；核√2构造的完整闭原图、所有图点输入、真inf残差和唯一良定步长；LT/direct参数须同图同域同数值接口，不用有理步长替换
UHT-OA-U0314	history/sources/次单调论文研究/分类集研究/RLEB_LT_operator_space_research_asset_v1/RLEB_LT_operator_space_research_asset_v1/03_CLASSIFICATION_STAGE/ppa_classification_team/05_obstruction_audit.md	263	263	4.3 真实残差 EB 与严格局部证书 LF263–263	mathematical-assertion	局部直接 RLEB 可放宽反射常数为 \(L=1\)	source-report	deferred	research/audit/UNIFORM_HOLDER_FULL_COVERAGE.md#uht-audit-source		逐断言保留原来源报告；本批只重建C180，未以来源证明要点或PASS转授其他数学状态	精确本单元：局部直接 RLEB 可放宽反射常数为 \(L=1\)；核√2构造的完整闭原图、所有图点输入、真inf残差和唯一良定步长；LT/direct参数须同图同域同数值接口，不用有理步长替换
UHT-OA-U0315	history/sources/次单调论文研究/分类集研究/RLEB_LT_operator_space_research_asset_v1/RLEB_LT_operator_space_research_asset_v1/03_CLASSIFICATION_STAGE/ppa_classification_team/05_obstruction_audit.md	263	263	4.3 真实残差 EB 与严格局部证书 LF263–263	mathematical-assertion	，取 \(\gamma=1\)	source-report	deferred	research/audit/UNIFORM_HOLDER_FULL_COVERAGE.md#uht-audit-source		逐断言保留原来源报告；本批只重建C180，未以来源证明要点或PASS转授其他数学状态	精确本单元：，取 \(\gamma=1\)；核√2构造的完整闭原图、所有图点输入、真inf残差和唯一良定步长；LT/direct参数须同图同域同数值接口，不用有理步长替换
UHT-OA-U0316	history/sources/次单调论文研究/分类集研究/RLEB_LT_operator_space_research_asset_v1/RLEB_LT_operator_space_research_asset_v1/03_CLASSIFICATION_STAGE/ppa_classification_team/05_obstruction_audit.md	263	263	4.3 真实残差 EB 与严格局部证书 LF263–263	mathematical-assertion	、\(\psi(t)=t\)	source-report	deferred	research/audit/UNIFORM_HOLDER_FULL_COVERAGE.md#uht-audit-source		逐断言保留原来源报告；本批只重建C180，未以来源证明要点或PASS转授其他数学状态	精确本单元：、\(\psi(t)=t\)；核√2构造的完整闭原图、所有图点输入、真inf残差和唯一良定步长；LT/direct参数须同图同域同数值接口，不用有理步长替换
UHT-OA-U0317	history/sources/次单调论文研究/分类集研究/RLEB_LT_operator_space_research_asset_v1/RLEB_LT_operator_space_research_asset_v1/03_CLASSIFICATION_STAGE/ppa_classification_team/05_obstruction_audit.md	263	263	4.3 真实残差 EB 与严格局部证书 LF263–263	mathematical-assertion	，其 direct 因子为 \(1/a<1\)。	source-report	deferred	research/audit/UNIFORM_HOLDER_FULL_COVERAGE.md#uht-audit-source		逐断言保留原来源报告；本批只重建C180，未以来源证明要点或PASS转授其他数学状态	精确本单元：，其 direct 因子为 \(1/a<1\)。；核√2构造的完整闭原图、所有图点输入、真inf残差和唯一良定步长；LT/direct参数须同图同域同数值接口，不用有理步长替换
UHT-OA-U0318	history/sources/次单调论文研究/分类集研究/RLEB_LT_operator_space_research_asset_v1/RLEB_LT_operator_space_research_asset_v1/03_CLASSIFICATION_STAGE/ppa_classification_team/05_obstruction_audit.md	264	264	4.3 真实残差 EB 与严格局部证书 LF264–264	organization	空行/排版分隔	nonmathematical	nonmathematical	research/audit/UNIFORM_HOLDER_FULL_COVERAGE.md#uht-audit-source		标题、空行、连接词或纯任务组织；不承担独立数学断言	无本单元数学义务；不关闭相邻数学或历史证据记录
UHT-OA-U0319	history/sources/次单调论文研究/分类集研究/RLEB_LT_operator_space_research_asset_v1/RLEB_LT_operator_space_research_asset_v1/03_CLASSIFICATION_STAGE/ppa_classification_team/05_obstruction_audit.md	265	265	4.4 每个其他步长都不良定 LF265–265	organization	### 4.4 每个其他步长都不良定	nonmathematical	nonmathematical	research/audit/UNIFORM_HOLDER_FULL_COVERAGE.md#uht-audit-source		标题、空行、连接词或纯任务组织；不承担独立数学断言	无本单元数学义务；不关闭相邻数学或历史证据记录
UHT-OA-U0320	history/sources/次单调论文研究/分类集研究/RLEB_LT_operator_space_research_asset_v1/RLEB_LT_operator_space_research_asset_v1/03_CLASSIFICATION_STAGE/ppa_classification_team/05_obstruction_audit.md	266	266	4.4 每个其他步长都不良定 LF266–266	organization	空行/排版分隔	nonmathematical	nonmathematical	research/audit/UNIFORM_HOLDER_FULL_COVERAGE.md#uht-audit-source		标题、空行、连接词或纯任务组织；不承担独立数学断言	无本单元数学义务；不关闭相邻数学或历史证据记录
UHT-OA-U0321	history/sources/次单调论文研究/分类集研究/RLEB_LT_operator_space_research_asset_v1/RLEB_LT_operator_space_research_asset_v1/03_CLASSIFICATION_STAGE/ppa_classification_team/05_obstruction_audit.md	267	267	4.4 每个其他步长都不良定 LF267–267	mathematical-assertion	任取 \(\mu>0\)、\(\mu\ne a\)，在额外曲线中取 \(t=\mu\)，则	source-report	deferred	research/audit/UNIFORM_HOLDER_FULL_COVERAGE.md#uht-audit-source		逐断言保留原来源报告；本批只重建C180，未以来源证明要点或PASS转授其他数学状态	精确本单元：任取 \(\mu>0\)、\(\mu\ne a\)，在额外曲线中取 \(t=\mu\)，则；核√2构造的完整闭原图、所有图点输入、真inf残差和唯一良定步长；LT/direct参数须同图同域同数值接口，不用有理步长替换
UHT-OA-U0322	history/sources/次单调论文研究/分类集研究/RLEB_LT_operator_space_research_asset_v1/RLEB_LT_operator_space_research_asset_v1/03_CLASSIFICATION_STAGE/ppa_classification_team/05_obstruction_audit.md	268	268	4.4 每个其他步长都不良定 LF268–268	organization	空行/排版分隔	nonmathematical	nonmathematical	research/audit/UNIFORM_HOLDER_FULL_COVERAGE.md#uht-audit-source		标题、空行、连接词或纯任务组织；不承担独立数学断言	无本单元数学义务；不关闭相邻数学或历史证据记录
UHT-OA-U0323	history/sources/次单调论文研究/分类集研究/RLEB_LT_operator_space_research_asset_v1/RLEB_LT_operator_space_research_asset_v1/03_CLASSIFICATION_STAGE/ppa_classification_team/05_obstruction_audit.md	269	271	4.4 每个其他步长都不良定 LF269–271	display-formula	"\[
u+\mu v=0,\qquad u>0.
\]"	source-report	deferred	research/audit/UNIFORM_HOLDER_FULL_COVERAGE.md#uht-audit-source		逐断言保留原来源报告；本批只重建C180，未以来源证明要点或PASS转授其他数学状态	精确本单元：\[ u+\mu v=0,\qquad u>0. \]；核√2构造的完整闭原图、所有图点输入、真inf残差和唯一良定步长；LT/direct参数须同图同域同数值接口，不用有理步长替换
UHT-OA-U0324	history/sources/次单调论文研究/分类集研究/RLEB_LT_operator_space_research_asset_v1/RLEB_LT_operator_space_research_asset_v1/03_CLASSIFICATION_STAGE/ppa_classification_team/05_obstruction_audit.md	272	272	4.4 每个其他步长都不良定 LF272–272	organization	空行/排版分隔	nonmathematical	nonmathematical	research/audit/UNIFORM_HOLDER_FULL_COVERAGE.md#uht-audit-source		标题、空行、连接词或纯任务组织；不承担独立数学断言	无本单元数学义务；不关闭相邻数学或历史证据记录
UHT-OA-U0325	history/sources/次单调论文研究/分类集研究/RLEB_LT_operator_space_research_asset_v1/RLEB_LT_operator_space_research_asset_v1/03_CLASSIFICATION_STAGE/ppa_classification_team/05_obstruction_audit.md	273	273	4.4 每个其他步长都不良定 LF273–273	mathematical-assertion	基线同时给出零解。	source-report	deferred	research/audit/UNIFORM_HOLDER_FULL_COVERAGE.md#uht-audit-source		逐断言保留原来源报告；本批只重建C180，未以来源证明要点或PASS转授其他数学状态	精确本单元：基线同时给出零解。；核√2构造的完整闭原图、所有图点输入、真inf残差和唯一良定步长；LT/direct参数须同图同域同数值接口，不用有理步长替换
UHT-OA-U0326	history/sources/次单调论文研究/分类集研究/RLEB_LT_operator_space_research_asset_v1/RLEB_LT_operator_space_research_asset_v1/03_CLASSIFICATION_STAGE/ppa_classification_team/05_obstruction_audit.md	273	273	4.4 每个其他步长都不良定 LF273–273	mathematical-assertion	因此 \(J_{\mu F}(0)\) 至少有两个值。	source-report	deferred	research/audit/UNIFORM_HOLDER_FULL_COVERAGE.md#uht-audit-source		逐断言保留原来源报告；本批只重建C180，未以来源证明要点或PASS转授其他数学状态	精确本单元：因此 \(J_{\mu F}(0)\) 至少有两个值。；核√2构造的完整闭原图、所有图点输入、真inf残差和唯一良定步长；LT/direct参数须同图同域同数值接口，不用有理步长替换
UHT-OA-U0327	history/sources/次单调论文研究/分类集研究/RLEB_LT_operator_space_research_asset_v1/RLEB_LT_operator_space_research_asset_v1/03_CLASSIFICATION_STAGE/ppa_classification_team/05_obstruction_audit.md	273	273	4.4 每个其他步长都不良定 LF273–273	mathematical-assertion	严格地，	source-report	deferred	research/audit/UNIFORM_HOLDER_FULL_COVERAGE.md#uht-audit-source		逐断言保留原来源报告；本批只重建C180，未以来源证明要点或PASS转授其他数学状态	精确本单元：严格地，；核√2构造的完整闭原图、所有图点输入、真inf残差和唯一良定步长；LT/direct参数须同图同域同数值接口，不用有理步长替换
UHT-OA-U0328	history/sources/次单调论文研究/分类集研究/RLEB_LT_operator_space_research_asset_v1/RLEB_LT_operator_space_research_asset_v1/03_CLASSIFICATION_STAGE/ppa_classification_team/05_obstruction_audit.md	274	274	4.4 每个其他步长都不良定 LF274–274	organization	空行/排版分隔	nonmathematical	nonmathematical	research/audit/UNIFORM_HOLDER_FULL_COVERAGE.md#uht-audit-source		标题、空行、连接词或纯任务组织；不承担独立数学断言	无本单元数学义务；不关闭相邻数学或历史证据记录
UHT-OA-U0329	history/sources/次单调论文研究/分类集研究/RLEB_LT_operator_space_research_asset_v1/RLEB_LT_operator_space_research_asset_v1/03_CLASSIFICATION_STAGE/ppa_classification_team/05_obstruction_audit.md	275	278	4.4 每个其他步长都不良定 LF275–278	display-formula	"\[
\boxed{\Lambda_{\rm wp}^{(-1,1)}(F)=\{\sqrt2\}.}
\tag{4.4}
\]"	source-report	deferred	research/audit/UNIFORM_HOLDER_FULL_COVERAGE.md#uht-audit-source		逐断言保留原来源报告；本批只重建C180，未以来源证明要点或PASS转授其他数学状态	精确本单元：\[ \boxed{\Lambda_{\rm wp}^{(-1,1)}(F)=\{\sqrt2\}.} \tag{4.4} \]；核√2构造的完整闭原图、所有图点输入、真inf残差和唯一良定步长；LT/direct参数须同图同域同数值接口，不用有理步长替换
UHT-OA-U0330	history/sources/次单调论文研究/分类集研究/RLEB_LT_operator_space_research_asset_v1/RLEB_LT_operator_space_research_asset_v1/03_CLASSIFICATION_STAGE/ppa_classification_team/05_obstruction_audit.md	279	279	4.4 每个其他步长都不良定 LF279–279	organization	空行/排版分隔	nonmathematical	nonmathematical	research/audit/UNIFORM_HOLDER_FULL_COVERAGE.md#uht-audit-source		标题、空行、连接词或纯任务组织；不承担独立数学断言	无本单元数学义务；不关闭相邻数学或历史证据记录
UHT-OA-U0331	history/sources/次单调论文研究/分类集研究/RLEB_LT_operator_space_research_asset_v1/RLEB_LT_operator_space_research_asset_v1/03_CLASSIFICATION_STAGE/ppa_classification_team/05_obstruction_audit.md	280	280	4.4 每个其他步长都不良定 LF280–280	mathematical-assertion	若需非单点解集，取直积	source-report	deferred	research/audit/UNIFORM_HOLDER_FULL_COVERAGE.md#uht-audit-source		逐断言保留原来源报告；本批只重建C180，未以来源证明要点或PASS转授其他数学状态	精确本单元：若需非单点解集，取直积；核√2构造的完整闭原图、所有图点输入、真inf残差和唯一良定步长；LT/direct参数须同图同域同数值接口，不用有理步长替换
UHT-OA-U0332	history/sources/次单调论文研究/分类集研究/RLEB_LT_operator_space_research_asset_v1/RLEB_LT_operator_space_research_asset_v1/03_CLASSIFICATION_STAGE/ppa_classification_team/05_obstruction_audit.md	281	281	4.4 每个其他步长都不良定 LF281–281	organization	空行/排版分隔	nonmathematical	nonmathematical	research/audit/UNIFORM_HOLDER_FULL_COVERAGE.md#uht-audit-source		标题、空行、连接词或纯任务组织；不承担独立数学断言	无本单元数学义务；不关闭相邻数学或历史证据记录
UHT-OA-U0333	history/sources/次单调论文研究/分类集研究/RLEB_LT_operator_space_research_asset_v1/RLEB_LT_operator_space_research_asset_v1/03_CLASSIFICATION_STAGE/ppa_classification_team/05_obstruction_audit.md	282	284	4.4 每个其他步长都不良定 LF282–284	display-formula	"\[
\widehat F(p,u)=\{0\}\times F(u).
\]"	source-report	deferred	research/audit/UNIFORM_HOLDER_FULL_COVERAGE.md#uht-audit-source		逐断言保留原来源报告；本批只重建C180，未以来源证明要点或PASS转授其他数学状态	精确本单元：\[ \widehat F(p,u)=\{0\}\times F(u). \]；核√2构造的完整闭原图、所有图点输入、真inf残差和唯一良定步长；LT/direct参数须同图同域同数值接口，不用有理步长替换
UHT-OA-U0334	history/sources/次单调论文研究/分类集研究/RLEB_LT_operator_space_research_asset_v1/RLEB_LT_operator_space_research_asset_v1/03_CLASSIFICATION_STAGE/ppa_classification_team/05_obstruction_audit.md	285	285	4.4 每个其他步长都不良定 LF285–285	organization	空行/排版分隔	nonmathematical	nonmathematical	research/audit/UNIFORM_HOLDER_FULL_COVERAGE.md#uht-audit-source		标题、空行、连接词或纯任务组织；不承担独立数学断言	无本单元数学义务；不关闭相邻数学或历史证据记录
UHT-OA-U0335	history/sources/次单调论文研究/分类集研究/RLEB_LT_operator_space_research_asset_v1/RLEB_LT_operator_space_research_asset_v1/03_CLASSIFICATION_STAGE/ppa_classification_team/05_obstruction_audit.md	286	286	4.4 每个其他步长都不良定 LF286–286	mathematical-assertion	则 \(\operatorname{zer}\widehat F=\mathbb R\times\{0\}\)	source-report	deferred	research/audit/UNIFORM_HOLDER_FULL_COVERAGE.md#uht-audit-source		逐断言保留原来源报告；本批只重建C180，未以来源证明要点或PASS转授其他数学状态	精确本单元：则 \(\operatorname{zer}\widehat F=\mathbb R\times\{0\}\)；核√2构造的完整闭原图、所有图点输入、真inf残差和唯一良定步长；LT/direct参数须同图同域同数值接口，不用有理步长替换
UHT-OA-U0336	history/sources/次单调论文研究/分类集研究/RLEB_LT_operator_space_research_asset_v1/RLEB_LT_operator_space_research_asset_v1/03_CLASSIFICATION_STAGE/ppa_classification_team/05_obstruction_audit.md	286	286	4.4 每个其他步长都不良定 LF286–286	mathematical-assertion	，切向 resolvent 为恒等	source-report	deferred	research/audit/UNIFORM_HOLDER_FULL_COVERAGE.md#uht-audit-source		逐断言保留原来源报告；本批只重建C180，未以来源证明要点或PASS转授其他数学状态	精确本单元：，切向 resolvent 为恒等；核√2构造的完整闭原图、所有图点输入、真inf残差和唯一良定步长；LT/direct参数须同图同域同数值接口，不用有理步长替换
UHT-OA-U0337	history/sources/次单调论文研究/分类集研究/RLEB_LT_operator_space_research_asset_v1/RLEB_LT_operator_space_research_asset_v1/03_CLASSIFICATION_STAGE/ppa_classification_team/05_obstruction_audit.md	286	286	4.4 每个其他步长都不良定 LF286–286	mathematical-assertion	，法向部分仍为 (4.2)	source-report	deferred	research/audit/UNIFORM_HOLDER_FULL_COVERAGE.md#uht-audit-source		逐断言保留原来源报告；本批只重建C180，未以来源证明要点或PASS转授其他数学状态	精确本单元：，法向部分仍为 (4.2)；核√2构造的完整闭原图、所有图点输入、真inf残差和唯一良定步长；LT/direct参数须同图同域同数值接口，不用有理步长替换
UHT-OA-U0338	history/sources/次单调论文研究/分类集研究/RLEB_LT_operator_space_research_asset_v1/RLEB_LT_operator_space_research_asset_v1/03_CLASSIFICATION_STAGE/ppa_classification_team/05_obstruction_audit.md	286	286	4.4 每个其他步长都不良定 LF286–286	mathematical-assertion	，真实残差和唯一良定步长结论不变。	source-report	deferred	research/audit/UNIFORM_HOLDER_FULL_COVERAGE.md#uht-audit-source		逐断言保留原来源报告；本批只重建C180，未以来源证明要点或PASS转授其他数学状态	精确本单元：，真实残差和唯一良定步长结论不变。；核√2构造的完整闭原图、所有图点输入、真inf残差和唯一良定步长；LT/direct参数须同图同域同数值接口，不用有理步长替换
UHT-OA-U0339	history/sources/次单调论文研究/分类集研究/RLEB_LT_operator_space_research_asset_v1/RLEB_LT_operator_space_research_asset_v1/03_CLASSIFICATION_STAGE/ppa_classification_team/05_obstruction_audit.md	286	286	4.4 每个其他步长都不良定 LF286–286	mathematical-assertion	反射 Lipschitz 常数现在恰可取 \(1\)	source-report	deferred	research/audit/UNIFORM_HOLDER_FULL_COVERAGE.md#uht-audit-source		逐断言保留原来源报告；本批只重建C180，未以来源证明要点或PASS转授其他数学状态	精确本单元：反射 Lipschitz 常数现在恰可取 \(1\)；核√2构造的完整闭原图、所有图点输入、真inf残差和唯一良定步长；LT/direct参数须同图同域同数值接口，不用有理步长替换
UHT-OA-U0340	history/sources/次单调论文研究/分类集研究/RLEB_LT_operator_space_research_asset_v1/RLEB_LT_operator_space_research_asset_v1/03_CLASSIFICATION_STAGE/ppa_classification_team/05_obstruction_audit.md	286	286	4.4 每个其他步长都不良定 LF286–286	mathematical-assertion	，LT 的 \(\tau=0\) 依旧成立。	source-report	deferred	research/audit/UNIFORM_HOLDER_FULL_COVERAGE.md#uht-audit-source		逐断言保留原来源报告；本批只重建C180，未以来源证明要点或PASS转授其他数学状态	精确本单元：，LT 的 \(\tau=0\) 依旧成立。；核√2构造的完整闭原图、所有图点输入、真inf残差和唯一良定步长；LT/direct参数须同图同域同数值接口，不用有理步长替换
UHT-OA-U0341	history/sources/次单调论文研究/分类集研究/RLEB_LT_operator_space_research_asset_v1/RLEB_LT_operator_space_research_asset_v1/03_CLASSIFICATION_STAGE/ppa_classification_team/05_obstruction_audit.md	287	287	4.4 每个其他步长都不良定 LF287–287	organization	空行/排版分隔	nonmathematical	nonmathematical	research/audit/UNIFORM_HOLDER_FULL_COVERAGE.md#uht-audit-source		标题、空行、连接词或纯任务组织；不承担独立数学断言	无本单元数学义务；不关闭相邻数学或历史证据记录
UHT-OA-U0342	history/sources/次单调论文研究/分类集研究/RLEB_LT_operator_space_research_asset_v1/RLEB_LT_operator_space_research_asset_v1/03_CLASSIFICATION_STAGE/ppa_classification_team/05_obstruction_audit.md	288	288	4.4 每个其他步长都不良定 LF288–288	scope-contract	**审计结论。	source-report	deferred	research/audit/UNIFORM_HOLDER_FULL_COVERAGE.md#uht-audit-source		逐断言保留原来源报告；本批只重建C180，未以来源证明要点或PASS转授其他数学状态	精确本单元：**审计结论。；核√2构造的完整闭原图、所有图点输入、真inf残差和唯一良定步长；LT/direct参数须同图同域同数值接口，不用有理步长替换
UHT-OA-U0343	history/sources/次单调论文研究/分类集研究/RLEB_LT_operator_space_research_asset_v1/RLEB_LT_operator_space_research_asset_v1/03_CLASSIFICATION_STAGE/ppa_classification_team/05_obstruction_audit.md	288	288	4.4 每个其他步长都不良定 LF288–288	scope-contract	** “存在实步长”不能一般地换成“存在有理步长”，即使在某个无理步长已有严格局部 LT 和 direct RLEB。	source-report	deferred	research/audit/UNIFORM_HOLDER_FULL_COVERAGE.md#uht-audit-source		逐断言保留原来源报告；本批只重建C180，未以来源证明要点或PASS转授其他数学状态	精确本单元：** “存在实步长”不能一般地换成“存在有理步长”，即使在某个无理步长已有严格局部 LT 和 direct RLEB。；核√2构造的完整闭原图、所有图点输入、真inf残差和唯一良定步长；LT/direct参数须同图同域同数值接口，不用有理步长替换
UHT-OA-U0344	history/sources/次单调论文研究/分类集研究/RLEB_LT_operator_space_research_asset_v1/RLEB_LT_operator_space_research_asset_v1/03_CLASSIFICATION_STAGE/ppa_classification_team/05_obstruction_audit.md	288	288	4.4 每个其他步长都不良定 LF288–288	scope-contract	障碍不在局部不等式，而在原全图的远端纤维可以随步长进入局部输入区。	source-report	deferred	research/audit/UNIFORM_HOLDER_FULL_COVERAGE.md#uht-audit-source		逐断言保留原来源报告；本批只重建C180，未以来源证明要点或PASS转授其他数学状态	精确本单元：障碍不在局部不等式，而在原全图的远端纤维可以随步长进入局部输入区。；核√2构造的完整闭原图、所有图点输入、真inf残差和唯一良定步长；LT/direct参数须同图同域同数值接口，不用有理步长替换
UHT-OA-U0345	history/sources/次单调论文研究/分类集研究/RLEB_LT_operator_space_research_asset_v1/RLEB_LT_operator_space_research_asset_v1/03_CLASSIFICATION_STAGE/ppa_classification_team/05_obstruction_audit.md	289	289	4.4 每个其他步长都不良定 LF289–289	organization	空行/排版分隔	nonmathematical	nonmathematical	research/audit/UNIFORM_HOLDER_FULL_COVERAGE.md#uht-audit-source		标题、空行、连接词或纯任务组织；不承担独立数学断言	无本单元数学义务；不关闭相邻数学或历史证据记录
UHT-OA-U0346	history/sources/次单调论文研究/分类集研究/RLEB_LT_operator_space_research_asset_v1/RLEB_LT_operator_space_research_asset_v1/03_CLASSIFICATION_STAGE/ppa_classification_team/05_obstruction_audit.md	290	290	4.4 每个其他步长都不良定 LF290–290	mathematical-assertion	**修复有两条，不应混淆。	source-report	deferred	research/audit/UNIFORM_HOLDER_FULL_COVERAGE.md#uht-audit-source		逐断言保留原来源报告；本批只重建C180，未以来源证明要点或PASS转授其他数学状态	精确本单元：**修复有两条，不应混淆。；核√2构造的完整闭原图、所有图点输入、真inf残差和唯一良定步长；LT/direct参数须同图同域同数值接口，不用有理步长替换
UHT-OA-U0347	history/sources/次单调论文研究/分类集研究/RLEB_LT_operator_space_research_asset_v1/RLEB_LT_operator_space_research_asset_v1/03_CLASSIFICATION_STAGE/ppa_classification_team/05_obstruction_audit.md	290	290	4.4 每个其他步长都不良定 LF290–290	mathematical-assertion	**	source-report	deferred	research/audit/UNIFORM_HOLDER_FULL_COVERAGE.md#uht-audit-source		逐断言保留原来源报告；本批只重建C180，未以来源证明要点或PASS转授其他数学状态	精确本单元：**；核√2构造的完整闭原图、所有图点输入、真inf残差和唯一良定步长；LT/direct参数须同图同域同数值接口，不用有理步长替换
UHT-OA-U0348	history/sources/次单调论文研究/分类集研究/RLEB_LT_operator_space_research_asset_v1/RLEB_LT_operator_space_research_asset_v1/03_CLASSIFICATION_STAGE/ppa_classification_team/05_obstruction_audit.md	291	291	4.4 每个其他步长都不良定 LF291–291	organization	空行/排版分隔	nonmathematical	nonmathematical	research/audit/UNIFORM_HOLDER_FULL_COVERAGE.md#uht-audit-source		标题、空行、连接词或纯任务组织；不承担独立数学断言	无本单元数学义务；不关闭相邻数学或历史证据记录
UHT-OA-U0349	history/sources/次单调论文研究/分类集研究/RLEB_LT_operator_space_research_asset_v1/RLEB_LT_operator_space_research_asset_v1/03_CLASSIFICATION_STAGE/ppa_classification_team/05_obstruction_audit.md	292	292	4.4 每个其他步长都不良定 LF292–292	scope-contract	- 保持最宽原图语义：直接对紧步长参数和闭证书块作投影，不需要良定谱开放。	source-report	deferred	research/audit/UNIFORM_HOLDER_FULL_COVERAGE.md#uht-audit-source		逐断言保留原来源报告；本批只重建C180，未以来源证明要点或PASS转授其他数学状态	精确本单元：- 保持最宽原图语义：直接对紧步长参数和闭证书块作投影，不需要良定谱开放。；核√2构造的完整闭原图、所有图点输入、真inf残差和唯一良定步长；LT/direct参数须同图同域同数值接口，不用有理步长替换
UHT-OA-U0350	history/sources/次单调论文研究/分类集研究/RLEB_LT_operator_space_research_asset_v1/RLEB_LT_operator_space_research_asset_v1/03_CLASSIFICATION_STAGE/ppa_classification_team/05_obstruction_audit.md	292	292	4.4 每个其他步长都不良定 LF292–292	scope-contract	本轮步长组正在推进这条 \(F_\sigma\) 编码路线。	source-report	deferred	research/audit/UNIFORM_HOLDER_FULL_COVERAGE.md#uht-audit-source		逐断言保留原来源报告；本批只重建C180，未以来源证明要点或PASS转授其他数学状态	精确本单元：本轮步长组正在推进这条 \(F_\sigma\) 编码路线。；核√2构造的完整闭原图、所有图点输入、真inf残差和唯一良定步长；LT/direct参数须同图同域同数值接口，不用有理步长替换
UHT-OA-U0351	history/sources/次单调论文研究/分类集研究/RLEB_LT_operator_space_research_asset_v1/RLEB_LT_operator_space_research_asset_v1/03_CLASSIFICATION_STAGE/ppa_classification_team/05_obstruction_audit.md	293	293	4.4 每个其他步长都不良定 LF293–293	scope-contract	- 若目标确实是开步长窗口：需加邻近步长的一致 properness/远端纤维排除，以及局部几何和数值余量；	source-report	deferred	research/audit/UNIFORM_HOLDER_FULL_COVERAGE.md#uht-audit-source		逐断言保留原来源报告；本批只重建C180，未以来源证明要点或PASS转授其他数学状态	精确本单元：- 若目标确实是开步长窗口：需加邻近步长的一致 properness/远端纤维排除，以及局部几何和数值余量；；核√2构造的完整闭原图、所有图点输入、真inf残差和唯一良定步长；LT/direct参数须同图同域同数值接口，不用有理步长替换
UHT-OA-U0352	history/sources/次单调论文研究/分类集研究/RLEB_LT_operator_space_research_asset_v1/RLEB_LT_operator_space_research_asset_v1/03_CLASSIFICATION_STAGE/ppa_classification_team/05_obstruction_audit.md	293	293	4.4 每个其他步长都不良定 LF293–293	scope-contract	全域有限 Lipschitz resolvent 是一种较强充分条件。	source-report	deferred	research/audit/UNIFORM_HOLDER_FULL_COVERAGE.md#uht-audit-source		逐断言保留原来源报告；本批只重建C180，未以来源证明要点或PASS转授其他数学状态	精确本单元：全域有限 Lipschitz resolvent 是一种较强充分条件。；核√2构造的完整闭原图、所有图点输入、真inf残差和唯一良定步长；LT/direct参数须同图同域同数值接口，不用有理步长替换
UHT-OA-U0353	history/sources/次单调论文研究/分类集研究/RLEB_LT_operator_space_research_asset_v1/RLEB_LT_operator_space_research_asset_v1/03_CLASSIFICATION_STAGE/ppa_classification_team/05_obstruction_audit.md	293	293	4.4 每个其他步长都不良定 LF293–293	scope-contract	不能用局部 Lipschitz 常数代替它。	source-report	deferred	research/audit/UNIFORM_HOLDER_FULL_COVERAGE.md#uht-audit-source		逐断言保留原来源报告；本批只重建C180，未以来源证明要点或PASS转授其他数学状态	精确本单元：不能用局部 Lipschitz 常数代替它。；核√2构造的完整闭原图、所有图点输入、真inf残差和唯一良定步长；LT/direct参数须同图同域同数值接口，不用有理步长替换
UHT-OA-U0354	history/sources/次单调论文研究/分类集研究/RLEB_LT_operator_space_research_asset_v1/RLEB_LT_operator_space_research_asset_v1/03_CLASSIFICATION_STAGE/ppa_classification_team/05_obstruction_audit.md	294	294	4.4 每个其他步长都不良定 LF294–294	organization	空行/排版分隔	nonmathematical	nonmathematical	research/audit/UNIFORM_HOLDER_FULL_COVERAGE.md#uht-audit-source		标题、空行、连接词或纯任务组织；不承担独立数学断言	无本单元数学义务；不关闭相邻数学或历史证据记录
UHT-OA-U0355	history/sources/次单调论文研究/分类集研究/RLEB_LT_operator_space_research_asset_v1/RLEB_LT_operator_space_research_asset_v1/03_CLASSIFICATION_STAGE/ppa_classification_team/05_obstruction_audit.md	295	295	4.4 每个其他步长都不良定 LF295–295	scope-contract	单凭上述反例不能宣称存在步长认证类非 Borel。	source-report	deferred	research/audit/UNIFORM_HOLDER_FULL_COVERAGE.md#uht-audit-source		逐断言保留原来源报告；本批只重建C180，未以来源证明要点或PASS转授其他数学状态	精确本单元：单凭上述反例不能宣称存在步长认证类非 Borel。；核√2构造的完整闭原图、所有图点输入、真inf残差和唯一良定步长；LT/direct参数须同图同域同数值接口，不用有理步长替换
UHT-OA-U0356	history/sources/次单调论文研究/分类集研究/RLEB_LT_operator_space_research_asset_v1/RLEB_LT_operator_space_research_asset_v1/03_CLASSIFICATION_STAGE/ppa_classification_team/05_obstruction_audit.md	295	295	4.4 每个其他步长都不良定 LF295–295	scope-contract	一般 Borel 见证投影给 analytic 上界；	source-report	deferred	research/audit/UNIFORM_HOLDER_FULL_COVERAGE.md#uht-audit-source		逐断言保留原来源报告；本批只重建C180，未以来源证明要点或PASS转授其他数学状态	精确本单元：一般 Borel 见证投影给 analytic 上界；；核√2构造的完整闭原图、所有图点输入、真inf残差和唯一良定步长；LT/direct参数须同图同域同数值接口，不用有理步长替换
UHT-OA-U0357	history/sources/次单调论文研究/分类集研究/RLEB_LT_operator_space_research_asset_v1/RLEB_LT_operator_space_research_asset_v1/03_CLASSIFICATION_STAGE/ppa_classification_team/05_obstruction_audit.md	295	295	4.4 每个其他步长都不良定 LF295–295	scope-contract	紧闭块若成功给可数覆盖，还可得到 \(F_\sigma\)。	source-report	deferred	research/audit/UNIFORM_HOLDER_FULL_COVERAGE.md#uht-audit-source		逐断言保留原来源报告；本批只重建C180，未以来源证明要点或PASS转授其他数学状态	精确本单元：紧闭块若成功给可数覆盖，还可得到 \(F_\sigma\)。；核√2构造的完整闭原图、所有图点输入、真inf残差和唯一良定步长；LT/direct参数须同图同域同数值接口，不用有理步长替换
UHT-OA-U0358	history/sources/次单调论文研究/分类集研究/RLEB_LT_operator_space_research_asset_v1/RLEB_LT_operator_space_research_asset_v1/03_CLASSIFICATION_STAGE/ppa_classification_team/05_obstruction_audit.md	295	295	4.4 每个其他步长都不良定 LF295–295	scope-contract	“不可数步长”是警报，不是不可测性的证明。	source-report	deferred	research/audit/UNIFORM_HOLDER_FULL_COVERAGE.md#uht-audit-source		逐断言保留原来源报告；本批只重建C180，未以来源证明要点或PASS转授其他数学状态	精确本单元：“不可数步长”是警报，不是不可测性的证明。；核√2构造的完整闭原图、所有图点输入、真inf残差和唯一良定步长；LT/direct参数须同图同域同数值接口，不用有理步长替换
UHT-OA-U0359	history/sources/次单调论文研究/分类集研究/RLEB_LT_operator_space_research_asset_v1/RLEB_LT_operator_space_research_asset_v1/03_CLASSIFICATION_STAGE/ppa_classification_team/05_obstruction_audit.md	296	296	4.4 每个其他步长都不良定 LF296–296	organization	空行/排版分隔	nonmathematical	nonmathematical	research/audit/UNIFORM_HOLDER_FULL_COVERAGE.md#uht-audit-source		标题、空行、连接词或纯任务组织；不承担独立数学断言	无本单元数学义务；不关闭相邻数学或历史证据记录
UHT-OA-U0360	history/sources/次单调论文研究/分类集研究/RLEB_LT_operator_space_research_asset_v1/RLEB_LT_operator_space_research_asset_v1/03_CLASSIFICATION_STAGE/ppa_classification_team/05_obstruction_audit.md	297	297	4.5 加强：任意非空紧良定谱都能由同一机制实现 LF297–297	organization	### 4.5 加强：任意非空紧良定谱都能由同一机制实现	nonmathematical	nonmathematical	research/audit/UNIFORM_HOLDER_FULL_COVERAGE.md#uht-audit-source		标题、空行、连接词或纯任务组织；不承担独立数学断言	无本单元数学义务；不关闭相邻数学或历史证据记录
UHT-OA-U0361	history/sources/次单调论文研究/分类集研究/RLEB_LT_operator_space_research_asset_v1/RLEB_LT_operator_space_research_asset_v1/03_CLASSIFICATION_STAGE/ppa_classification_team/05_obstruction_audit.md	298	298	4.5 加强：任意非空紧良定谱都能由同一机制实现 LF298–298	organization	空行/排版分隔	nonmathematical	nonmathematical	research/audit/UNIFORM_HOLDER_FULL_COVERAGE.md#uht-audit-source		标题、空行、连接词或纯任务组织；不承担独立数学断言	无本单元数学义务；不关闭相邻数学或历史证据记录
UHT-OA-U0362	history/sources/次单调论文研究/分类集研究/RLEB_LT_operator_space_research_asset_v1/RLEB_LT_operator_space_research_asset_v1/03_CLASSIFICATION_STAGE/ppa_classification_team/05_obstruction_audit.md	299	299	4.5 加强：任意非空紧良定谱都能由同一机制实现 LF299–299	mathematical-assertion	任给非空紧集 \(A\subset(0,\infty)\)，取 \(C>\max\{1,\max A\}\)，将额外曲线改为	source-report	deferred	research/audit/UNIFORM_HOLDER_FULL_COVERAGE.md#uht-audit-source		逐断言保留原来源报告；本批只重建C180，未以来源证明要点或PASS转授其他数学状态	精确本单元：任给非空紧集 \(A\subset(0,\infty)\)，取 \(C>\max\{1,\max A\}\)，将额外曲线改为；核任意非空紧A的闭图逃逸、A内完整单值覆盖与A外零输入碰撞、真残差下界；局部谱不得自动变为全局收敛谱
UHT-OA-U0363	history/sources/次单调论文研究/分类集研究/RLEB_LT_operator_space_research_asset_v1/RLEB_LT_operator_space_research_asset_v1/03_CLASSIFICATION_STAGE/ppa_classification_team/05_obstruction_audit.md	300	300	4.5 加强：任意非空紧良定谱都能由同一机制实现 LF300–300	organization	空行/排版分隔	nonmathematical	nonmathematical	research/audit/UNIFORM_HOLDER_FULL_COVERAGE.md#uht-audit-source		标题、空行、连接词或纯任务组织；不承担独立数学断言	无本单元数学义务；不关闭相邻数学或历史证据记录
UHT-OA-U0364	history/sources/次单调论文研究/分类集研究/RLEB_LT_operator_space_research_asset_v1/RLEB_LT_operator_space_research_asset_v1/03_CLASSIFICATION_STAGE/ppa_classification_team/05_obstruction_audit.md	301	308	4.5 加强：任意非空紧良定谱都能由同一机制实现 LF301–308	display-formula	"\[
H_A=\left\{\left(
\frac{Ct(1+t)}{d(t,A)},
-\frac{C(1+t)}{d(t,A)}
\right):t>0,\ t\notin A\right\}
\cup\{(0,-C/\min A)\}.
\tag{4.5}
\]"	source-report	deferred	research/audit/UNIFORM_HOLDER_FULL_COVERAGE.md#uht-audit-source		逐断言保留原来源报告；本批只重建C180，未以来源证明要点或PASS转授其他数学状态	精确本单元：\[ H_A=\left\{\left( \frac{Ct(1+t)}{d(t,A)}, -\frac{C(1+t)}{d(t,A)} \right):t>0,\ t\notin A\right\} \cup\{(0,-C/\min A)\}. \tag{4.5} \]；核任意非空紧A的闭图逃逸、A内完整单值覆盖与A外零输入碰撞、真残差下界；局部谱不得自动变为全局收敛谱
UHT-OA-U0365	history/sources/次单调论文研究/分类集研究/RLEB_LT_operator_space_research_asset_v1/RLEB_LT_operator_space_research_asset_v1/03_CLASSIFICATION_STAGE/ppa_classification_team/05_obstruction_audit.md	309	309	4.5 加强：任意非空紧良定谱都能由同一机制实现 LF309–309	organization	空行/排版分隔	nonmathematical	nonmathematical	research/audit/UNIFORM_HOLDER_FULL_COVERAGE.md#uht-audit-source		标题、空行、连接词或纯任务组织；不承担独立数学断言	无本单元数学义务；不关闭相邻数学或历史证据记录
UHT-OA-U0366	history/sources/次单调论文研究/分类集研究/RLEB_LT_operator_space_research_asset_v1/RLEB_LT_operator_space_research_asset_v1/03_CLASSIFICATION_STAGE/ppa_classification_team/05_obstruction_audit.md	310	310	4.5 加强：任意非空紧良定谱都能由同一机制实现 LF310–310	mathematical-assertion	接近 \(A\) 时分母趋零且 \(t\) 有正下界，所以图点逃向无穷；	source-report	deferred	research/audit/UNIFORM_HOLDER_FULL_COVERAGE.md#uht-audit-source		逐断言保留原来源报告；本批只重建C180，未以来源证明要点或PASS转授其他数学状态	精确本单元：接近 \(A\) 时分母趋零且 \(t\) 有正下界，所以图点逃向无穷；；核任意非空紧A的闭图逃逸、A内完整单值覆盖与A外零输入碰撞、真残差下界；局部谱不得自动变为全局收敛谱
UHT-OA-U0367	history/sources/次单调论文研究/分类集研究/RLEB_LT_operator_space_research_asset_v1/RLEB_LT_operator_space_research_asset_v1/03_CLASSIFICATION_STAGE/ppa_classification_team/05_obstruction_audit.md	310	310	4.5 加强：任意非空紧良定谱都能由同一机制实现 LF310–310	mathematical-assertion	其余闭图证明与前例相同。	source-report	deferred	research/audit/UNIFORM_HOLDER_FULL_COVERAGE.md#uht-audit-source		逐断言保留原来源报告；本批只重建C180，未以来源证明要点或PASS转授其他数学状态	精确本单元：其余闭图证明与前例相同。；核任意非空紧A的闭图逃逸、A内完整单值覆盖与A外零输入碰撞、真残差下界；局部谱不得自动变为全局收敛谱
UHT-OA-U0368	history/sources/次单调论文研究/分类集研究/RLEB_LT_operator_space_research_asset_v1/RLEB_LT_operator_space_research_asset_v1/03_CLASSIFICATION_STAGE/ppa_classification_team/05_obstruction_audit.md	310	310	4.5 加强：任意非空紧良定谱都能由同一机制实现 LF310–310	mathematical-assertion	对 \(\lambda\in A\)，	source-report	deferred	research/audit/UNIFORM_HOLDER_FULL_COVERAGE.md#uht-audit-source		逐断言保留原来源报告；本批只重建C180，未以来源证明要点或PASS转授其他数学状态	精确本单元：对 \(\lambda\in A\)，；核任意非空紧A的闭图逃逸、A内完整单值覆盖与A外零输入碰撞、真残差下界；局部谱不得自动变为全局收敛谱
UHT-OA-U0369	history/sources/次单调论文研究/分类集研究/RLEB_LT_operator_space_research_asset_v1/RLEB_LT_operator_space_research_asset_v1/03_CLASSIFICATION_STAGE/ppa_classification_team/05_obstruction_audit.md	311	311	4.5 加强：任意非空紧良定谱都能由同一机制实现 LF311–311	organization	空行/排版分隔	nonmathematical	nonmathematical	research/audit/UNIFORM_HOLDER_FULL_COVERAGE.md#uht-audit-source		标题、空行、连接词或纯任务组织；不承担独立数学断言	无本单元数学义务；不关闭相邻数学或历史证据记录
UHT-OA-U0370	history/sources/次单调论文研究/分类集研究/RLEB_LT_operator_space_research_asset_v1/RLEB_LT_operator_space_research_asset_v1/03_CLASSIFICATION_STAGE/ppa_classification_team/05_obstruction_audit.md	312	315	4.5 加强：任意非空紧良定谱都能由同一机制实现 LF312–315	display-formula	"\[
|u+\lambda v|
=C(1+t)\frac{|t-\lambda|}{d(t,A)}\ge C.
\]"	source-report	deferred	research/audit/UNIFORM_HOLDER_FULL_COVERAGE.md#uht-audit-source		逐断言保留原来源报告；本批只重建C180，未以来源证明要点或PASS转授其他数学状态	精确本单元：\[ |u+\lambda v| =C(1+t)\frac{|t-\lambda|}{d(t,A)}\ge C. \]；核任意非空紧A的闭图逃逸、A内完整单值覆盖与A外零输入碰撞、真残差下界；局部谱不得自动变为全局收敛谱
UHT-OA-U0371	history/sources/次单调论文研究/分类集研究/RLEB_LT_operator_space_research_asset_v1/RLEB_LT_operator_space_research_asset_v1/03_CLASSIFICATION_STAGE/ppa_classification_team/05_obstruction_audit.md	316	316	4.5 加强：任意非空紧良定谱都能由同一机制实现 LF316–316	organization	空行/排版分隔	nonmathematical	nonmathematical	research/audit/UNIFORM_HOLDER_FULL_COVERAGE.md#uht-audit-source		标题、空行、连接词或纯任务组织；不承担独立数学断言	无本单元数学义务；不关闭相邻数学或历史证据记录
UHT-OA-U0372	history/sources/次单调论文研究/分类集研究/RLEB_LT_operator_space_research_asset_v1/RLEB_LT_operator_space_research_asset_v1/03_CLASSIFICATION_STAGE/ppa_classification_team/05_obstruction_audit.md	317	317	4.5 加强：任意非空紧良定谱都能由同一机制实现 LF317–317	mathematical-assertion	对 \(\mu\notin A\)，取 \(t=\mu\) 又给输入零的额外解。	source-report	deferred	research/audit/UNIFORM_HOLDER_FULL_COVERAGE.md#uht-audit-source		逐断言保留原来源报告；本批只重建C180，未以来源证明要点或PASS转授其他数学状态	精确本单元：对 \(\mu\notin A\)，取 \(t=\mu\) 又给输入零的额外解。；核任意非空紧A的闭图逃逸、A内完整单值覆盖与A外零输入碰撞、真残差下界；局部谱不得自动变为全局收敛谱
UHT-OA-U0373	history/sources/次单调论文研究/分类集研究/RLEB_LT_operator_space_research_asset_v1/RLEB_LT_operator_space_research_asset_v1/03_CLASSIFICATION_STAGE/ppa_classification_team/05_obstruction_audit.md	317	317	4.5 加强：任意非空紧良定谱都能由同一机制实现 LF317–317	mathematical-assertion	因此	source-report	deferred	research/audit/UNIFORM_HOLDER_FULL_COVERAGE.md#uht-audit-source		逐断言保留原来源报告；本批只重建C180，未以来源证明要点或PASS转授其他数学状态	精确本单元：因此；核任意非空紧A的闭图逃逸、A内完整单值覆盖与A外零输入碰撞、真残差下界；局部谱不得自动变为全局收敛谱
UHT-OA-U0374	history/sources/次单调论文研究/分类集研究/RLEB_LT_operator_space_research_asset_v1/RLEB_LT_operator_space_research_asset_v1/03_CLASSIFICATION_STAGE/ppa_classification_team/05_obstruction_audit.md	318	318	4.5 加强：任意非空紧良定谱都能由同一机制实现 LF318–318	organization	空行/排版分隔	nonmathematical	nonmathematical	research/audit/UNIFORM_HOLDER_FULL_COVERAGE.md#uht-audit-source		标题、空行、连接词或纯任务组织；不承担独立数学断言	无本单元数学义务；不关闭相邻数学或历史证据记录
UHT-OA-U0375	history/sources/次单调论文研究/分类集研究/RLEB_LT_operator_space_research_asset_v1/RLEB_LT_operator_space_research_asset_v1/03_CLASSIFICATION_STAGE/ppa_classification_team/05_obstruction_audit.md	319	322	4.5 加强：任意非空紧良定谱都能由同一机制实现 LF319–322	display-formula	"\[
\boxed{\Lambda_{\rm wp}^{(-1,1)}(F_A)=A.}
\tag{4.6}
\]"	source-report	deferred	research/audit/UNIFORM_HOLDER_FULL_COVERAGE.md#uht-audit-source		逐断言保留原来源报告；本批只重建C180，未以来源证明要点或PASS转授其他数学状态	精确本单元：\[ \boxed{\Lambda_{\rm wp}^{(-1,1)}(F_A)=A.} \tag{4.6} \]；核任意非空紧A的闭图逃逸、A内完整单值覆盖与A外零输入碰撞、真残差下界；局部谱不得自动变为全局收敛谱
UHT-OA-U0376	history/sources/次单调论文研究/分类集研究/RLEB_LT_operator_space_research_asset_v1/RLEB_LT_operator_space_research_asset_v1/03_CLASSIFICATION_STAGE/ppa_classification_team/05_obstruction_audit.md	323	323	4.5 加强：任意非空紧良定谱都能由同一机制实现 LF323–323	organization	空行/排版分隔	nonmathematical	nonmathematical	research/audit/UNIFORM_HOLDER_FULL_COVERAGE.md#uht-audit-source		标题、空行、连接词或纯任务组织；不承担独立数学断言	无本单元数学义务；不关闭相邻数学或历史证据记录
UHT-OA-U0377	history/sources/次单调论文研究/分类集研究/RLEB_LT_operator_space_research_asset_v1/RLEB_LT_operator_space_research_asset_v1/03_CLASSIFICATION_STAGE/ppa_classification_team/05_obstruction_audit.md	324	324	4.5 加强：任意非空紧良定谱都能由同一机制实现 LF324–324	mathematical-assertion	同时 \(d(t,A)\le\max\{1,\max A\}(1+t)\)	source-report	deferred	research/audit/UNIFORM_HOLDER_FULL_COVERAGE.md#uht-audit-source		逐断言保留原来源报告；本批只重建C180，未以来源证明要点或PASS转授其他数学状态	精确本单元：同时 \(d(t,A)\le\max\{1,\max A\}(1+t)\)；核任意非空紧A的闭图逃逸、A内完整单值覆盖与A外零输入碰撞、真残差下界；局部谱不得自动变为全局收敛谱
UHT-OA-U0378	history/sources/次单调论文研究/分类集研究/RLEB_LT_operator_space_research_asset_v1/RLEB_LT_operator_space_research_asset_v1/03_CLASSIFICATION_STAGE/ppa_classification_team/05_obstruction_audit.md	324	324	4.5 加强：任意非空紧良定谱都能由同一机制实现 LF324–324	mathematical-assertion	，故额外残差范数统一大于一	source-report	deferred	research/audit/UNIFORM_HOLDER_FULL_COVERAGE.md#uht-audit-source		逐断言保留原来源报告；本批只重建C180，未以来源证明要点或PASS转授其他数学状态	精确本单元：，故额外残差范数统一大于一；核任意非空紧A的闭图逃逸、A内完整单值覆盖与A外零输入碰撞、真残差下界；局部谱不得自动变为全局收敛谱
UHT-OA-U0379	history/sources/次单调论文研究/分类集研究/RLEB_LT_operator_space_research_asset_v1/RLEB_LT_operator_space_research_asset_v1/03_CLASSIFICATION_STAGE/ppa_classification_team/05_obstruction_audit.md	324	324	4.5 加强：任意非空紧良定谱都能由同一机制实现 LF324–324	mathematical-assertion	，近零真实 EB 仍为 \(r_{F_A}(u)=|u|\)。	source-report	deferred	research/audit/UNIFORM_HOLDER_FULL_COVERAGE.md#uht-audit-source		逐断言保留原来源报告；本批只重建C180，未以来源证明要点或PASS转授其他数学状态	精确本单元：，近零真实 EB 仍为 \(r_{F_A}(u)=|u|\)。；核任意非空紧A的闭图逃逸、A内完整单值覆盖与A外零输入碰撞、真残差下界；局部谱不得自动变为全局收敛谱
UHT-OA-U0380	history/sources/次单调论文研究/分类集研究/RLEB_LT_operator_space_research_asset_v1/RLEB_LT_operator_space_research_asset_v1/03_CLASSIFICATION_STAGE/ppa_classification_team/05_obstruction_audit.md	324	324	4.5 加强：任意非空紧良定谱都能由同一机制实现 LF324–324	mathematical-assertion	每个 \(\lambda\in A\) 都有严格局部 LT 证书；	source-report	deferred	research/audit/UNIFORM_HOLDER_FULL_COVERAGE.md#uht-audit-source		逐断言保留原来源报告；本批只重建C180，未以来源证明要点或PASS转授其他数学状态	精确本单元：每个 \(\lambda\in A\) 都有严格局部 LT 证书；；核任意非空紧A的闭图逃逸、A内完整单值覆盖与A外零输入碰撞、真残差下界；局部谱不得自动变为全局收敛谱
UHT-OA-U0381	history/sources/次单调论文研究/分类集研究/RLEB_LT_operator_space_research_asset_v1/RLEB_LT_operator_space_research_asset_v1/03_CLASSIFICATION_STAGE/ppa_classification_team/05_obstruction_audit.md	324	324	4.5 加强：任意非空紧良定谱都能由同一机制实现 LF324–324	mathematical-assertion	若 \(A\subset(1,\infty)\)，还统一有严格 direct RLEB。	source-report	deferred	research/audit/UNIFORM_HOLDER_FULL_COVERAGE.md#uht-audit-source		逐断言保留原来源报告；本批只重建C180，未以来源证明要点或PASS转授其他数学状态	精确本单元：若 \(A\subset(1,\infty)\)，还统一有严格 direct RLEB。；核任意非空紧A的闭图逃逸、A内完整单值覆盖与A外零输入碰撞、真残差下界；局部谱不得自动变为全局收敛谱
UHT-OA-U0382	history/sources/次单调论文研究/分类集研究/RLEB_LT_operator_space_research_asset_v1/RLEB_LT_operator_space_research_asset_v1/03_CLASSIFICATION_STAGE/ppa_classification_team/05_obstruction_audit.md	324	324	4.5 加强：任意非空紧良定谱都能由同一机制实现 LF324–324	mathematical-assertion	直积后零集仍可为整条仿射线。	source-report	deferred	research/audit/UNIFORM_HOLDER_FULL_COVERAGE.md#uht-audit-source		逐断言保留原来源报告；本批只重建C180，未以来源证明要点或PASS转授其他数学状态	精确本单元：直积后零集仍可为整条仿射线。；核任意非空紧A的闭图逃逸、A内完整单值覆盖与A外零输入碰撞、真残差下界；局部谱不得自动变为全局收敛谱
UHT-OA-U0383	history/sources/次单调论文研究/分类集研究/RLEB_LT_operator_space_research_asset_v1/RLEB_LT_operator_space_research_asset_v1/03_CLASSIFICATION_STAGE/ppa_classification_team/05_obstruction_audit.md	325	325	4.5 加强：任意非空紧良定谱都能由同一机制实现 LF325–325	organization	空行/排版分隔	nonmathematical	nonmathematical	research/audit/UNIFORM_HOLDER_FULL_COVERAGE.md#uht-audit-source		标题、空行、连接词或纯任务组织；不承担独立数学断言	无本单元数学义务；不关闭相邻数学或历史证据记录
UHT-OA-U0384	history/sources/次单调论文研究/分类集研究/RLEB_LT_operator_space_research_asset_v1/RLEB_LT_operator_space_research_asset_v1/03_CLASSIFICATION_STAGE/ppa_classification_team/05_obstruction_audit.md	326	326	4.5 加强：任意非空紧良定谱都能由同一机制实现 LF326–326	scope-contract	这不仅说明“未证明开性”，而是给出完整局部证书与任意紧谱形状兼容的实现定理。	source-report	deferred	research/audit/UNIFORM_HOLDER_FULL_COVERAGE.md#uht-audit-source		逐断言保留原来源报告；本批只重建C180，未以来源证明要点或PASS转授其他数学状态	精确本单元：这不仅说明“未证明开性”，而是给出完整局部证书与任意紧谱形状兼容的实现定理。；核任意非空紧A的闭图逃逸、A内完整单值覆盖与A外零输入碰撞、真残差下界；局部谱不得自动变为全局收敛谱
UHT-OA-U0385	history/sources/次单调论文研究/分类集研究/RLEB_LT_operator_space_research_asset_v1/RLEB_LT_operator_space_research_asset_v1/03_CLASSIFICATION_STAGE/ppa_classification_team/05_obstruction_audit.md	326	326	4.5 加强：任意非空紧良定谱都能由同一机制实现 LF326–326	scope-contract	它不妨碍证书总像经紧投影成为 Borel，也不自动给全局全输入收敛谱的相同结论。	source-report	deferred	research/audit/UNIFORM_HOLDER_FULL_COVERAGE.md#uht-audit-source		逐断言保留原来源报告；本批只重建C180，未以来源证明要点或PASS转授其他数学状态	精确本单元：它不妨碍证书总像经紧投影成为 Borel，也不自动给全局全输入收敛谱的相同结论。；核任意非空紧A的闭图逃逸、A内完整单值覆盖与A外零输入碰撞、真残差下界；局部谱不得自动变为全局收敛谱
UHT-OA-U0386	history/sources/次单调论文研究/分类集研究/RLEB_LT_operator_space_research_asset_v1/RLEB_LT_operator_space_research_asset_v1/03_CLASSIFICATION_STAGE/ppa_classification_team/05_obstruction_audit.md	327	327	4.5 加强：任意非空紧良定谱都能由同一机制实现 LF327–327	organization	空行/排版分隔	nonmathematical	nonmathematical	research/audit/UNIFORM_HOLDER_FULL_COVERAGE.md#uht-audit-source		标题、空行、连接词或纯任务组织；不承担独立数学断言	无本单元数学义务；不关闭相邻数学或历史证据记录
UHT-OA-U0387	history/sources/次单调论文研究/分类集研究/RLEB_LT_operator_space_research_asset_v1/RLEB_LT_operator_space_research_asset_v1/03_CLASSIFICATION_STAGE/ppa_classification_team/05_obstruction_audit.md	328	328	5. 保持尾界不等于保持证书；保留完整图并非不可解决 LF328–328	organization	## 5. 保持尾界不等于保持证书；保留完整图并非不可解决	nonmathematical	nonmathematical	research/audit/UNIFORM_HOLDER_FULL_COVERAGE.md#uht-audit-source		标题、空行、连接词或纯任务组织；不承担独立数学断言	无本单元数学义务；不关闭相邻数学或历史证据记录
UHT-OA-U0388	history/sources/次单调论文研究/分类集研究/RLEB_LT_operator_space_research_asset_v1/RLEB_LT_operator_space_research_asset_v1/03_CLASSIFICATION_STAGE/ppa_classification_team/05_obstruction_audit.md	329	329	5. 保持尾界不等于保持证书；保留完整图并非不可解决 LF329–329	organization	空行/排版分隔	nonmathematical	nonmathematical	research/audit/UNIFORM_HOLDER_FULL_COVERAGE.md#uht-audit-source		标题、空行、连接词或纯任务组织；不承担独立数学断言	无本单元数学义务；不关闭相邻数学或历史证据记录
UHT-OA-U0389	history/sources/次单调论文研究/分类集研究/RLEB_LT_operator_space_research_asset_v1/RLEB_LT_operator_space_research_asset_v1/03_CLASSIFICATION_STAGE/ppa_classification_team/05_obstruction_audit.md	330	330	5.1 尾界对单步粗糙性可以完全失明 LF330–330	organization	### 5.1 尾界对单步粗糙性可以完全失明	nonmathematical	nonmathematical	research/audit/UNIFORM_HOLDER_FULL_COVERAGE.md#uht-audit-source		标题、空行、连接词或纯任务组织；不承担独立数学断言	无本单元数学义务；不关闭相邻数学或历史证据记录
UHT-OA-U0390	history/sources/次单调论文研究/分类集研究/RLEB_LT_operator_space_research_asset_v1/RLEB_LT_operator_space_research_asset_v1/03_CLASSIFICATION_STAGE/ppa_classification_team/05_obstruction_audit.md	331	331	5.1 尾界对单步粗糙性可以完全失明 LF331–331	organization	空行/排版分隔	nonmathematical	nonmathematical	research/audit/UNIFORM_HOLDER_FULL_COVERAGE.md#uht-audit-source		标题、空行、连接词或纯任务组织；不承担独立数学断言	无本单元数学义务；不关闭相邻数学或历史证据记录
UHT-OA-U0391	history/sources/次单调论文研究/分类集研究/RLEB_LT_operator_space_research_asset_v1/RLEB_LT_operator_space_research_asset_v1/03_CLASSIFICATION_STAGE/ppa_classification_team/05_obstruction_audit.md	332	332	5.1 尾界对单步粗糙性可以完全失明 LF332–332	mathematical-assertion	第 3 节全部回缩都有同一个精确实际尾：一步终止。	source-report	deferred	research/audit/UNIFORM_HOLDER_FULL_COVERAGE.md#uht-audit-source		逐断言保留原来源报告；本批只重建C180，未以来源证明要点或PASS转授其他数学状态	精确本单元：第 3 节全部回缩都有同一个精确实际尾：一步终止。；核矩形完整一步回缩源图及RL/EB/严格direct；同尾保持或特例可行不推出任意尾层扰动稠密
UHT-OA-U0392	history/sources/次单调论文研究/分类集研究/RLEB_LT_operator_space_research_asset_v1/RLEB_LT_operator_space_research_asset_v1/03_CLASSIFICATION_STAGE/ppa_classification_team/05_obstruction_audit.md	332	332	5.1 尾界对单步粗糙性可以完全失明 LF332–332	mathematical-assertion	它们可以 Lipschitz	source-report	deferred	research/audit/UNIFORM_HOLDER_FULL_COVERAGE.md#uht-audit-source		逐断言保留原来源报告；本批只重建C180，未以来源证明要点或PASS转授其他数学状态	精确本单元：它们可以 Lipschitz；核矩形完整一步回缩源图及RL/EB/严格direct；同尾保持或特例可行不推出任意尾层扰动稠密
UHT-OA-U0393	history/sources/次单调论文研究/分类集研究/RLEB_LT_operator_space_research_asset_v1/RLEB_LT_operator_space_research_asset_v1/03_CLASSIFICATION_STAGE/ppa_classification_team/05_obstruction_audit.md	332	332	5.1 尾界对单步粗糙性可以完全失明 LF332–332	mathematical-assertion	、正阶 Hölder，也可以低于每个正阶 Hölder。	source-report	deferred	research/audit/UNIFORM_HOLDER_FULL_COVERAGE.md#uht-audit-source		逐断言保留原来源报告；本批只重建C180，未以来源证明要点或PASS转授其他数学状态	精确本单元：、正阶 Hölder，也可以低于每个正阶 Hölder。；核矩形完整一步回缩源图及RL/EB/严格direct；同尾保持或特例可行不推出任意尾层扰动稠密
UHT-OA-U0394	history/sources/次单调论文研究/分类集研究/RLEB_LT_operator_space_research_asset_v1/RLEB_LT_operator_space_research_asset_v1/03_CLASSIFICATION_STAGE/ppa_classification_team/05_obstruction_audit.md	332	332	5.1 尾界对单步粗糙性可以完全失明 LF332–332	mathematical-assertion	故一个 tail-preserving deformation 可以完全破坏 RL；	source-report	deferred	research/audit/UNIFORM_HOLDER_FULL_COVERAGE.md#uht-audit-source		逐断言保留原来源报告；本批只重建C180，未以来源证明要点或PASS转授其他数学状态	精确本单元：故一个 tail-preserving deformation 可以完全破坏 RL；；核矩形完整一步回缩源图及RL/EB/严格direct；同尾保持或特例可行不推出任意尾层扰动稠密
UHT-OA-U0395	history/sources/次单调论文研究/分类集研究/RLEB_LT_operator_space_research_asset_v1/RLEB_LT_operator_space_research_asset_v1/03_CLASSIFICATION_STAGE/ppa_classification_team/05_obstruction_audit.md	332	332	5.1 尾界对单步粗糙性可以完全失明 LF332–332	mathematical-assertion	这个问题在最强尾预算下仍然存在。	source-report	deferred	research/audit/UNIFORM_HOLDER_FULL_COVERAGE.md#uht-audit-source		逐断言保留原来源报告；本批只重建C180，未以来源证明要点或PASS转授其他数学状态	精确本单元：这个问题在最强尾预算下仍然存在。；核矩形完整一步回缩源图及RL/EB/严格direct；同尾保持或特例可行不推出任意尾层扰动稠密
UHT-OA-U0396	history/sources/次单调论文研究/分类集研究/RLEB_LT_operator_space_research_asset_v1/RLEB_LT_operator_space_research_asset_v1/03_CLASSIFICATION_STAGE/ppa_classification_team/05_obstruction_audit.md	333	333	5.1 尾界对单步粗糙性可以完全失明 LF333–333	organization	空行/排版分隔	nonmathematical	nonmathematical	research/audit/UNIFORM_HOLDER_FULL_COVERAGE.md#uht-audit-source		标题、空行、连接词或纯任务组织；不承担独立数学断言	无本单元数学义务；不关闭相邻数学或历史证据记录
UHT-OA-U0397	history/sources/次单调论文研究/分类集研究/RLEB_LT_operator_space_research_asset_v1/RLEB_LT_operator_space_research_asset_v1/03_CLASSIFICATION_STAGE/ppa_classification_team/05_obstruction_audit.md	334	334	5.1 尾界对单步粗糙性可以完全失明 LF334–334	mathematical-assertion	相反，第 3 节的 Hölder cusp 修改确实保持完整源图	source-report	deferred	research/audit/UNIFORM_HOLDER_FULL_COVERAGE.md#uht-audit-source		逐断言保留原来源报告；本批只重建C180，未以来源证明要点或PASS转授其他数学状态	精确本单元：相反，第 3 节的 Hölder cusp 修改确实保持完整源图；核矩形完整一步回缩源图及RL/EB/严格direct；同尾保持或特例可行不推出任意尾层扰动稠密
UHT-OA-U0398	history/sources/次单调论文研究/分类集研究/RLEB_LT_operator_space_research_asset_v1/RLEB_LT_operator_space_research_asset_v1/03_CLASSIFICATION_STAGE/ppa_classification_team/05_obstruction_audit.md	334	334	5.1 尾界对单步粗糙性可以完全失明 LF334–334	mathematical-assertion	、真实 EB 和严格 direct 兼容。	source-report	deferred	research/audit/UNIFORM_HOLDER_FULL_COVERAGE.md#uht-audit-source		逐断言保留原来源报告；本批只重建C180，未以来源证明要点或PASS转授其他数学状态	精确本单元：、真实 EB 和严格 direct 兼容。；核矩形完整一步回缩源图及RL/EB/严格direct；同尾保持或特例可行不推出任意尾层扰动稠密
UHT-OA-U0399	history/sources/次单调论文研究/分类集研究/RLEB_LT_operator_space_research_asset_v1/RLEB_LT_operator_space_research_asset_v1/03_CLASSIFICATION_STAGE/ppa_classification_team/05_obstruction_audit.md	334	334	5.1 尾界对单步粗糙性可以完全失明 LF334–334	mathematical-assertion	它说明这些约束有时可以同时保存，但不能据此推出任意中立尾层中的扰动稠密性。	source-report	deferred	research/audit/UNIFORM_HOLDER_FULL_COVERAGE.md#uht-audit-source		逐断言保留原来源报告；本批只重建C180，未以来源证明要点或PASS转授其他数学状态	精确本单元：它说明这些约束有时可以同时保存，但不能据此推出任意中立尾层中的扰动稠密性。；核矩形完整一步回缩源图及RL/EB/严格direct；同尾保持或特例可行不推出任意尾层扰动稠密
UHT-OA-U0400	history/sources/次单调论文研究/分类集研究/RLEB_LT_operator_space_research_asset_v1/RLEB_LT_operator_space_research_asset_v1/03_CLASSIFICATION_STAGE/ppa_classification_team/05_obstruction_audit.md	335	335	5.1 尾界对单步粗糙性可以完全失明 LF335–335	organization	空行/排版分隔	nonmathematical	nonmathematical	research/audit/UNIFORM_HOLDER_FULL_COVERAGE.md#uht-audit-source		标题、空行、连接词或纯任务组织；不承担独立数学断言	无本单元数学义务；不关闭相邻数学或历史证据记录
UHT-OA-U0401	history/sources/次单调论文研究/分类集研究/RLEB_LT_operator_space_research_asset_v1/RLEB_LT_operator_space_research_asset_v1/03_CLASSIFICATION_STAGE/ppa_classification_team/05_obstruction_audit.md	336	336	5.2 域外纤维的最小局部化引理 LF336–336	organization	### 5.2 域外纤维的最小局部化引理	nonmathematical	nonmathematical	research/audit/UNIFORM_HOLDER_FULL_COVERAGE.md#uht-audit-source		标题、空行、连接词或纯任务组织；不承担独立数学断言	无本单元数学义务；不关闭相邻数学或历史证据记录
UHT-OA-U0402	history/sources/次单调论文研究/分类集研究/RLEB_LT_operator_space_research_asset_v1/RLEB_LT_operator_space_research_asset_v1/03_CLASSIFICATION_STAGE/ppa_classification_team/05_obstruction_audit.md	337	337	5.2 域外纤维的最小局部化引理 LF337–337	organization	空行/排版分隔	nonmathematical	nonmathematical	research/audit/UNIFORM_HOLDER_FULL_COVERAGE.md#uht-audit-source		标题、空行、连接词或纯任务组织；不承担独立数学断言	无本单元数学义务；不关闭相邻数学或历史证据记录
UHT-OA-U0403	history/sources/次单调论文研究/分类集研究/RLEB_LT_operator_space_research_asset_v1/RLEB_LT_operator_space_research_asset_v1/03_CLASSIFICATION_STAGE/ppa_classification_team/05_obstruction_audit.md	338	338	5.2 域外纤维的最小局部化引理 LF338–338	mathematical-assertion	令 \(V\Subset U\subset\mathbb R^d\)，\(\delta=\operatorname{dist}(V,E\setminus U)>0\)。	source-report	deferred	research/audit/UNIFORM_HOLDER_FULL_COVERAGE.md#uht-audit-source		逐断言保留原来源报告；本批只重建C180，未以来源证明要点或PASS转授其他数学状态	精确本单元：令 \(V\Subset U\subset\mathbb R^d\)，\(\delta=\operatorname{dist}(V,E\setminus U)>0\)。；核V⊂⊂U的正collar、x=u+λv的小残差覆盖和无collar延拓例；全逆纤维与完整小残差覆盖分别判定
UHT-OA-U0404	history/sources/次单调论文研究/分类集研究/RLEB_LT_operator_space_research_asset_v1/RLEB_LT_operator_space_research_asset_v1/03_CLASSIFICATION_STAGE/ppa_classification_team/05_obstruction_audit.md	338	338	5.2 域外纤维的最小局部化引理 LF338–338	mathematical-assertion	若 \((u,v)\in\operatorname{gph}F\)、\(u\in V\)、\(\|v\|<\delta/\lambda\)，则	source-report	deferred	research/audit/UNIFORM_HOLDER_FULL_COVERAGE.md#uht-audit-source		逐断言保留原来源报告；本批只重建C180，未以来源证明要点或PASS转授其他数学状态	精确本单元：若 \((u,v)\in\operatorname{gph}F\)、\(u\in V\)、\(\|v\|<\delta/\lambda\)，则；核V⊂⊂U的正collar、x=u+λv的小残差覆盖和无collar延拓例；全逆纤维与完整小残差覆盖分别判定
UHT-OA-U0405	history/sources/次单调论文研究/分类集研究/RLEB_LT_operator_space_research_asset_v1/RLEB_LT_operator_space_research_asset_v1/03_CLASSIFICATION_STAGE/ppa_classification_team/05_obstruction_audit.md	339	339	5.2 域外纤维的最小局部化引理 LF339–339	organization	空行/排版分隔	nonmathematical	nonmathematical	research/audit/UNIFORM_HOLDER_FULL_COVERAGE.md#uht-audit-source		标题、空行、连接词或纯任务组织；不承担独立数学断言	无本单元数学义务；不关闭相邻数学或历史证据记录
UHT-OA-U0406	history/sources/次单调论文研究/分类集研究/RLEB_LT_operator_space_research_asset_v1/RLEB_LT_operator_space_research_asset_v1/03_CLASSIFICATION_STAGE/ppa_classification_team/05_obstruction_audit.md	340	343	5.2 域外纤维的最小局部化引理 LF340–343	display-formula	"\[
x=u+\lambda v\in U.
\tag{5.1}
\]"	source-report	deferred	research/audit/UNIFORM_HOLDER_FULL_COVERAGE.md#uht-audit-source		逐断言保留原来源报告；本批只重建C180，未以来源证明要点或PASS转授其他数学状态	精确本单元：\[ x=u+\lambda v\in U. \tag{5.1} \]；核V⊂⊂U的正collar、x=u+λv的小残差覆盖和无collar延拓例；全逆纤维与完整小残差覆盖分别判定
UHT-OA-U0407	history/sources/次单调论文研究/分类集研究/RLEB_LT_operator_space_research_asset_v1/RLEB_LT_operator_space_research_asset_v1/03_CLASSIFICATION_STAGE/ppa_classification_team/05_obstruction_audit.md	344	344	5.2 域外纤维的最小局部化引理 LF344–344	organization	空行/排版分隔	nonmathematical	nonmathematical	research/audit/UNIFORM_HOLDER_FULL_COVERAGE.md#uht-audit-source		标题、空行、连接词或纯任务组织；不承担独立数学断言	无本单元数学义务；不关闭相邻数学或历史证据记录
UHT-OA-U0408	history/sources/次单调论文研究/分类集研究/RLEB_LT_operator_space_research_asset_v1/RLEB_LT_operator_space_research_asset_v1/03_CLASSIFICATION_STAGE/ppa_classification_team/05_obstruction_audit.md	345	345	5.2 域外纤维的最小局部化引理 LF345–345	mathematical-assertion	因此影响 \(V\) 上真实残差的所有足够小范数纤维都在完整输入图表内；	source-report	deferred	research/audit/UNIFORM_HOLDER_FULL_COVERAGE.md#uht-audit-source		逐断言保留原来源报告；本批只重建C180，未以来源证明要点或PASS转授其他数学状态	精确本单元：因此影响 \(V\) 上真实残差的所有足够小范数纤维都在完整输入图表内；；核V⊂⊂U的正collar、x=u+λv的小残差覆盖和无collar延拓例；全逆纤维与完整小残差覆盖分别判定
UHT-OA-U0409	history/sources/次单调论文研究/分类集研究/RLEB_LT_operator_space_research_asset_v1/RLEB_LT_operator_space_research_asset_v1/03_CLASSIFICATION_STAGE/ppa_classification_team/05_obstruction_audit.md	345	345	5.2 域外纤维的最小局部化引理 LF345–345	mathematical-assertion	无需要求整个逆纤维都位于 \(U\)。	source-report	deferred	research/audit/UNIFORM_HOLDER_FULL_COVERAGE.md#uht-audit-source		逐断言保留原来源报告；本批只重建C180，未以来源证明要点或PASS转授其他数学状态	精确本单元：无需要求整个逆纤维都位于 \(U\)。；核V⊂⊂U的正collar、x=u+λv的小残差覆盖和无collar延拓例；全逆纤维与完整小残差覆盖分别判定
UHT-OA-U0410	history/sources/次单调论文研究/分类集研究/RLEB_LT_operator_space_research_asset_v1/RLEB_LT_operator_space_research_asset_v1/03_CLASSIFICATION_STAGE/ppa_classification_team/05_obstruction_audit.md	345	345	5.2 域外纤维的最小局部化引理 LF345–345	mathematical-assertion	这提供处理真实 EB 的自然双 collar 方案。	source-report	deferred	research/audit/UNIFORM_HOLDER_FULL_COVERAGE.md#uht-audit-source		逐断言保留原来源报告；本批只重建C180，未以来源证明要点或PASS转授其他数学状态	精确本单元：这提供处理真实 EB 的自然双 collar 方案。；核V⊂⊂U的正collar、x=u+λv的小残差覆盖和无collar延拓例；全逆纤维与完整小残差覆盖分别判定
UHT-OA-U0411	history/sources/次单调论文研究/分类集研究/RLEB_LT_operator_space_research_asset_v1/RLEB_LT_operator_space_research_asset_v1/03_CLASSIFICATION_STAGE/ppa_classification_team/05_obstruction_audit.md	346	346	5.2 域外纤维的最小局部化引理 LF346–346	organization	空行/排版分隔	nonmathematical	nonmathematical	research/audit/UNIFORM_HOLDER_FULL_COVERAGE.md#uht-audit-source		标题、空行、连接词或纯任务组织；不承担独立数学断言	无本单元数学义务；不关闭相邻数学或历史证据记录
UHT-OA-U0412	history/sources/次单调论文研究/分类集研究/RLEB_LT_operator_space_research_asset_v1/RLEB_LT_operator_space_research_asset_v1/03_CLASSIFICATION_STAGE/ppa_classification_team/05_obstruction_audit.md	347	347	5.2 域外纤维的最小局部化引理 LF347–347	mathematical-assertion	但没有正 collar 时，仅知局部 \(T\) 不足。	source-report	deferred	research/audit/UNIFORM_HOLDER_FULL_COVERAGE.md#uht-audit-source		逐断言保留原来源报告；本批只重建C180，未以来源证明要点或PASS转授其他数学状态	精确本单元：但没有正 collar 时，仅知局部 \(T\) 不足。；核V⊂⊂U的正collar、x=u+λv的小残差覆盖和无collar延拓例；全逆纤维与完整小残差覆盖分别判定
UHT-OA-U0413	history/sources/次单调论文研究/分类集研究/RLEB_LT_operator_space_research_asset_v1/RLEB_LT_operator_space_research_asset_v1/03_CLASSIFICATION_STAGE/ppa_classification_team/05_obstruction_audit.md	347	347	5.2 域外纤维的最小局部化引理 LF347–347	mathematical-assertion	例如在 \(U=(-1,1)\) 固定 \(T(x)=x/2\)	source-report	deferred	research/audit/UNIFORM_HOLDER_FULL_COVERAGE.md#uht-audit-source		逐断言保留原来源报告；本批只重建C180，未以来源证明要点或PASS转授其他数学状态	精确本单元：例如在 \(U=(-1,1)\) 固定 \(T(x)=x/2\)；核V⊂⊂U的正collar、x=u+λv的小残差覆盖和无collar延拓例；全逆纤维与完整小残差覆盖分别判定
UHT-OA-U0414	history/sources/次单调论文研究/分类集研究/RLEB_LT_operator_space_research_asset_v1/RLEB_LT_operator_space_research_asset_v1/03_CLASSIFICATION_STAGE/ppa_classification_team/05_obstruction_audit.md	347	347	5.2 域外纤维的最小局部化引理 LF347–347	mathematical-assertion	，可以在 \(x=1+\varepsilon\) 处连续延拓为 \(T(x)=1-\varepsilon\)，并仍取整个连续 \(T\) 的完整原图。	source-report	deferred	research/audit/UNIFORM_HOLDER_FULL_COVERAGE.md#uht-audit-source		逐断言保留原来源报告；本批只重建C180，未以来源证明要点或PASS转授其他数学状态	精确本单元：，可以在 \(x=1+\varepsilon\) 处连续延拓为 \(T(x)=1-\varepsilon\)，并仍取整个连续 \(T\) 的完整原图。；核V⊂⊂U的正collar、x=u+λv的小残差覆盖和无collar延拓例；全逆纤维与完整小残差覆盖分别判定
UHT-OA-U0415	history/sources/次单调论文研究/分类集研究/RLEB_LT_operator_space_research_asset_v1/RLEB_LT_operator_space_research_asset_v1/03_CLASSIFICATION_STAGE/ppa_classification_team/05_obstruction_audit.md	347	347	5.2 域外纤维的最小局部化引理 LF347–347	mathematical-assertion	输出 \(u=1-\varepsilon\in U\) 获得残差 \(2\varepsilon/\lambda\)	source-report	deferred	research/audit/UNIFORM_HOLDER_FULL_COVERAGE.md#uht-audit-source		逐断言保留原来源报告；本批只重建C180，未以来源证明要点或PASS转授其他数学状态	精确本单元：输出 \(u=1-\varepsilon\in U\) 获得残差 \(2\varepsilon/\lambda\)；核V⊂⊂U的正collar、x=u+λv的小残差覆盖和无collar延拓例；全逆纤维与完整小残差覆盖分别判定
UHT-OA-U0416	history/sources/次单调论文研究/分类集研究/RLEB_LT_operator_space_research_asset_v1/RLEB_LT_operator_space_research_asset_v1/03_CLASSIFICATION_STAGE/ppa_classification_team/05_obstruction_audit.md	347	347	5.2 域外纤维的最小局部化引理 LF347–347	mathematical-assertion	，虽然原局部输入图表完全未改。	source-report	deferred	research/audit/UNIFORM_HOLDER_FULL_COVERAGE.md#uht-audit-source		逐断言保留原来源报告；本批只重建C180，未以来源证明要点或PASS转授其他数学状态	精确本单元：，虽然原局部输入图表完全未改。；核V⊂⊂U的正collar、x=u+λv的小残差覆盖和无collar延拓例；全逆纤维与完整小残差覆盖分别判定
UHT-OA-U0417	history/sources/次单调论文研究/分类集研究/RLEB_LT_operator_space_research_asset_v1/RLEB_LT_operator_space_research_asset_v1/03_CLASSIFICATION_STAGE/ppa_classification_team/05_obstruction_audit.md	347	347	5.2 域外纤维的最小局部化引理 LF347–347	mathematical-assertion	这可破坏先前在整个输出 \(U\) 上声称的线性 EB；	source-report	deferred	research/audit/UNIFORM_HOLDER_FULL_COVERAGE.md#uht-audit-source		逐断言保留原来源报告；本批只重建C180，未以来源证明要点或PASS转授其他数学状态	精确本单元：这可破坏先前在整个输出 \(U\) 上声称的线性 EB；；核V⊂⊂U的正collar、x=u+λv的小残差覆盖和无collar延拓例；全逆纤维与完整小残差覆盖分别判定
UHT-OA-U0418	history/sources/次单调论文研究/分类集研究/RLEB_LT_operator_space_research_asset_v1/RLEB_LT_operator_space_research_asset_v1/03_CLASSIFICATION_STAGE/ppa_classification_team/05_obstruction_audit.md	347	347	5.2 域外纤维的最小局部化引理 LF347–347	mathematical-assertion	较小输出 collar 则不受这种任意小残差入侵。	source-report	deferred	research/audit/UNIFORM_HOLDER_FULL_COVERAGE.md#uht-audit-source		逐断言保留原来源报告；本批只重建C180，未以来源证明要点或PASS转授其他数学状态	精确本单元：较小输出 collar 则不受这种任意小残差入侵。；核V⊂⊂U的正collar、x=u+λv的小残差覆盖和无collar延拓例；全逆纤维与完整小残差覆盖分别判定
UHT-OA-U0419	history/sources/次单调论文研究/分类集研究/RLEB_LT_operator_space_research_asset_v1/RLEB_LT_operator_space_research_asset_v1/03_CLASSIFICATION_STAGE/ppa_classification_team/05_obstruction_audit.md	348	348	5.2 域外纤维的最小局部化引理 LF348–348	organization	空行/排版分隔	nonmathematical	nonmathematical	research/audit/UNIFORM_HOLDER_FULL_COVERAGE.md#uht-audit-source		标题、空行、连接词或纯任务组织；不承担独立数学断言	无本单元数学义务；不关闭相邻数学或历史证据记录
UHT-OA-U0420	history/sources/次单调论文研究/分类集研究/RLEB_LT_operator_space_research_asset_v1/RLEB_LT_operator_space_research_asset_v1/03_CLASSIFICATION_STAGE/ppa_classification_team/05_obstruction_audit.md	349	349	5.2 域外纤维的最小局部化引理 LF349–349	mathematical-assertion	**修复。	source-report	deferred	research/audit/UNIFORM_HOLDER_FULL_COVERAGE.md#uht-audit-source		逐断言保留原来源报告；本批只重建C180，未以来源证明要点或PASS转授其他数学状态	精确本单元：**修复。；核V⊂⊂U的正collar、x=u+λv的小残差覆盖和无collar延拓例；全逆纤维与完整小残差覆盖分别判定
UHT-OA-U0421	history/sources/次单调论文研究/分类集研究/RLEB_LT_operator_space_research_asset_v1/RLEB_LT_operator_space_research_asset_v1/03_CLASSIFICATION_STAGE/ppa_classification_team/05_obstruction_audit.md	349	349	5.2 域外纤维的最小局部化引理 LF349–349	mathematical-assertion	** 证明中只需对严格预算真正调用的残差区间建立完整小残差覆盖，较大残差以有限输出半径补界。	source-report	deferred	research/audit/UNIFORM_HOLDER_FULL_COVERAGE.md#uht-audit-source		逐断言保留原来源报告；本批只重建C180，未以来源证明要点或PASS转授其他数学状态	精确本单元：** 证明中只需对严格预算真正调用的残差区间建立完整小残差覆盖，较大残差以有限输出半径补界。；核V⊂⊂U的正collar、x=u+λv的小残差覆盖和无collar延拓例；全逆纤维与完整小残差覆盖分别判定
UHT-OA-U0422	history/sources/次单调论文研究/分类集研究/RLEB_LT_operator_space_research_asset_v1/RLEB_LT_operator_space_research_asset_v1/03_CLASSIFICATION_STAGE/ppa_classification_team/05_obstruction_audit.md	349	349	5.2 域外纤维的最小局部化引理 LF349–349	mathematical-assertion	应把这个引理写入证书 atlas，而不是每次无限要求“所有域外纤维都不得存在”。	source-report	deferred	research/audit/UNIFORM_HOLDER_FULL_COVERAGE.md#uht-audit-source		逐断言保留原来源报告；本批只重建C180，未以来源证明要点或PASS转授其他数学状态	精确本单元：应把这个引理写入证书 atlas，而不是每次无限要求“所有域外纤维都不得存在”。；核V⊂⊂U的正collar、x=u+λv的小残差覆盖和无collar延拓例；全逆纤维与完整小残差覆盖分别判定
UHT-OA-U0423	history/sources/次单调论文研究/分类集研究/RLEB_LT_operator_space_research_asset_v1/RLEB_LT_operator_space_research_asset_v1/03_CLASSIFICATION_STAGE/ppa_classification_team/05_obstruction_audit.md	350	350	5.2 域外纤维的最小局部化引理 LF350–350	organization	空行/排版分隔	nonmathematical	nonmathematical	research/audit/UNIFORM_HOLDER_FULL_COVERAGE.md#uht-audit-source		标题、空行、连接词或纯任务组织；不承担独立数学断言	无本单元数学义务；不关闭相邻数学或历史证据记录
UHT-OA-U0424	history/sources/次单调论文研究/分类集研究/RLEB_LT_operator_space_research_asset_v1/RLEB_LT_operator_space_research_asset_v1/03_CLASSIFICATION_STAGE/ppa_classification_team/05_obstruction_audit.md	351	351	6. 有限维与 Hilbert：不能仅换符号 LF351–351	organization	## 6. 有限维与 Hilbert：不能仅换符号	nonmathematical	nonmathematical	research/audit/UNIFORM_HOLDER_FULL_COVERAGE.md#uht-audit-source		标题、空行、连接词或纯任务组织；不承担独立数学断言	无本单元数学义务；不关闭相邻数学或历史证据记录
UHT-OA-U0425	history/sources/次单调论文研究/分类集研究/RLEB_LT_operator_space_research_asset_v1/RLEB_LT_operator_space_research_asset_v1/03_CLASSIFICATION_STAGE/ppa_classification_team/05_obstruction_audit.md	352	352	6. 有限维与 Hilbert：不能仅换符号 LF352–352	organization	空行/排版分隔	nonmathematical	nonmathematical	research/audit/UNIFORM_HOLDER_FULL_COVERAGE.md#uht-audit-source		标题、空行、连接词或纯任务组织；不承担独立数学断言	无本单元数学义务；不关闭相邻数学或历史证据记录
UHT-OA-U0426	history/sources/次单调论文研究/分类集研究/RLEB_LT_operator_space_research_asset_v1/RLEB_LT_operator_space_research_asset_v1/03_CLASSIFICATION_STAGE/ppa_classification_team/05_obstruction_audit.md	353	353	6.1 最小残差未必取得 LF353–353	organization	### 6.1 最小残差未必取得	nonmathematical	nonmathematical	research/audit/UNIFORM_HOLDER_FULL_COVERAGE.md#uht-audit-source		标题、空行、连接词或纯任务组织；不承担独立数学断言	无本单元数学义务；不关闭相邻数学或历史证据记录
UHT-OA-U0427	history/sources/次单调论文研究/分类集研究/RLEB_LT_operator_space_research_asset_v1/RLEB_LT_operator_space_research_asset_v1/03_CLASSIFICATION_STAGE/ppa_classification_team/05_obstruction_audit.md	354	354	6.1 最小残差未必取得 LF354–354	organization	空行/排版分隔	nonmathematical	nonmathematical	research/audit/UNIFORM_HOLDER_FULL_COVERAGE.md#uht-audit-source		标题、空行、连接词或纯任务组织；不承担独立数学断言	无本单元数学义务；不关闭相邻数学或历史证据记录
UHT-OA-U0428	history/sources/次单调论文研究/分类集研究/RLEB_LT_operator_space_research_asset_v1/RLEB_LT_operator_space_research_asset_v1/03_CLASSIFICATION_STAGE/ppa_classification_team/05_obstruction_audit.md	355	355	6.1 最小残差未必取得 LF355–355	mathematical-assertion	在 \(\ell^2\) 中，闭集	source-report	deferred	research/audit/UNIFORM_HOLDER_FULL_COVERAGE.md#uht-audit-source		逐断言保留原来源报告；本批只重建C180，未以来源证明要点或PASS转授其他数学状态	精确本单元：在 \(\ell^2\) 中，闭集；核ℓ²正交纤维的强闭性、inf=1不达及连续单调gauge下inf极限；不把inf改为min
UHT-OA-U0429	history/sources/次单调论文研究/分类集研究/RLEB_LT_operator_space_research_asset_v1/RLEB_LT_operator_space_research_asset_v1/03_CLASSIFICATION_STAGE/ppa_classification_team/05_obstruction_audit.md	356	356	6.1 最小残差未必取得 LF356–356	organization	空行/排版分隔	nonmathematical	nonmathematical	research/audit/UNIFORM_HOLDER_FULL_COVERAGE.md#uht-audit-source		标题、空行、连接词或纯任务组织；不承担独立数学断言	无本单元数学义务；不关闭相邻数学或历史证据记录
UHT-OA-U0430	history/sources/次单调论文研究/分类集研究/RLEB_LT_operator_space_research_asset_v1/RLEB_LT_operator_space_research_asset_v1/03_CLASSIFICATION_STAGE/ppa_classification_team/05_obstruction_audit.md	357	359	6.1 最小残差未必取得 LF357–359	display-formula	"\[
C=\{(1+1/n)e_n:n\ge1\}
\]"	source-report	deferred	research/audit/UNIFORM_HOLDER_FULL_COVERAGE.md#uht-audit-source		逐断言保留原来源报告；本批只重建C180，未以来源证明要点或PASS转授其他数学状态	精确本单元：\[ C=\{(1+1/n)e_n:n\ge1\} \]；核ℓ²正交纤维的强闭性、inf=1不达及连续单调gauge下inf极限；不把inf改为min
UHT-OA-U0431	history/sources/次单调论文研究/分类集研究/RLEB_LT_operator_space_research_asset_v1/RLEB_LT_operator_space_research_asset_v1/03_CLASSIFICATION_STAGE/ppa_classification_team/05_obstruction_audit.md	360	360	6.1 最小残差未必取得 LF360–360	organization	空行/排版分隔	nonmathematical	nonmathematical	research/audit/UNIFORM_HOLDER_FULL_COVERAGE.md#uht-audit-source		标题、空行、连接词或纯任务组织；不承担独立数学断言	无本单元数学义务；不关闭相邻数学或历史证据记录
UHT-OA-U0432	history/sources/次单调论文研究/分类集研究/RLEB_LT_operator_space_research_asset_v1/RLEB_LT_operator_space_research_asset_v1/03_CLASSIFICATION_STAGE/ppa_classification_team/05_obstruction_audit.md	361	361	6.1 最小残差未必取得 LF361–361	mathematical-assertion	到零的距离为一	source-report	deferred	research/audit/UNIFORM_HOLDER_FULL_COVERAGE.md#uht-audit-source		逐断言保留原来源报告；本批只重建C180，未以来源证明要点或PASS转授其他数学状态	精确本单元：到零的距离为一；核ℓ²正交纤维的强闭性、inf=1不达及连续单调gauge下inf极限；不把inf改为min
UHT-OA-U0433	history/sources/次单调论文研究/分类集研究/RLEB_LT_operator_space_research_asset_v1/RLEB_LT_operator_space_research_asset_v1/03_CLASSIFICATION_STAGE/ppa_classification_team/05_obstruction_audit.md	361	361	6.1 最小残差未必取得 LF361–361	mathematical-assertion	，但没有最近点。	source-report	deferred	research/audit/UNIFORM_HOLDER_FULL_COVERAGE.md#uht-audit-source		逐断言保留原来源报告；本批只重建C180，未以来源证明要点或PASS转授其他数学状态	精确本单元：，但没有最近点。；核ℓ²正交纤维的强闭性、inf=1不达及连续单调gauge下inf极限；不把inf改为min
UHT-OA-U0434	history/sources/次单调论文研究/分类集研究/RLEB_LT_operator_space_research_asset_v1/RLEB_LT_operator_space_research_asset_v1/03_CLASSIFICATION_STAGE/ppa_classification_team/05_obstruction_audit.md	361	361	6.1 最小残差未必取得 LF361–361	mathematical-assertion	闭图关系的某个纤维可以正是 \(C\)。	source-report	deferred	research/audit/UNIFORM_HOLDER_FULL_COVERAGE.md#uht-audit-source		逐断言保留原来源报告；本批只重建C180，未以来源证明要点或PASS转授其他数学状态	精确本单元：闭图关系的某个纤维可以正是 \(C\)。；核ℓ²正交纤维的强闭性、inf=1不达及连续单调gauge下inf极限；不把inf改为min
UHT-OA-U0435	history/sources/次单调论文研究/分类集研究/RLEB_LT_operator_space_research_asset_v1/RLEB_LT_operator_space_research_asset_v1/03_CLASSIFICATION_STAGE/ppa_classification_team/05_obstruction_audit.md	361	361	6.1 最小残差未必取得 LF361–361	mathematical-assertion	所以 \(r_F\) 必须保留 inf 定义，不能无证使用最小范数图点。	source-report	deferred	research/audit/UNIFORM_HOLDER_FULL_COVERAGE.md#uht-audit-source		逐断言保留原来源报告；本批只重建C180，未以来源证明要点或PASS转授其他数学状态	精确本单元：所以 \(r_F\) 必须保留 inf 定义，不能无证使用最小范数图点。；核ℓ²正交纤维的强闭性、inf=1不达及连续单调gauge下inf极限；不把inf改为min
UHT-OA-U0436	history/sources/次单调论文研究/分类集研究/RLEB_LT_operator_space_research_asset_v1/RLEB_LT_operator_space_research_asset_v1/03_CLASSIFICATION_STAGE/ppa_classification_team/05_obstruction_audit.md	361	361	6.1 最小残差未必取得 LF361–361	mathematical-assertion	连续单调 gauge 下的全纤维不等式仍可通过 inf 极限处理，不必因此放弃 EB。	source-report	deferred	research/audit/UNIFORM_HOLDER_FULL_COVERAGE.md#uht-audit-source		逐断言保留原来源报告；本批只重建C180，未以来源证明要点或PASS转授其他数学状态	精确本单元：连续单调 gauge 下的全纤维不等式仍可通过 inf 极限处理，不必因此放弃 EB。；核ℓ²正交纤维的强闭性、inf=1不达及连续单调gauge下inf极限；不把inf改为min
UHT-OA-U0437	history/sources/次单调论文研究/分类集研究/RLEB_LT_operator_space_research_asset_v1/RLEB_LT_operator_space_research_asset_v1/03_CLASSIFICATION_STAGE/ppa_classification_team/05_obstruction_audit.md	362	362	6.1 最小残差未必取得 LF362–362	organization	空行/排版分隔	nonmathematical	nonmathematical	research/audit/UNIFORM_HOLDER_FULL_COVERAGE.md#uht-audit-source		标题、空行、连接词或纯任务组织；不承担独立数学断言	无本单元数学义务；不关闭相邻数学或历史证据记录
UHT-OA-U0438	history/sources/次单调论文研究/分类集研究/RLEB_LT_operator_space_research_asset_v1/RLEB_LT_operator_space_research_asset_v1/03_CLASSIFICATION_STAGE/ppa_classification_team/05_obstruction_audit.md	363	363	6.2 AW 闭集空间通常不再可分 LF363–363	organization	### 6.2 AW 闭集空间通常不再可分	nonmathematical	nonmathematical	research/audit/UNIFORM_HOLDER_FULL_COVERAGE.md#uht-audit-source		标题、空行、连接词或纯任务组织；不承担独立数学断言	无本单元数学义务；不关闭相邻数学或历史证据记录
UHT-OA-U0439	history/sources/次单调论文研究/分类集研究/RLEB_LT_operator_space_research_asset_v1/RLEB_LT_operator_space_research_asset_v1/03_CLASSIFICATION_STAGE/ppa_classification_team/05_obstruction_audit.md	364	364	6.2 AW 闭集空间通常不再可分 LF364–364	organization	空行/排版分隔	nonmathematical	nonmathematical	research/audit/UNIFORM_HOLDER_FULL_COVERAGE.md#uht-audit-source		标题、空行、连接词或纯任务组织；不承担独立数学断言	无本单元数学义务；不关闭相邻数学或历史证据记录
UHT-OA-U0440	history/sources/次单调论文研究/分类集研究/RLEB_LT_operator_space_research_asset_v1/RLEB_LT_operator_space_research_asset_v1/03_CLASSIFICATION_STAGE/ppa_classification_team/05_obstruction_audit.md	365	365	6.2 AW 闭集空间通常不再可分 LF365–365	mathematical-assertion	对每个 \(A\subset\mathbb N\)	source-report	deferred	research/audit/UNIFORM_HOLDER_FULL_COVERAGE.md#uht-audit-source		逐断言保留原来源报告；本批只重建C180，未以来源证明要点或PASS转授其他数学状态	精确本单元：对每个 \(A\subset\mathbb N\)；核全部A⊂N的CA闭性、单位球距离函数的一致分离及AW非可分；不转授有限维Polish接口
UHT-OA-U0441	history/sources/次单调论文研究/分类集研究/RLEB_LT_operator_space_research_asset_v1/RLEB_LT_operator_space_research_asset_v1/03_CLASSIFICATION_STAGE/ppa_classification_team/05_obstruction_audit.md	365	365	6.2 AW 闭集空间通常不再可分 LF365–365	mathematical-assertion	，取 \(C_A=\{0\}\cup\{e_n:n\in A\}\)。	source-report	deferred	research/audit/UNIFORM_HOLDER_FULL_COVERAGE.md#uht-audit-source		逐断言保留原来源报告；本批只重建C180，未以来源证明要点或PASS转授其他数学状态	精确本单元：，取 \(C_A=\{0\}\cup\{e_n:n\in A\}\)。；核全部A⊂N的CA闭性、单位球距离函数的一致分离及AW非可分；不转授有限维Polish接口
UHT-OA-U0442	history/sources/次单调论文研究/分类集研究/RLEB_LT_operator_space_research_asset_v1/RLEB_LT_operator_space_research_asset_v1/03_CLASSIFICATION_STAGE/ppa_classification_team/05_obstruction_audit.md	365	365	6.2 AW 闭集空间通常不再可分 LF365–365	mathematical-assertion	不同 \(A,B\) 在单位球上的距离函数至少相差一（在某个 \(e_n\) 处）。	source-report	deferred	research/audit/UNIFORM_HOLDER_FULL_COVERAGE.md#uht-audit-source		逐断言保留原来源报告；本批只重建C180，未以来源证明要点或PASS转授其他数学状态	精确本单元：不同 \(A,B\) 在单位球上的距离函数至少相差一（在某个 \(e_n\) 处）。；核全部A⊂N的CA闭性、单位球距离函数的一致分离及AW非可分；不转授有限维Polish接口
UHT-OA-U0443	history/sources/次单调论文研究/分类集研究/RLEB_LT_operator_space_research_asset_v1/RLEB_LT_operator_space_research_asset_v1/03_CLASSIFICATION_STAGE/ppa_classification_team/05_obstruction_audit.md	365	365	6.2 AW 闭集空间通常不再可分 LF365–365	mathematical-assertion	故有不可数个一致分离的闭集	source-report	deferred	research/audit/UNIFORM_HOLDER_FULL_COVERAGE.md#uht-audit-source		逐断言保留原来源报告；本批只重建C180，未以来源证明要点或PASS转授其他数学状态	精确本单元：故有不可数个一致分离的闭集；核全部A⊂N的CA闭性、单位球距离函数的一致分离及AW非可分；不转授有限维Polish接口
UHT-OA-U0444	history/sources/次单调论文研究/分类集研究/RLEB_LT_operator_space_research_asset_v1/RLEB_LT_operator_space_research_asset_v1/03_CLASSIFICATION_STAGE/ppa_classification_team/05_obstruction_audit.md	365	365	6.2 AW 闭集空间通常不再可分 LF365–365	mathematical-assertion	，有限维的 Polish 论证不能原样推广。	source-report	deferred	research/audit/UNIFORM_HOLDER_FULL_COVERAGE.md#uht-audit-source		逐断言保留原来源报告；本批只重建C180，未以来源证明要点或PASS转授其他数学状态	精确本单元：，有限维的 Polish 论证不能原样推广。；核全部A⊂N的CA闭性、单位球距离函数的一致分离及AW非可分；不转授有限维Polish接口
UHT-OA-U0445	history/sources/次单调论文研究/分类集研究/RLEB_LT_operator_space_research_asset_v1/RLEB_LT_operator_space_research_asset_v1/03_CLASSIFICATION_STAGE/ppa_classification_team/05_obstruction_audit.md	366	366	6.2 AW 闭集空间通常不再可分 LF366–366	organization	空行/排版分隔	nonmathematical	nonmathematical	research/audit/UNIFORM_HOLDER_FULL_COVERAGE.md#uht-audit-source		标题、空行、连接词或纯任务组织；不承担独立数学断言	无本单元数学义务；不关闭相邻数学或历史证据记录
UHT-OA-U0446	history/sources/次单调论文研究/分类集研究/RLEB_LT_operator_space_research_asset_v1/RLEB_LT_operator_space_research_asset_v1/03_CLASSIFICATION_STAGE/ppa_classification_team/05_obstruction_audit.md	367	367	6.3 有界集上一致拓扑中，有限迭代连续性也需要条件 LF367–367	organization	### 6.3 有界集上一致拓扑中，有限迭代连续性也需要条件	nonmathematical	nonmathematical	research/audit/UNIFORM_HOLDER_FULL_COVERAGE.md#uht-audit-source		标题、空行、连接词或纯任务组织；不承担独立数学断言	无本单元数学义务；不关闭相邻数学或历史证据记录
UHT-OA-U0447	history/sources/次单调论文研究/分类集研究/RLEB_LT_operator_space_research_asset_v1/RLEB_LT_operator_space_research_asset_v1/03_CLASSIFICATION_STAGE/ppa_classification_team/05_obstruction_audit.md	368	368	6.3 有界集上一致拓扑中，有限迭代连续性也需要条件 LF368–368	organization	空行/排版分隔	nonmathematical	nonmathematical	research/audit/UNIFORM_HOLDER_FULL_COVERAGE.md#uht-audit-source		标题、空行、连接词或纯任务组织；不承担独立数学断言	无本单元数学义务；不关闭相邻数学或历史证据记录
UHT-OA-U0448	history/sources/次单调论文研究/分类集研究/RLEB_LT_operator_space_research_asset_v1/RLEB_LT_operator_space_research_asset_v1/03_CLASSIFICATION_STAGE/ppa_classification_team/05_obstruction_audit.md	369	369	6.3 有界集上一致拓扑中，有限迭代连续性也需要条件 LF369–369	mathematical-assertion	令 \(\delta_n\downarrow0\)	source-report	deferred	research/audit/UNIFORM_HOLDER_FULL_COVERAGE.md#uht-audit-source		逐断言保留原来源报告；本批只重建C180，未以来源证明要点或PASS转授其他数学状态	精确本单元：令 \(\delta_n\downarrow0\)；核Hilbert尖峰族局部有限性、所有映射连续/有界集映有界及Tn²(en)完整计算；不同拓扑或均匀连续层需重证
UHT-OA-U0449	history/sources/次单调论文研究/分类集研究/RLEB_LT_operator_space_research_asset_v1/RLEB_LT_operator_space_research_asset_v1/03_CLASSIFICATION_STAGE/ppa_classification_team/05_obstruction_audit.md	369	369	6.3 有界集上一致拓扑中，有限迭代连续性也需要条件 LF369–369	mathematical-assertion	，例如 \(\delta_n=2^{-n-4}\)，\(n\ge2\)。	source-report	deferred	research/audit/UNIFORM_HOLDER_FULL_COVERAGE.md#uht-audit-source		逐断言保留原来源报告；本批只重建C180，未以来源证明要点或PASS转授其他数学状态	精确本单元：，例如 \(\delta_n=2^{-n-4}\)，\(n\ge2\)。；核Hilbert尖峰族局部有限性、所有映射连续/有界集映有界及Tn²(en)完整计算；不同拓扑或均匀连续层需重证
UHT-OA-U0450	history/sources/次单调论文研究/分类集研究/RLEB_LT_operator_space_research_asset_v1/RLEB_LT_operator_space_research_asset_v1/03_CLASSIFICATION_STAGE/ppa_classification_team/05_obstruction_audit.md	369	369	6.3 有界集上一致拓扑中，有限迭代连续性也需要条件 LF369–369	mathematical-assertion	在 \(a_n=e_n+\delta_ne_1\) 的半径 \(\delta_n/3\) 小球上放高度一的连续尖峰，球两两分离	source-report	deferred	research/audit/UNIFORM_HOLDER_FULL_COVERAGE.md#uht-audit-source		逐断言保留原来源报告；本批只重建C180，未以来源证明要点或PASS转授其他数学状态	精确本单元：在 \(a_n=e_n+\delta_ne_1\) 的半径 \(\delta_n/3\) 小球上放高度一的连续尖峰，球两两分离；核Hilbert尖峰族局部有限性、所有映射连续/有界集映有界及Tn²(en)完整计算；不同拓扑或均匀连续层需重证
UHT-OA-U0451	history/sources/次单调论文研究/分类集研究/RLEB_LT_operator_space_research_asset_v1/RLEB_LT_operator_space_research_asset_v1/03_CLASSIFICATION_STAGE/ppa_classification_team/05_obstruction_audit.md	369	369	6.3 有界集上一致拓扑中，有限迭代连续性也需要条件 LF369–369	mathematical-assertion	，得到连续有界函数 \(f:H\to[0,1]\)，满足	source-report	deferred	research/audit/UNIFORM_HOLDER_FULL_COVERAGE.md#uht-audit-source		逐断言保留原来源报告；本批只重建C180，未以来源证明要点或PASS转授其他数学状态	精确本单元：，得到连续有界函数 \(f:H\to[0,1]\)，满足；核Hilbert尖峰族局部有限性、所有映射连续/有界集映有界及Tn²(en)完整计算；不同拓扑或均匀连续层需重证
UHT-OA-U0452	history/sources/次单调论文研究/分类集研究/RLEB_LT_operator_space_research_asset_v1/RLEB_LT_operator_space_research_asset_v1/03_CLASSIFICATION_STAGE/ppa_classification_team/05_obstruction_audit.md	370	370	6.3 有界集上一致拓扑中，有限迭代连续性也需要条件 LF370–370	organization	空行/排版分隔	nonmathematical	nonmathematical	research/audit/UNIFORM_HOLDER_FULL_COVERAGE.md#uht-audit-source		标题、空行、连接词或纯任务组织；不承担独立数学断言	无本单元数学义务；不关闭相邻数学或历史证据记录
UHT-OA-U0453	history/sources/次单调论文研究/分类集研究/RLEB_LT_operator_space_research_asset_v1/RLEB_LT_operator_space_research_asset_v1/03_CLASSIFICATION_STAGE/ppa_classification_team/05_obstruction_audit.md	371	373	6.3 有界集上一致拓扑中，有限迭代连续性也需要条件 LF371–373	display-formula	"\[
f(e_n)=0,\qquad f(a_n)=1.
\]"	source-report	deferred	research/audit/UNIFORM_HOLDER_FULL_COVERAGE.md#uht-audit-source		逐断言保留原来源报告；本批只重建C180，未以来源证明要点或PASS转授其他数学状态	精确本单元：\[ f(e_n)=0,\qquad f(a_n)=1. \]；核Hilbert尖峰族局部有限性、所有映射连续/有界集映有界及Tn²(en)完整计算；不同拓扑或均匀连续层需重证
UHT-OA-U0454	history/sources/次单调论文研究/分类集研究/RLEB_LT_operator_space_research_asset_v1/RLEB_LT_operator_space_research_asset_v1/03_CLASSIFICATION_STAGE/ppa_classification_team/05_obstruction_audit.md	374	374	6.3 有界集上一致拓扑中，有限迭代连续性也需要条件 LF374–374	organization	空行/排版分隔	nonmathematical	nonmathematical	research/audit/UNIFORM_HOLDER_FULL_COVERAGE.md#uht-audit-source		标题、空行、连接词或纯任务组织；不承担独立数学断言	无本单元数学义务；不关闭相邻数学或历史证据记录
UHT-OA-U0455	history/sources/次单调论文研究/分类集研究/RLEB_LT_operator_space_research_asset_v1/RLEB_LT_operator_space_research_asset_v1/03_CLASSIFICATION_STAGE/ppa_classification_team/05_obstruction_audit.md	375	375	6.3 有界集上一致拓扑中，有限迭代连续性也需要条件 LF375–375	mathematical-assertion	例如可取这些锥形 bump 的逐点上确界；	source-report	deferred	research/audit/UNIFORM_HOLDER_FULL_COVERAGE.md#uht-audit-source		逐断言保留原来源报告；本批只重建C180，未以来源证明要点或PASS转授其他数学状态	精确本单元：例如可取这些锥形 bump 的逐点上确界；；核Hilbert尖峰族局部有限性、所有映射连续/有界集映有界及Tn²(en)完整计算；不同拓扑或均匀连续层需重证
UHT-OA-U0456	history/sources/次单调论文研究/分类集研究/RLEB_LT_operator_space_research_asset_v1/RLEB_LT_operator_space_research_asset_v1/03_CLASSIFICATION_STAGE/ppa_classification_team/05_obstruction_audit.md	375	375	6.3 有界集上一致拓扑中，有限迭代连续性也需要条件 LF375–375	mathematical-assertion	各点邻域只命中有限个支集	source-report	deferred	research/audit/UNIFORM_HOLDER_FULL_COVERAGE.md#uht-audit-source		逐断言保留原来源报告；本批只重建C180，未以来源证明要点或PASS转授其他数学状态	精确本单元：各点邻域只命中有限个支集；核Hilbert尖峰族局部有限性、所有映射连续/有界集映有界及Tn²(en)完整计算；不同拓扑或均匀连续层需重证
UHT-OA-U0457	history/sources/次单调论文研究/分类集研究/RLEB_LT_operator_space_research_asset_v1/RLEB_LT_operator_space_research_asset_v1/03_CLASSIFICATION_STAGE/ppa_classification_team/05_obstruction_audit.md	375	375	6.3 有界集上一致拓扑中，有限迭代连续性也需要条件 LF375–375	mathematical-assertion	，故连续。	source-report	deferred	research/audit/UNIFORM_HOLDER_FULL_COVERAGE.md#uht-audit-source		逐断言保留原来源报告；本批只重建C180，未以来源证明要点或PASS转授其他数学状态	精确本单元：，故连续。；核Hilbert尖峰族局部有限性、所有映射连续/有界集映有界及Tn²(en)完整计算；不同拓扑或均匀连续层需重证
UHT-OA-U0458	history/sources/次单调论文研究/分类集研究/RLEB_LT_operator_space_research_asset_v1/RLEB_LT_operator_space_research_asset_v1/03_CLASSIFICATION_STAGE/ppa_classification_team/05_obstruction_audit.md	375	375	6.3 有界集上一致拓扑中，有限迭代连续性也需要条件 LF375–375	mathematical-assertion	定义	source-report	deferred	research/audit/UNIFORM_HOLDER_FULL_COVERAGE.md#uht-audit-source		逐断言保留原来源报告；本批只重建C180，未以来源证明要点或PASS转授其他数学状态	精确本单元：定义；核Hilbert尖峰族局部有限性、所有映射连续/有界集映有界及Tn²(en)完整计算；不同拓扑或均匀连续层需重证
UHT-OA-U0459	history/sources/次单调论文研究/分类集研究/RLEB_LT_operator_space_research_asset_v1/RLEB_LT_operator_space_research_asset_v1/03_CLASSIFICATION_STAGE/ppa_classification_team/05_obstruction_audit.md	376	376	6.3 有界集上一致拓扑中，有限迭代连续性也需要条件 LF376–376	organization	空行/排版分隔	nonmathematical	nonmathematical	research/audit/UNIFORM_HOLDER_FULL_COVERAGE.md#uht-audit-source		标题、空行、连接词或纯任务组织；不承担独立数学断言	无本单元数学义务；不关闭相邻数学或历史证据记录
UHT-OA-U0460	history/sources/次单调论文研究/分类集研究/RLEB_LT_operator_space_research_asset_v1/RLEB_LT_operator_space_research_asset_v1/03_CLASSIFICATION_STAGE/ppa_classification_team/05_obstruction_audit.md	377	379	6.3 有界集上一致拓扑中，有限迭代连续性也需要条件 LF377–379	display-formula	"\[
T(x)=x+f(x)e_1,\qquad T_n(x)=T(x)+\delta_ne_1.
\]"	source-report	deferred	research/audit/UNIFORM_HOLDER_FULL_COVERAGE.md#uht-audit-source		逐断言保留原来源报告；本批只重建C180，未以来源证明要点或PASS转授其他数学状态	精确本单元：\[ T(x)=x+f(x)e_1,\qquad T_n(x)=T(x)+\delta_ne_1. \]；核Hilbert尖峰族局部有限性、所有映射连续/有界集映有界及Tn²(en)完整计算；不同拓扑或均匀连续层需重证
UHT-OA-U0461	history/sources/次单调论文研究/分类集研究/RLEB_LT_operator_space_research_asset_v1/RLEB_LT_operator_space_research_asset_v1/03_CLASSIFICATION_STAGE/ppa_classification_team/05_obstruction_audit.md	380	380	6.3 有界集上一致拓扑中，有限迭代连续性也需要条件 LF380–380	organization	空行/排版分隔	nonmathematical	nonmathematical	research/audit/UNIFORM_HOLDER_FULL_COVERAGE.md#uht-audit-source		标题、空行、连接词或纯任务组织；不承担独立数学断言	无本单元数学义务；不关闭相邻数学或历史证据记录
UHT-OA-U0462	history/sources/次单调论文研究/分类集研究/RLEB_LT_operator_space_research_asset_v1/RLEB_LT_operator_space_research_asset_v1/03_CLASSIFICATION_STAGE/ppa_classification_team/05_obstruction_audit.md	381	381	6.3 有界集上一致拓扑中，有限迭代连续性也需要条件 LF381–381	mathematical-assertion	则 \(T_n\to T\) 在每个有界集上一致，甚至全域差值恒为 \(\delta_n\)。	source-report	deferred	research/audit/UNIFORM_HOLDER_FULL_COVERAGE.md#uht-audit-source		逐断言保留原来源报告；本批只重建C180，未以来源证明要点或PASS转授其他数学状态	精确本单元：则 \(T_n\to T\) 在每个有界集上一致，甚至全域差值恒为 \(\delta_n\)。；核Hilbert尖峰族局部有限性、所有映射连续/有界集映有界及Tn²(en)完整计算；不同拓扑或均匀连续层需重证
UHT-OA-U0463	history/sources/次单调论文研究/分类集研究/RLEB_LT_operator_space_research_asset_v1/RLEB_LT_operator_space_research_asset_v1/03_CLASSIFICATION_STAGE/ppa_classification_team/05_obstruction_audit.md	381	381	6.3 有界集上一致拓扑中，有限迭代连续性也需要条件 LF381–381	mathematical-assertion	但	source-report	deferred	research/audit/UNIFORM_HOLDER_FULL_COVERAGE.md#uht-audit-source		逐断言保留原来源报告；本批只重建C180，未以来源证明要点或PASS转授其他数学状态	精确本单元：但；核Hilbert尖峰族局部有限性、所有映射连续/有界集映有界及Tn²(en)完整计算；不同拓扑或均匀连续层需重证
UHT-OA-U0464	history/sources/次单调论文研究/分类集研究/RLEB_LT_operator_space_research_asset_v1/RLEB_LT_operator_space_research_asset_v1/03_CLASSIFICATION_STAGE/ppa_classification_team/05_obstruction_audit.md	382	382	6.3 有界集上一致拓扑中，有限迭代连续性也需要条件 LF382–382	organization	空行/排版分隔	nonmathematical	nonmathematical	research/audit/UNIFORM_HOLDER_FULL_COVERAGE.md#uht-audit-source		标题、空行、连接词或纯任务组织；不承担独立数学断言	无本单元数学义务；不关闭相邻数学或历史证据记录
UHT-OA-U0465	history/sources/次单调论文研究/分类集研究/RLEB_LT_operator_space_research_asset_v1/RLEB_LT_operator_space_research_asset_v1/03_CLASSIFICATION_STAGE/ppa_classification_team/05_obstruction_audit.md	383	386	6.3 有界集上一致拓扑中，有限迭代连续性也需要条件 LF383–386	display-formula	"\[
T^2(e_n)=e_n,\qquad
T_n^2(e_n)=e_n+(1+2\delta_n)e_1.
\]"	source-report	deferred	research/audit/UNIFORM_HOLDER_FULL_COVERAGE.md#uht-audit-source		逐断言保留原来源报告；本批只重建C180，未以来源证明要点或PASS转授其他数学状态	精确本单元：\[ T^2(e_n)=e_n,\qquad T_n^2(e_n)=e_n+(1+2\delta_n)e_1. \]；核Hilbert尖峰族局部有限性、所有映射连续/有界集映有界及Tn²(en)完整计算；不同拓扑或均匀连续层需重证
UHT-OA-U0466	history/sources/次单调论文研究/分类集研究/RLEB_LT_operator_space_research_asset_v1/RLEB_LT_operator_space_research_asset_v1/03_CLASSIFICATION_STAGE/ppa_classification_team/05_obstruction_audit.md	387	387	6.3 有界集上一致拓扑中，有限迭代连续性也需要条件 LF387–387	organization	空行/排版分隔	nonmathematical	nonmathematical	research/audit/UNIFORM_HOLDER_FULL_COVERAGE.md#uht-audit-source		标题、空行、连接词或纯任务组织；不承担独立数学断言	无本单元数学义务；不关闭相邻数学或历史证据记录
UHT-OA-U0467	history/sources/次单调论文研究/分类集研究/RLEB_LT_operator_space_research_asset_v1/RLEB_LT_operator_space_research_asset_v1/03_CLASSIFICATION_STAGE/ppa_classification_team/05_obstruction_audit.md	388	388	6.3 有界集上一致拓扑中，有限迭代连续性也需要条件 LF388–388	mathematical-assertion	所以平方迭代不连续。	source-report	deferred	research/audit/UNIFORM_HOLDER_FULL_COVERAGE.md#uht-audit-source		逐断言保留原来源报告；本批只重建C180，未以来源证明要点或PASS转授其他数学状态	精确本单元：所以平方迭代不连续。；核Hilbert尖峰族局部有限性、所有映射连续/有界集映有界及Tn²(en)完整计算；不同拓扑或均匀连续层需重证
UHT-OA-U0468	history/sources/次单调论文研究/分类集研究/RLEB_LT_operator_space_research_asset_v1/RLEB_LT_operator_space_research_asset_v1/03_CLASSIFICATION_STAGE/ppa_classification_team/05_obstruction_audit.md	388	388	6.3 有界集上一致拓扑中，有限迭代连续性也需要条件 LF388–388	mathematical-assertion	有限维中的紧性/统一连续性正在承担真正工作。	source-report	deferred	research/audit/UNIFORM_HOLDER_FULL_COVERAGE.md#uht-audit-source		逐断言保留原来源报告；本批只重建C180，未以来源证明要点或PASS转授其他数学状态	精确本单元：有限维中的紧性/统一连续性正在承担真正工作。；核Hilbert尖峰族局部有限性、所有映射连续/有界集映有界及Tn²(en)完整计算；不同拓扑或均匀连续层需重证
UHT-OA-U0469	history/sources/次单调论文研究/分类集研究/RLEB_LT_operator_space_research_asset_v1/RLEB_LT_operator_space_research_asset_v1/03_CLASSIFICATION_STAGE/ppa_classification_team/05_obstruction_audit.md	389	389	6.3 有界集上一致拓扑中，有限迭代连续性也需要条件 LF389–389	organization	空行/排版分隔	nonmathematical	nonmathematical	research/audit/UNIFORM_HOLDER_FULL_COVERAGE.md#uht-audit-source		标题、空行、连接词或纯任务组织；不承担独立数学断言	无本单元数学义务；不关闭相邻数学或历史证据记录
UHT-OA-U0470	history/sources/次单调论文研究/分类集研究/RLEB_LT_operator_space_research_asset_v1/RLEB_LT_operator_space_research_asset_v1/03_CLASSIFICATION_STAGE/ppa_classification_team/05_obstruction_audit.md	390	390	6.3 有界集上一致拓扑中，有限迭代连续性也需要条件 LF390–390	scope-contract	**最弱修复。	source-report	deferred	research/audit/UNIFORM_HOLDER_FULL_COVERAGE.md#uht-audit-source		逐断言保留原来源报告；本批只重建C180，未以来源证明要点或PASS转授其他数学状态	精确本单元：**最弱修复。；核Hilbert尖峰族局部有限性、所有映射连续/有界集映有界及Tn²(en)完整计算；不同拓扑或均匀连续层需重证
UHT-OA-U0471	history/sources/次单调论文研究/分类集研究/RLEB_LT_operator_space_research_asset_v1/RLEB_LT_operator_space_research_asset_v1/03_CLASSIFICATION_STAGE/ppa_classification_team/05_obstruction_audit.md	390	390	6.3 有界集上一致拓扑中，有限迭代连续性也需要条件 LF390–390	scope-contract	** 首版维持 \(\mathbb R^d\)。	source-report	deferred	research/audit/UNIFORM_HOLDER_FULL_COVERAGE.md#uht-audit-source		逐断言保留原来源报告；本批只重建C180，未以来源证明要点或PASS转授其他数学状态	精确本单元：** 首版维持 \(\mathbb R^d\)。；核Hilbert尖峰族局部有限性、所有映射连续/有界集映有界及Tn²(en)完整计算；不同拓扑或均匀连续层需重证
UHT-OA-U0472	history/sources/次单调论文研究/分类集研究/RLEB_LT_operator_space_research_asset_v1/RLEB_LT_operator_space_research_asset_v1/03_CLASSIFICATION_STAGE/ppa_classification_team/05_obstruction_audit.md	390	390	6.3 有界集上一致拓扑中，有限迭代连续性也需要条件 LF390–390	scope-contract	Hilbert 版若用有界一致拓扑，至少单列有界集映为有界集、且在有界集上一致连续的映射层；	source-report	deferred	research/audit/UNIFORM_HOLDER_FULL_COVERAGE.md#uht-audit-source		逐断言保留原来源报告；本批只重建C180，未以来源证明要点或PASS转授其他数学状态	精确本单元：Hilbert 版若用有界一致拓扑，至少单列有界集映为有界集、且在有界集上一致连续的映射层；；核Hilbert尖峰族局部有限性、所有映射连续/有界集映有界及Tn²(en)完整计算；不同拓扑或均匀连续层需重证
UHT-OA-U0473	history/sources/次单调论文研究/分类集研究/RLEB_LT_operator_space_research_asset_v1/RLEB_LT_operator_space_research_asset_v1/03_CLASSIFICATION_STAGE/ppa_classification_team/05_obstruction_audit.md	390	390	6.3 有界集上一致拓扑中，有限迭代连续性也需要条件 LF390–390	scope-contract	再证明其完备性与复合连续性。	source-report	deferred	research/audit/UNIFORM_HOLDER_FULL_COVERAGE.md#uht-audit-source		逐断言保留原来源报告；本批只重建C180，未以来源证明要点或PASS转授其他数学状态	精确本单元：再证明其完备性与复合连续性。；核Hilbert尖峰族局部有限性、所有映射连续/有界集映有界及Tn²(en)完整计算；不同拓扑或均匀连续层需重证
UHT-OA-U0474	history/sources/次单调论文研究/分类集研究/RLEB_LT_operator_space_research_asset_v1/RLEB_LT_operator_space_research_asset_v1/03_CLASSIFICATION_STAGE/ppa_classification_team/05_obstruction_audit.md	390	390	6.3 有界集上一致拓扑中，有限迭代连续性也需要条件 LF390–390	scope-contract	若换弱拓扑或 compact-open，需另建整套表示和描述集合工具，不能从当前 PASS 继承。	source-report	deferred	research/audit/UNIFORM_HOLDER_FULL_COVERAGE.md#uht-audit-source		逐断言保留原来源报告；本批只重建C180，未以来源证明要点或PASS转授其他数学状态	精确本单元：若换弱拓扑或 compact-open，需另建整套表示和描述集合工具，不能从当前 PASS 继承。；核Hilbert尖峰族局部有限性、所有映射连续/有界集映有界及Tn²(en)完整计算；不同拓扑或均匀连续层需重证
UHT-OA-U0475	history/sources/次单调论文研究/分类集研究/RLEB_LT_operator_space_research_asset_v1/RLEB_LT_operator_space_research_asset_v1/03_CLASSIFICATION_STAGE/ppa_classification_team/05_obstruction_audit.md	391	391	6.3 有界集上一致拓扑中，有限迭代连续性也需要条件 LF391–391	organization	空行/排版分隔	nonmathematical	nonmathematical	research/audit/UNIFORM_HOLDER_FULL_COVERAGE.md#uht-audit-source		标题、空行、连接词或纯任务组织；不承担独立数学断言	无本单元数学义务；不关闭相邻数学或历史证据记录
UHT-OA-U0476	history/sources/次单调论文研究/分类集研究/RLEB_LT_operator_space_research_asset_v1/RLEB_LT_operator_space_research_asset_v1/03_CLASSIFICATION_STAGE/ppa_classification_team/05_obstruction_audit.md	392	392	7. 不依赖一个任意尾预算的比较口径 LF392–392	organization	## 7. 不依赖一个任意尾预算的比较口径	nonmathematical	nonmathematical	research/audit/UNIFORM_HOLDER_FULL_COVERAGE.md#uht-audit-source		标题、空行、连接词或纯任务组织；不承担独立数学断言	无本单元数学义务；不关闭相邻数学或历史证据记录
UHT-OA-U0477	history/sources/次单调论文研究/分类集研究/RLEB_LT_operator_space_research_asset_v1/RLEB_LT_operator_space_research_asset_v1/03_CLASSIFICATION_STAGE/ppa_classification_team/05_obstruction_audit.md	393	393	7. 不依赖一个任意尾预算的比较口径 LF393–393	organization	空行/排版分隔	nonmathematical	nonmathematical	research/audit/UNIFORM_HOLDER_FULL_COVERAGE.md#uht-audit-source		标题、空行、连接词或纯任务组织；不承担独立数学断言	无本单元数学义务；不关闭相邻数学或历史证据记录
UHT-OA-U0478	history/sources/次单调论文研究/分类集研究/RLEB_LT_operator_space_research_asset_v1/RLEB_LT_operator_space_research_asset_v1/03_CLASSIFICATION_STAGE/ppa_classification_team/05_obstruction_audit.md	394	394	7.1 推荐先冻结真正的母对象 LF394–394	organization	### 7.1 推荐先冻结真正的母对象	nonmathematical	nonmathematical	research/audit/UNIFORM_HOLDER_FULL_COVERAGE.md#uht-audit-source		标题、空行、连接词或纯任务组织；不承担独立数学断言	无本单元数学义务；不关闭相邻数学或历史证据记录
UHT-OA-U0479	history/sources/次单调论文研究/分类集研究/RLEB_LT_operator_space_research_asset_v1/RLEB_LT_operator_space_research_asset_v1/03_CLASSIFICATION_STAGE/ppa_classification_team/05_obstruction_audit.md	395	395	7.1 推荐先冻结真正的母对象 LF395–395	organization	空行/排版分隔	nonmathematical	nonmathematical	research/audit/UNIFORM_HOLDER_FULL_COVERAGE.md#uht-audit-source		标题、空行、连接词或纯任务组织；不承担独立数学断言	无本单元数学义务；不关闭相邻数学或历史证据记录
UHT-OA-U0480	history/sources/次单调论文研究/分类集研究/RLEB_LT_operator_space_research_asset_v1/RLEB_LT_operator_space_research_asset_v1/03_CLASSIFICATION_STAGE/ppa_classification_team/05_obstruction_audit.md	396	396	7.1 推荐先冻结真正的母对象 LF396–396	scope-contract	首先在固定可实现解几何、共同域及完整步长语义下，使用无速率的 \(\mathscr C_{\rm lu}\) 与其全时间拓扑；	source-report	deferred	research/audit/UNIFORM_HOLDER_FULL_COVERAGE.md#uht-audit-source		逐断言保留原来源报告；本批只重建C180，未以来源证明要点或PASS转授其他数学状态	精确本单元：首先在固定可实现解几何、共同域及完整步长语义下，使用无速率的 \(\mathscr C_{\rm lu}\) 与其全时间拓扑；；固定实际比较分母、完整步长与拓扑后分别证明绝对类别；同为第一纲不能推出严格包含、相对类别或覆盖排序
UHT-OA-U0481	history/sources/次单调论文研究/分类集研究/RLEB_LT_operator_space_research_asset_v1/RLEB_LT_operator_space_research_asset_v1/03_CLASSIFICATION_STAGE/ppa_classification_team/05_obstruction_audit.md	396	396	7.1 推荐先冻结真正的母对象 LF396–396	scope-contract	或使用更大的中立良定层。	source-report	deferred	research/audit/UNIFORM_HOLDER_FULL_COVERAGE.md#uht-audit-source		逐断言保留原来源报告；本批只重建C180，未以来源证明要点或PASS转授其他数学状态	精确本单元：或使用更大的中立良定层。；固定实际比较分母、完整步长与拓扑后分别证明绝对类别；同为第一纲不能推出严格包含、相对类别或覆盖排序
UHT-OA-U0482	history/sources/次单调论文研究/分类集研究/RLEB_LT_operator_space_research_asset_v1/RLEB_LT_operator_space_research_asset_v1/03_CLASSIFICATION_STAGE/ppa_classification_team/05_obstruction_audit.md	396	396	7.1 推荐先冻结真正的母对象 LF396–396	scope-contract	先回答 \(\mathscr R\)、\(\mathscr L\)、\(\mathscr R\setminus\mathscr L\) 在该空间中的绝对类别。	source-report	deferred	research/audit/UNIFORM_HOLDER_FULL_COVERAGE.md#uht-audit-source		逐断言保留原来源报告；本批只重建C180，未以来源证明要点或PASS转授其他数学状态	精确本单元：先回答 \(\mathscr R\)、\(\mathscr L\)、\(\mathscr R\setminus\mathscr L\) 在该空间中的绝对类别。；固定实际比较分母、完整步长与拓扑后分别证明绝对类别；同为第一纲不能推出严格包含、相对类别或覆盖排序
UHT-OA-U0483	history/sources/次单调论文研究/分类集研究/RLEB_LT_operator_space_research_asset_v1/RLEB_LT_operator_space_research_asset_v1/03_CLASSIFICATION_STAGE/ppa_classification_team/05_obstruction_audit.md	397	397	7.1 推荐先冻结真正的母对象 LF397–397	organization	空行/排版分隔	nonmathematical	nonmathematical	research/audit/UNIFORM_HOLDER_FULL_COVERAGE.md#uht-audit-source		标题、空行、连接词或纯任务组织；不承担独立数学断言	无本单元数学义务；不关闭相邻数学或历史证据记录
UHT-OA-U0484	history/sources/次单调论文研究/分类集研究/RLEB_LT_operator_space_research_asset_v1/RLEB_LT_operator_space_research_asset_v1/03_CLASSIFICATION_STAGE/ppa_classification_team/05_obstruction_audit.md	398	398	7.1 推荐先冻结真正的母对象 LF398–398 / conditional-comparison	mathematical-boundary	如果两类都第一纲，应直说这项尺度太粗，不能由此贬低任何理论；	derived-checked	rewritten	research/canonical/uniform_holder_thinness.md#uht-boundary	C180-v1	仅承接共同第一纲不能给严格包含、相对类别、覆盖排序的逻辑边界；具体证书类别另核	实际RLEB/LT包含或成员差异另依各自完整定义证明
UHT-OA-U0485	history/sources/次单调论文研究/分类集研究/RLEB_LT_operator_space_research_asset_v1/RLEB_LT_operator_space_research_asset_v1/03_CLASSIFICATION_STAGE/ppa_classification_team/05_obstruction_audit.md	398	398	7.1 推荐先冻结真正的母对象 LF398–398 / conditional-comparison	mathematical-boundary	RLEB 比 LT 具有严格更多成员，与其在最大中立类中余稀，是两个完全不同的命题。	derived-checked	rewritten	research/canonical/uniform_holder_thinness.md#uht-boundary	C180-v1	仅承接共同第一纲不能给严格包含、相对类别、覆盖排序的逻辑边界；具体证书类别另核	实际RLEB/LT包含或成员差异另依各自完整定义证明
UHT-OA-U0486	history/sources/次单调论文研究/分类集研究/RLEB_LT_operator_space_research_asset_v1/RLEB_LT_operator_space_research_asset_v1/03_CLASSIFICATION_STAGE/ppa_classification_team/05_obstruction_audit.md	399	399	7.1 推荐先冻结真正的母对象 LF399–399	organization	空行/排版分隔	nonmathematical	nonmathematical	research/audit/UNIFORM_HOLDER_FULL_COVERAGE.md#uht-audit-source		标题、空行、连接词或纯任务组织；不承担独立数学断言	无本单元数学义务；不关闭相邻数学或历史证据记录
UHT-OA-U0487	history/sources/次单调论文研究/分类集研究/RLEB_LT_operator_space_research_asset_v1/RLEB_LT_operator_space_research_asset_v1/03_CLASSIFICATION_STAGE/ppa_classification_team/05_obstruction_audit.md	400	400	7.1 推荐先冻结真正的母对象 LF400–400	object-definition	**这一警报在更大的中立良定层中确实发生。	derived-checked	rewritten	research/canonical/uniform_holder_thinness.md#uht-object	C180-v1	UH1–UH10独立补全局部闭球位移δ、凸混合μρ值域余量、cutoff、振幅和反三角尖点比较	仅明定非空exact-S一致母空间；不转授收敛、全时间或共同尾层
UHT-OA-U0488	history/sources/次单调论文研究/分类集研究/RLEB_LT_operator_space_research_asset_v1/RLEB_LT_operator_space_research_asset_v1/03_CLASSIFICATION_STAGE/ppa_classification_team/05_obstruction_audit.md	400	400	7.1 推荐先冻结真正的母对象 LF400–400	object-definition	** 若 \(K\) 为有内点的紧凸体，\(S\subsetneq K\) 闭，且 \(\operatorname{int}(K\setminus S)\ne\varnothing\)，考虑 exact \(S\) 的全部连续自映射层。	derived-checked	rewritten	research/canonical/uniform_holder_thinness.md#uht-object	C180-v1	UH1–UH10独立补全局部闭球位移δ、凸混合μρ值域余量、cutoff、振幅和反三角尖点比较	仅明定非空exact-S一致母空间；不转授收敛、全时间或共同尾层
UHT-OA-U0489	history/sources/次单调论文研究/分类集研究/RLEB_LT_operator_space_research_asset_v1/RLEB_LT_operator_space_research_asset_v1/03_CLASSIFICATION_STAGE/ppa_classification_team/05_obstruction_audit.md	400	400	7.1 推荐先冻结真正的母对象 LF400–400 / closed	mathematical-theorem	对固定 \(\alpha>0,M<\infty\)，在整个 \(K\) 上满足 \(M\)-Hölder-\(\alpha\) 的子类闭且无处稠密。	derived-checked	rewritten	research/canonical/uniform_holder_thinness.md#uht-closed	C180-v1	UH1–UH10独立补全局部闭球位移δ、凸混合μρ值域余量、cutoff、振幅和反三角尖点比较	仅明定非空exact-S一致母空间；不转授收敛、全时间或共同尾层
UHT-OA-U0490	history/sources/次单调论文研究/分类集研究/RLEB_LT_operator_space_research_asset_v1/RLEB_LT_operator_space_research_asset_v1/03_CLASSIFICATION_STAGE/ppa_classification_team/05_obstruction_audit.md	400	400	7.1 推荐先冻结真正的母对象 LF400–400 / nowhere-dense	mathematical-theorem	对固定 \(\alpha>0,M<\infty\)，在整个 \(K\) 上满足 \(M\)-Hölder-\(\alpha\) 的子类闭且无处稠密。	derived-checked	rewritten	research/canonical/uniform_holder_thinness.md#uht-cusp	C180-v1	UH1–UH10独立补全局部闭球位移δ、凸混合μρ值域余量、cutoff、振幅和反三角尖点比较	仅明定非空exact-S一致母空间；不转授收敛、全时间或共同尾层
UHT-OA-U0491	history/sources/次单调论文研究/分类集研究/RLEB_LT_operator_space_research_asset_v1/RLEB_LT_operator_space_research_asset_v1/03_CLASSIFICATION_STAGE/ppa_classification_team/05_obstruction_audit.md	401	401	7.1 推荐先冻结真正的母对象 LF401–401	organization	空行/排版分隔	nonmathematical	nonmathematical	research/audit/UNIFORM_HOLDER_FULL_COVERAGE.md#uht-audit-source		标题、空行、连接词或纯任务组织；不承担独立数学断言	无本单元数学义务；不关闭相邻数学或历史证据记录
UHT-OA-U0492	history/sources/次单调论文研究/分类集研究/RLEB_LT_operator_space_research_asset_v1/RLEB_LT_operator_space_research_asset_v1/03_CLASSIFICATION_STAGE/ppa_classification_team/05_obstruction_audit.md	402	402	7.1 推荐先冻结真正的母对象 LF402–402	mathematical-assertion	证明：给定该闭块中的 \(T\)，在某个离 \(S\) 正距离的小内球上，\(\|Tx-x\|\) 有正下界。	derived-checked	rewritten	research/canonical/uniform_holder_thinness.md#uht-cusp	C180-v1	UH1–UH10独立补全局部闭球位移δ、凸混合μρ值域余量、cutoff、振幅和反三角尖点比较	仅明定非空exact-S一致母空间；不转授收敛、全时间或共同尾层
UHT-OA-U0493	history/sources/次单调论文研究/分类集研究/RLEB_LT_operator_space_research_asset_v1/RLEB_LT_operator_space_research_asset_v1/03_CLASSIFICATION_STAGE/ppa_classification_team/05_obstruction_audit.md	402	402	7.1 推荐先冻结真正的母对象 LF402–402	mathematical-assertion	用很小的局部凸混合将该球的输出推入 \(K\) 的内部	derived-checked	rewritten	research/canonical/uniform_holder_thinness.md#uht-cusp	C180-v1	UH1–UH10独立补全局部闭球位移δ、凸混合μρ值域余量、cutoff、振幅和反三角尖点比较	仅明定非空exact-S一致母空间；不转授收敛、全时间或共同尾层
UHT-OA-U0494	history/sources/次单调论文研究/分类集研究/RLEB_LT_operator_space_research_asset_v1/RLEB_LT_operator_space_research_asset_v1/03_CLASSIFICATION_STAGE/ppa_classification_team/05_obstruction_audit.md	402	402	7.1 推荐先冻结真正的母对象 LF402–402	mathematical-assertion	，扰动小于此位移下界的一半	derived-checked	rewritten	research/canonical/uniform_holder_thinness.md#uht-cusp	C180-v1	UH1–UH10独立补全局部闭球位移δ、凸混合μρ值域余量、cutoff、振幅和反三角尖点比较	仅明定非空exact-S一致母空间；不转授收敛、全时间或共同尾层
UHT-OA-U0495	history/sources/次单调论文研究/分类集研究/RLEB_LT_operator_space_research_asset_v1/RLEB_LT_operator_space_research_asset_v1/03_CLASSIFICATION_STAGE/ppa_classification_team/05_obstruction_audit.md	402	402	7.1 推荐先冻结真正的母对象 LF402–402	mathematical-assertion	，故不新增固定点；	derived-checked	rewritten	research/canonical/uniform_holder_thinness.md#uht-cusp	C180-v1	UH1–UH10独立补全局部闭球位移δ、凸混合μρ值域余量、cutoff、振幅和反三角尖点比较	仅明定非空exact-S一致母空间；不转授收敛、全时间或共同尾层
UHT-OA-U0496	history/sources/次单调论文研究/分类集研究/RLEB_LT_operator_space_research_asset_v1/RLEB_LT_operator_space_research_asset_v1/03_CLASSIFICATION_STAGE/ppa_classification_team/05_obstruction_audit.md	402	402	7.1 推荐先冻结真正的母对象 LF402–402	mathematical-assertion	在更小球内加入幅度任意小、指数 \(0<\beta<\alpha\) 的 cusp。	derived-checked	rewritten	research/canonical/uniform_holder_thinness.md#uht-cusp	C180-v1	UH1–UH10独立补全局部闭球位移δ、凸混合μρ值域余量、cutoff、振幅和反三角尖点比较	仅明定非空exact-S一致母空间；不转授收敛、全时间或共同尾层
UHT-OA-U0497	history/sources/次单调论文研究/分类集研究/RLEB_LT_operator_space_research_asset_v1/RLEB_LT_operator_space_research_asset_v1/03_CLASSIFICATION_STAGE/ppa_classification_team/05_obstruction_audit.md	402	402	7.1 推荐先冻结真正的母对象 LF402–402	mathematical-assertion	原 \(\alpha\)-Hölder 增量为 \(O(|t|^\alpha)\)	derived-checked	rewritten	research/canonical/uniform_holder_thinness.md#uht-cusp	C180-v1	UH1–UH10独立补全局部闭球位移δ、凸混合μρ值域余量、cutoff、振幅和反三角尖点比较	仅明定非空exact-S一致母空间；不转授收敛、全时间或共同尾层
UHT-OA-U0498	history/sources/次单调论文研究/分类集研究/RLEB_LT_operator_space_research_asset_v1/RLEB_LT_operator_space_research_asset_v1/03_CLASSIFICATION_STAGE/ppa_classification_team/05_obstruction_audit.md	402	402	7.1 推荐先冻结真正的母对象 LF402–402	mathematical-assertion	，新主项为常数乘 \(|t|^\beta\)	derived-checked	rewritten	research/canonical/uniform_holder_thinness.md#uht-cusp	C180-v1	UH1–UH10独立补全局部闭球位移δ、凸混合μρ值域余量、cutoff、振幅和反三角尖点比较	仅明定非空exact-S一致母空间；不转授收敛、全时间或共同尾层
UHT-OA-U0499	history/sources/次单调论文研究/分类集研究/RLEB_LT_operator_space_research_asset_v1/RLEB_LT_operator_space_research_asset_v1/03_CLASSIFICATION_STAGE/ppa_classification_team/05_obstruction_audit.md	402	402	7.1 推荐先冻结真正的母对象 LF402–402	mathematical-assertion	，所以打破固定 \(\alpha\) 预算	derived-checked	rewritten	research/canonical/uniform_holder_thinness.md#uht-cusp	C180-v1	UH1–UH10独立补全局部闭球位移δ、凸混合μρ值域余量、cutoff、振幅和反三角尖点比较	仅明定非空exact-S一致母空间；不转授收敛、全时间或共同尾层
UHT-OA-U0500	history/sources/次单调论文研究/分类集研究/RLEB_LT_operator_space_research_asset_v1/RLEB_LT_operator_space_research_asset_v1/03_CLASSIFICATION_STAGE/ppa_classification_team/05_obstruction_audit.md	402	402	7.1 推荐先冻结真正的母对象 LF402–402	mathematical-assertion	，同时仍为合法连续 exact-\(S\) 自映射。	derived-checked	rewritten	research/canonical/uniform_holder_thinness.md#uht-cusp	C180-v1	UH1–UH10独立补全局部闭球位移δ、凸混合μρ值域余量、cutoff、振幅和反三角尖点比较	仅明定非空exact-S一致母空间；不转授收敛、全时间或共同尾层
UHT-OA-U0501	history/sources/次单调论文研究/分类集研究/RLEB_LT_operator_space_research_asset_v1/RLEB_LT_operator_space_research_asset_v1/03_CLASSIFICATION_STAGE/ppa_classification_team/05_obstruction_audit.md	402	402	7.1 推荐先冻结真正的母对象 LF402–402	mathematical-assertion	值域由预留的内点余量保障。	derived-checked	rewritten	research/canonical/uniform_holder_thinness.md#uht-cusp	C180-v1	UH1–UH10独立补全局部闭球位移δ、凸混合μρ值域余量、cutoff、振幅和反三角尖点比较	仅明定非空exact-S一致母空间；不转授收敛、全时间或共同尾层
UHT-OA-U0502	history/sources/次单调论文研究/分类集研究/RLEB_LT_operator_space_research_asset_v1/RLEB_LT_operator_space_research_asset_v1/03_CLASSIFICATION_STAGE/ppa_classification_team/05_obstruction_audit.md	403	403	7.1 推荐先冻结真正的母对象 LF403–403	organization	空行/排版分隔	nonmathematical	nonmathematical	research/audit/UNIFORM_HOLDER_FULL_COVERAGE.md#uht-audit-source		标题、空行、连接词或纯任务组织；不承担独立数学断言	无本单元数学义务；不关闭相邻数学或历史证据记录
UHT-OA-U0503	history/sources/次单调论文研究/分类集研究/RLEB_LT_operator_space_research_asset_v1/RLEB_LT_operator_space_research_asset_v1/03_CLASSIFICATION_STAGE/ppa_classification_team/05_obstruction_audit.md	404	404	7.1 推荐先冻结真正的母对象 LF404–404 / holder-union	mathematical-consequence	可数化指数与常数后，所有正指数 Hölder 映射、从而该固定工作域上的 RLEB 与 LT，都在这个无标签良定层中第一纲。	derived-checked	rewritten	research/canonical/uniform_holder_thinness.md#uht-countable	C180-v1	只承接本句正Hölder并类部分；UH11用1/m,n及D^(α−1/m)系数独立可数耗尽	同一句中的具体RLEB/LT包含另列独立certificate-interface记录，不由本记录认证
UHT-OA-U0504	history/sources/次单调论文研究/分类集研究/RLEB_LT_operator_space_research_asset_v1/RLEB_LT_operator_space_research_asset_v1/03_CLASSIFICATION_STAGE/ppa_classification_team/05_obstruction_audit.md	404	404	7.1 推荐先冻结真正的母对象 LF404–404 / certificate-interface	certificate-interface	可数化指数与常数后，所有正指数 Hölder 映射、从而该固定工作域上的 RLEB 与 LT，都在这个无标签良定层中第一纲。	source-report	deferred	research/canonical/uniform_holder_thinness.md#uht-boundary		源句包含具体理论认证推论；C180仅给条件性的认证类⊂H+接口，不补源句未展开定义	UH12–UH14已直接证明明定反射模/能量类的正Hölder包含；仍须核本来源具体RLEB/LT认证定义及其同对象同全域接口，不以理论名称代替该身份门
UHT-OA-U0505	history/sources/次单调论文研究/分类集研究/RLEB_LT_operator_space_research_asset_v1/RLEB_LT_operator_space_research_asset_v1/03_CLASSIFICATION_STAGE/ppa_classification_team/05_obstruction_audit.md	404	404	7.1 推荐先冻结真正的母对象 LF404–404 / no-tail-transfer	mathematical-boundary	此结论**不**向收敛/共同尾子层自动下传，因为上述局部修改未保轨道尾；	derived-checked	rewritten	research/canonical/uniform_holder_thinness.md#uht-boundary	C180-v1	C180明示局部构造只保持单步一致距；K=[−1,1],S={0},e_n=0(n≥1)单点尾层直接反驳自动下传	未计算全部无速率收敛层类别，亦不宣称局部扰动保全时间距离
UHT-OA-U0506	history/sources/次单调论文研究/分类集研究/RLEB_LT_operator_space_research_asset_v1/RLEB_LT_operator_space_research_asset_v1/03_CLASSIFICATION_STAGE/ppa_classification_team/05_obstruction_audit.md	404	404	7.1 推荐先冻结真正的母对象 LF404–404 / no-tail-transfer	mathematical-boundary	它恰说明最大母层和动力学后置层必须分别作答。	derived-checked	rewritten	research/canonical/uniform_holder_thinness.md#uht-boundary	C180-v1	C180明示局部构造只保持单步一致距；K=[−1,1],S={0},e_n=0(n≥1)单点尾层直接反驳自动下传	未计算全部无速率收敛层类别，亦不宣称局部扰动保全时间距离
UHT-OA-U0507	history/sources/次单调论文研究/分类集研究/RLEB_LT_operator_space_research_asset_v1/RLEB_LT_operator_space_research_asset_v1/03_CLASSIFICATION_STAGE/ppa_classification_team/05_obstruction_audit.md	405	405	7.1 推荐先冻结真正的母对象 LF405–405	organization	空行/排版分隔	nonmathematical	nonmathematical	research/audit/UNIFORM_HOLDER_FULL_COVERAGE.md#uht-audit-source		标题、空行、连接词或纯任务组织；不承担独立数学断言	无本单元数学义务；不关闭相邻数学或历史证据记录
UHT-OA-U0508	history/sources/次单调论文研究/分类集研究/RLEB_LT_operator_space_research_asset_v1/RLEB_LT_operator_space_research_asset_v1/03_CLASSIFICATION_STAGE/ppa_classification_team/05_obstruction_audit.md	406	406	7.2 用内生规范尾作坐标，不数尾证书标签 LF406–406	organization	### 7.2 用内生规范尾作坐标，不数尾证书标签	nonmathematical	nonmathematical	research/audit/UNIFORM_HOLDER_FULL_COVERAGE.md#uht-audit-source		标题、空行、连接词或纯任务组织；不承担独立数学断言	无本单元数学义务；不关闭相邻数学或历史证据记录
UHT-OA-U0509	history/sources/次单调论文研究/分类集研究/RLEB_LT_operator_space_research_asset_v1/RLEB_LT_operator_space_research_asset_v1/03_CLASSIFICATION_STAGE/ppa_classification_team/05_obstruction_audit.md	407	407	7.2 用内生规范尾作坐标，不数尾证书标签 LF407–407	organization	空行/排版分隔	nonmathematical	nonmathematical	research/audit/UNIFORM_HOLDER_FULL_COVERAGE.md#uht-audit-source		标题、空行、连接词或纯任务组织；不承担独立数学断言	无本单元数学义务；不关闭相邻数学或历史证据记录
UHT-OA-U0510	history/sources/次单调论文研究/分类集研究/RLEB_LT_operator_space_research_asset_v1/RLEB_LT_operator_space_research_asset_v1/03_CLASSIFICATION_STAGE/ppa_classification_team/05_obstruction_audit.md	408	408	7.2 用内生规范尾作坐标，不数尾证书标签 LF408–408	mathematical-assertion	在紧初值域定义	source-report	deferred	research/audit/UNIFORM_HOLDER_FULL_COVERAGE.md#uht-audit-source		逐断言保留原来源报告；本批只重建C180，未以来源证明要点或PASS转授其他数学状态	精确本单元：在紧初值域定义；核无速率一致收敛层中的实际尾w定义、趋零、2ddyn Lipschitz和非增e的精确切片等价；任意连续T的w未必趋零
UHT-OA-U0511	history/sources/次单调论文研究/分类集研究/RLEB_LT_operator_space_research_asset_v1/RLEB_LT_operator_space_research_asset_v1/03_CLASSIFICATION_STAGE/ppa_classification_team/05_obstruction_audit.md	409	409	7.2 用内生规范尾作坐标，不数尾证书标签 LF409–409	organization	空行/排版分隔	nonmathematical	nonmathematical	research/audit/UNIFORM_HOLDER_FULL_COVERAGE.md#uht-audit-source		标题、空行、连接词或纯任务组织；不承担独立数学断言	无本单元数学义务；不关闭相邻数学或历史证据记录
UHT-OA-U0512	history/sources/次单调论文研究/分类集研究/RLEB_LT_operator_space_research_asset_v1/RLEB_LT_operator_space_research_asset_v1/03_CLASSIFICATION_STAGE/ppa_classification_team/05_obstruction_audit.md	410	416	7.2 用内生规范尾作坐标，不数尾证书标签 LF410–416	display-formula	"\[
w_n(T)=\max\left\{
\sup_{k,\ell\ge n}\|T^k-T^\ell\|_K,
\sup_{k\ge n}\|d(T^k\cdot,S)\|_K
\right\}.
\tag{7.1}
\]"	source-report	deferred	research/audit/UNIFORM_HOLDER_FULL_COVERAGE.md#uht-audit-source		逐断言保留原来源报告；本批只重建C180，未以来源证明要点或PASS转授其他数学状态	精确本单元：\[ w_n(T)=\max\left\{ \sup_{k,\ell\ge n}\|T^k-T^\ell\|_K, \sup_{k\ge n}\|d(T^k\cdot,S)\|_K \right\}. \tag{7.1} \]；核无速率一致收敛层中的实际尾w定义、趋零、2ddyn Lipschitz和非增e的精确切片等价；任意连续T的w未必趋零
UHT-OA-U0513	history/sources/次单调论文研究/分类集研究/RLEB_LT_operator_space_research_asset_v1/RLEB_LT_operator_space_research_asset_v1/03_CLASSIFICATION_STAGE/ppa_classification_team/05_obstruction_audit.md	417	417	7.2 用内生规范尾作坐标，不数尾证书标签 LF417–417	organization	空行/排版分隔	nonmathematical	nonmathematical	research/audit/UNIFORM_HOLDER_FULL_COVERAGE.md#uht-audit-source		标题、空行、连接词或纯任务组织；不承担独立数学断言	无本单元数学义务；不关闭相邻数学或历史证据记录
UHT-OA-U0514	history/sources/次单调论文研究/分类集研究/RLEB_LT_operator_space_research_asset_v1/RLEB_LT_operator_space_research_asset_v1/03_CLASSIFICATION_STAGE/ppa_classification_team/05_obstruction_audit.md	418	418	7.2 用内生规范尾作坐标，不数尾证书标签 LF418–418	mathematical-assertion	它单调趋零	source-report	deferred	research/audit/UNIFORM_HOLDER_FULL_COVERAGE.md#uht-audit-source		逐断言保留原来源报告；本批只重建C180，未以来源证明要点或PASS转授其他数学状态	精确本单元：它单调趋零；核无速率一致收敛层中的实际尾w定义、趋零、2ddyn Lipschitz和非增e的精确切片等价；任意连续T的w未必趋零
UHT-OA-U0515	history/sources/次单调论文研究/分类集研究/RLEB_LT_operator_space_research_asset_v1/RLEB_LT_operator_space_research_asset_v1/03_CLASSIFICATION_STAGE/ppa_classification_team/05_obstruction_audit.md	418	418	7.2 用内生规范尾作坐标，不数尾证书标签 LF418–418	mathematical-assertion	，由 \(T\) 唯一决定	source-report	deferred	research/audit/UNIFORM_HOLDER_FULL_COVERAGE.md#uht-audit-source		逐断言保留原来源报告；本批只重建C180，未以来源证明要点或PASS转授其他数学状态	精确本单元：，由 \(T\) 唯一决定；核无速率一致收敛层中的实际尾w定义、趋零、2ddyn Lipschitz和非增e的精确切片等价；任意连续T的w未必趋零
UHT-OA-U0516	history/sources/次单调论文研究/分类集研究/RLEB_LT_operator_space_research_asset_v1/RLEB_LT_operator_space_research_asset_v1/03_CLASSIFICATION_STAGE/ppa_classification_team/05_obstruction_audit.md	418	418	7.2 用内生规范尾作坐标，不数尾证书标签 LF418–418	mathematical-assertion	，并满足	source-report	deferred	research/audit/UNIFORM_HOLDER_FULL_COVERAGE.md#uht-audit-source		逐断言保留原来源报告；本批只重建C180，未以来源证明要点或PASS转授其他数学状态	精确本单元：，并满足；核无速率一致收敛层中的实际尾w定义、趋零、2ddyn Lipschitz和非增e的精确切片等价；任意连续T的w未必趋零
UHT-OA-U0517	history/sources/次单调论文研究/分类集研究/RLEB_LT_operator_space_research_asset_v1/RLEB_LT_operator_space_research_asset_v1/03_CLASSIFICATION_STAGE/ppa_classification_team/05_obstruction_audit.md	419	419	7.2 用内生规范尾作坐标，不数尾证书标签 LF419–419	organization	空行/排版分隔	nonmathematical	nonmathematical	research/audit/UNIFORM_HOLDER_FULL_COVERAGE.md#uht-audit-source		标题、空行、连接词或纯任务组织；不承担独立数学断言	无本单元数学义务；不关闭相邻数学或历史证据记录
UHT-OA-U0518	history/sources/次单调论文研究/分类集研究/RLEB_LT_operator_space_research_asset_v1/RLEB_LT_operator_space_research_asset_v1/03_CLASSIFICATION_STAGE/ppa_classification_team/05_obstruction_audit.md	420	423	7.2 用内生规范尾作坐标，不数尾证书标签 LF420–423	display-formula	"\[
\|w(T)-w(U)\|_{\ell^\infty}\le2d_{\rm dyn}(T,U).
\tag{7.2}
\]"	source-report	deferred	research/audit/UNIFORM_HOLDER_FULL_COVERAGE.md#uht-audit-source		逐断言保留原来源报告；本批只重建C180，未以来源证明要点或PASS转授其他数学状态	精确本单元：\[ \|w(T)-w(U)\|_{\ell^\infty}\le2d_{\rm dyn}(T,U). \tag{7.2} \]；核无速率一致收敛层中的实际尾w定义、趋零、2ddyn Lipschitz和非增e的精确切片等价；任意连续T的w未必趋零
UHT-OA-U0519	history/sources/次单调论文研究/分类集研究/RLEB_LT_operator_space_research_asset_v1/RLEB_LT_operator_space_research_asset_v1/03_CLASSIFICATION_STAGE/ppa_classification_team/05_obstruction_audit.md	424	424	7.2 用内生规范尾作坐标，不数尾证书标签 LF424–424	organization	空行/排版分隔	nonmathematical	nonmathematical	research/audit/UNIFORM_HOLDER_FULL_COVERAGE.md#uht-audit-source		标题、空行、连接词或纯任务组织；不承担独立数学断言	无本单元数学义务；不关闭相邻数学或历史证据记录
UHT-OA-U0520	history/sources/次单调论文研究/分类集研究/RLEB_LT_operator_space_research_asset_v1/RLEB_LT_operator_space_research_asset_v1/03_CLASSIFICATION_STAGE/ppa_classification_team/05_obstruction_audit.md	425	425	7.2 用内生规范尾作坐标，不数尾证书标签 LF425–425	mathematical-assertion	因此 \(T\mapsto w(T)\in c_0\) 是连续的内生坐标，不重复计算一个算子的多个上界标签。	source-report	deferred	research/audit/UNIFORM_HOLDER_FULL_COVERAGE.md#uht-audit-source		逐断言保留原来源报告；本批只重建C180，未以来源证明要点或PASS转授其他数学状态	精确本单元：因此 \(T\mapsto w(T)\in c_0\) 是连续的内生坐标，不重复计算一个算子的多个上界标签。；核无速率一致收敛层中的实际尾w定义、趋零、2ddyn Lipschitz和非增e的精确切片等价；任意连续T的w未必趋零
UHT-OA-U0521	history/sources/次单调论文研究/分类集研究/RLEB_LT_operator_space_research_asset_v1/RLEB_LT_operator_space_research_asset_v1/03_CLASSIFICATION_STAGE/ppa_classification_team/05_obstruction_audit.md	425	425	7.2 用内生规范尾作坐标，不数尾证书标签 LF425–425	mathematical-assertion	尾预算层只是 \(w(T)\le e\) 的后置闭切片。	source-report	deferred	research/audit/UNIFORM_HOLDER_FULL_COVERAGE.md#uht-audit-source		逐断言保留原来源报告；本批只重建C180，未以来源证明要点或PASS转授其他数学状态	精确本单元：尾预算层只是 \(w(T)\le e\) 的后置闭切片。；核无速率一致收敛层中的实际尾w定义、趋零、2ddyn Lipschitz和非增e的精确切片等价；任意连续T的w未必趋零
UHT-OA-U0522	history/sources/次单调论文研究/分类集研究/RLEB_LT_operator_space_research_asset_v1/RLEB_LT_operator_space_research_asset_v1/03_CLASSIFICATION_STAGE/ppa_classification_team/05_obstruction_audit.md	426	426	7.2 用内生规范尾作坐标，不数尾证书标签 LF426–426	organization	空行/排版分隔	nonmathematical	nonmathematical	research/audit/UNIFORM_HOLDER_FULL_COVERAGE.md#uht-audit-source		标题、空行、连接词或纯任务组织；不承担独立数学断言	无本单元数学义务；不关闭相邻数学或历史证据记录
UHT-OA-U0523	history/sources/次单调论文研究/分类集研究/RLEB_LT_operator_space_research_asset_v1/RLEB_LT_operator_space_research_asset_v1/03_CLASSIFICATION_STAGE/ppa_classification_team/05_obstruction_audit.md	427	427	7.2 用内生规范尾作坐标，不数尾证书标签 LF427–427	mathematical-assertion	对本报告使用的非增预算 \(e\)，这与蓝图的 \(\mathscr E_e\) **恰好等价**。	source-report	deferred	research/audit/UNIFORM_HOLDER_FULL_COVERAGE.md#uht-audit-source		逐断言保留原来源报告；本批只重建C180，未以来源证明要点或PASS转授其他数学状态	精确本单元：对本报告使用的非增预算 \(e\)，这与蓝图的 \(\mathscr E_e\) **恰好等价**。；核无速率一致收敛层中的实际尾w定义、趋零、2ddyn Lipschitz和非增e的精确切片等价；任意连续T的w未必趋零
UHT-OA-U0524	history/sources/次单调论文研究/分类集研究/RLEB_LT_operator_space_research_asset_v1/RLEB_LT_operator_space_research_asset_v1/03_CLASSIFICATION_STAGE/ppa_classification_team/05_obstruction_audit.md	427	427	7.2 用内生规范尾作坐标，不数尾证书标签 LF427–427	mathematical-assertion	若 \(k,\ell\ge n\)	source-report	deferred	research/audit/UNIFORM_HOLDER_FULL_COVERAGE.md#uht-audit-source		逐断言保留原来源报告；本批只重建C180，未以来源证明要点或PASS转授其他数学状态	精确本单元：若 \(k,\ell\ge n\)；核无速率一致收敛层中的实际尾w定义、趋零、2ddyn Lipschitz和非增e的精确切片等价；任意连续T的w未必趋零
UHT-OA-U0525	history/sources/次单调论文研究/分类集研究/RLEB_LT_operator_space_research_asset_v1/RLEB_LT_operator_space_research_asset_v1/03_CLASSIFICATION_STAGE/ppa_classification_team/05_obstruction_audit.md	427	427	7.2 用内生规范尾作坐标，不数尾证书标签 LF427–427	mathematical-assertion	，不妨 \(k\ge\ell\)	source-report	deferred	research/audit/UNIFORM_HOLDER_FULL_COVERAGE.md#uht-audit-source		逐断言保留原来源报告；本批只重建C180，未以来源证明要点或PASS转授其他数学状态	精确本单元：，不妨 \(k\ge\ell\)；核无速率一致收敛层中的实际尾w定义、趋零、2ddyn Lipschitz和非增e的精确切片等价；任意连续T的w未必趋零
UHT-OA-U0526	history/sources/次单调论文研究/分类集研究/RLEB_LT_operator_space_research_asset_v1/RLEB_LT_operator_space_research_asset_v1/03_CLASSIFICATION_STAGE/ppa_classification_team/05_obstruction_audit.md	427	427	7.2 用内生规范尾作坐标，不数尾证书标签 LF427–427	mathematical-assertion	，则原定义给 \(\|T^k-T^\ell\|\le e_\ell\le e_n\)；	source-report	deferred	research/audit/UNIFORM_HOLDER_FULL_COVERAGE.md#uht-audit-source		逐断言保留原来源报告；本批只重建C180，未以来源证明要点或PASS转授其他数学状态	精确本单元：，则原定义给 \(\|T^k-T^\ell\|\le e_\ell\le e_n\)；；核无速率一致收敛层中的实际尾w定义、趋零、2ddyn Lipschitz和非增e的精确切片等价；任意连续T的w未必趋零
UHT-OA-U0527	history/sources/次单调论文研究/分类集研究/RLEB_LT_operator_space_research_asset_v1/RLEB_LT_operator_space_research_asset_v1/03_CLASSIFICATION_STAGE/ppa_classification_team/05_obstruction_audit.md	427	427	7.2 用内生规范尾作坐标，不数尾证书标签 LF427–427	mathematical-assertion	距离项同理。	source-report	deferred	research/audit/UNIFORM_HOLDER_FULL_COVERAGE.md#uht-audit-source		逐断言保留原来源报告；本批只重建C180，未以来源证明要点或PASS转授其他数学状态	精确本单元：距离项同理。；核无速率一致收敛层中的实际尾w定义、趋零、2ddyn Lipschitz和非增e的精确切片等价；任意连续T的w未必趋零
UHT-OA-U0528	history/sources/次单调论文研究/分类集研究/RLEB_LT_operator_space_research_asset_v1/RLEB_LT_operator_space_research_asset_v1/03_CLASSIFICATION_STAGE/ppa_classification_team/05_obstruction_audit.md	427	427	7.2 用内生规范尾作坐标，不数尾证书标签 LF427–427	mathematical-assertion	反向取 \(\ell=n\) 即可。	source-report	deferred	research/audit/UNIFORM_HOLDER_FULL_COVERAGE.md#uht-audit-source		逐断言保留原来源报告；本批只重建C180，未以来源证明要点或PASS转授其他数学状态	精确本单元：反向取 \(\ell=n\) 即可。；核无速率一致收敛层中的实际尾w定义、趋零、2ddyn Lipschitz和非增e的精确切片等价；任意连续T的w未必趋零
UHT-OA-U0529	history/sources/次单调论文研究/分类集研究/RLEB_LT_operator_space_research_asset_v1/RLEB_LT_operator_space_research_asset_v1/03_CLASSIFICATION_STAGE/ppa_classification_team/05_obstruction_audit.md	427	427	7.2 用内生规范尾作坐标，不数尾证书标签 LF427–427	mathematical-assertion	这里正是预算的单调性消除了额外常数。	source-report	deferred	research/audit/UNIFORM_HOLDER_FULL_COVERAGE.md#uht-audit-source		逐断言保留原来源报告；本批只重建C180，未以来源证明要点或PASS转授其他数学状态	精确本单元：这里正是预算的单调性消除了额外常数。；核无速率一致收敛层中的实际尾w定义、趋零、2ddyn Lipschitz和非增e的精确切片等价；任意连续T的w未必趋零
UHT-OA-U0530	history/sources/次单调论文研究/分类集研究/RLEB_LT_operator_space_research_asset_v1/RLEB_LT_operator_space_research_asset_v1/03_CLASSIFICATION_STAGE/ppa_classification_team/05_obstruction_audit.md	428	428	7.2 用内生规范尾作坐标，不数尾证书标签 LF428–428	organization	空行/排版分隔	nonmathematical	nonmathematical	research/audit/UNIFORM_HOLDER_FULL_COVERAGE.md#uht-audit-source		标题、空行、连接词或纯任务组织；不承担独立数学断言	无本单元数学义务；不关闭相邻数学或历史证据记录
UHT-OA-U0531	history/sources/次单调论文研究/分类集研究/RLEB_LT_operator_space_research_asset_v1/RLEB_LT_operator_space_research_asset_v1/03_CLASSIFICATION_STAGE/ppa_classification_team/05_obstruction_audit.md	429	429	7.3 层族结论必须带跨层桥 LF429–429	organization	### 7.3 层族结论必须带跨层桥	nonmathematical	nonmathematical	research/audit/UNIFORM_HOLDER_FULL_COVERAGE.md#uht-audit-source		标题、空行、连接词或纯任务组织；不承担独立数学断言	无本单元数学义务；不关闭相邻数学或历史证据记录
UHT-OA-U0532	history/sources/次单调论文研究/分类集研究/RLEB_LT_operator_space_research_asset_v1/RLEB_LT_operator_space_research_asset_v1/03_CLASSIFICATION_STAGE/ppa_classification_team/05_obstruction_audit.md	430	430	7.3 层族结论必须带跨层桥 LF430–430	organization	空行/排版分隔	nonmathematical	nonmathematical	research/audit/UNIFORM_HOLDER_FULL_COVERAGE.md#uht-audit-source		标题、空行、连接词或纯任务组织；不承担独立数学断言	无本单元数学义务；不关闭相邻数学或历史证据记录
UHT-OA-U0533	history/sources/次单调论文研究/分类集研究/RLEB_LT_operator_space_research_asset_v1/RLEB_LT_operator_space_research_asset_v1/03_CLASSIFICATION_STAGE/ppa_classification_team/05_obstruction_audit.md	431	431	7.3 层族结论必须带跨层桥 LF431–431	scope-contract	一个有内容且比单层断言稳健的目标是：在事先确定的、包含所有所需实际尾的尺度族上，证明结论在预算放宽、时间有限平移和常数倍变换下保持，并明确其相对开块如何嵌入更大层。	source-report	deferred	research/audit/UNIFORM_HOLDER_FULL_COVERAGE.md#uht-audit-source		逐断言保留原来源报告；本批只重建C180，未以来源证明要点或PASS转授其他数学状态	精确本单元：一个有内容且比单层断言稳健的目标是：在事先确定的、包含所有所需实际尾的尺度族上，证明结论在预算放宽、时间有限平移和常数倍变换下保持，并明确其相对开块如何嵌入更大层。；对声明母层/预算层证明实际开放或范畴保持映射或饱和逆像；连续包含及标签遗忘投影不单独保纲
UHT-OA-U0534	history/sources/次单调论文研究/分类集研究/RLEB_LT_operator_space_research_asset_v1/RLEB_LT_operator_space_research_asset_v1/03_CLASSIFICATION_STAGE/ppa_classification_team/05_obstruction_audit.md	432	432	7.3 层族结论必须带跨层桥 LF432–432	organization	空行/排版分隔	nonmathematical	nonmathematical	research/audit/UNIFORM_HOLDER_FULL_COVERAGE.md#uht-audit-source		标题、空行、连接词或纯任务组织；不承担独立数学断言	无本单元数学义务；不关闭相邻数学或历史证据记录
UHT-OA-U0535	history/sources/次单调论文研究/分类集研究/RLEB_LT_operator_space_research_asset_v1/RLEB_LT_operator_space_research_asset_v1/03_CLASSIFICATION_STAGE/ppa_classification_team/05_obstruction_audit.md	433	433	7.3 层族结论必须带跨层桥 LF433–433	scope-contract	仅有连续包含 \(\mathscr E_e\hookrightarrow\mathscr E_{e'}\)（\(e\le e'\)）不保持类别。	source-report	deferred	research/audit/UNIFORM_HOLDER_FULL_COVERAGE.md#uht-audit-source		逐断言保留原来源报告；本批只重建C180，未以来源证明要点或PASS转授其他数学状态	精确本单元：仅有连续包含 \(\mathscr E_e\hookrightarrow\mathscr E_{e'}\)（\(e\le e'\)）不保持类别。；对声明母层/预算层证明实际开放或范畴保持映射或饱和逆像；连续包含及标签遗忘投影不单独保纲
UHT-OA-U0536	history/sources/次单调论文研究/分类集研究/RLEB_LT_operator_space_research_asset_v1/RLEB_LT_operator_space_research_asset_v1/03_CLASSIFICATION_STAGE/ppa_classification_team/05_obstruction_audit.md	433	433	7.3 层族结论必须带跨层桥 LF433–433	scope-contract	较小层可能是较大层中的无处稠密集。	source-report	deferred	research/audit/UNIFORM_HOLDER_FULL_COVERAGE.md#uht-audit-source		逐断言保留原来源报告；本批只重建C180，未以来源证明要点或PASS转授其他数学状态	精确本单元：较小层可能是较大层中的无处稠密集。；对声明母层/预算层证明实际开放或范畴保持映射或饱和逆像；连续包含及标签遗忘投影不单独保纲
UHT-OA-U0537	history/sources/次单调论文研究/分类集研究/RLEB_LT_operator_space_research_asset_v1/RLEB_LT_operator_space_research_asset_v1/03_CLASSIFICATION_STAGE/ppa_classification_team/05_obstruction_audit.md	433	433	7.3 层族结论必须带跨层桥 LF433–433	scope-contract	需要实际的开放/范畴保持映射、饱和逆像定理	source-report	deferred	research/audit/UNIFORM_HOLDER_FULL_COVERAGE.md#uht-audit-source		逐断言保留原来源报告；本批只重建C180，未以来源证明要点或PASS转授其他数学状态	精确本单元：需要实际的开放/范畴保持映射、饱和逆像定理；对声明母层/预算层证明实际开放或范畴保持映射或饱和逆像；连续包含及标签遗忘投影不单独保纲
UHT-OA-U0538	history/sources/次单调论文研究/分类集研究/RLEB_LT_operator_space_research_asset_v1/RLEB_LT_operator_space_research_asset_v1/03_CLASSIFICATION_STAGE/ppa_classification_team/05_obstruction_audit.md	433	433	7.3 层族结论必须带跨层桥 LF433–433	scope-contract	，或直接在更大层重做稠密性证明。	source-report	deferred	research/audit/UNIFORM_HOLDER_FULL_COVERAGE.md#uht-audit-source		逐断言保留原来源报告；本批只重建C180，未以来源证明要点或PASS转授其他数学状态	精确本单元：，或直接在更大层重做稠密性证明。；对声明母层/预算层证明实际开放或范畴保持映射或饱和逆像；连续包含及标签遗忘投影不单独保纲
UHT-OA-U0539	history/sources/次单调论文研究/分类集研究/RLEB_LT_operator_space_research_asset_v1/RLEB_LT_operator_space_research_asset_v1/03_CLASSIFICATION_STAGE/ppa_classification_team/05_obstruction_audit.md	434	434	7.3 层族结论必须带跨层桥 LF434–434	organization	空行/排版分隔	nonmathematical	nonmathematical	research/audit/UNIFORM_HOLDER_FULL_COVERAGE.md#uht-audit-source		标题、空行、连接词或纯任务组织；不承担独立数学断言	无本单元数学义务；不关闭相邻数学或历史证据记录
UHT-OA-U0540	history/sources/次单调论文研究/分类集研究/RLEB_LT_operator_space_research_asset_v1/RLEB_LT_operator_space_research_asset_v1/03_CLASSIFICATION_STAGE/ppa_classification_team/05_obstruction_audit.md	435	435	7.3 层族结论必须带跨层桥 LF435–435	mathematical-assertion	带标签辅助空间	source-report	deferred	research/audit/UNIFORM_HOLDER_FULL_COVERAGE.md#uht-audit-source		逐断言保留原来源报告；本批只重建C180，未以来源证明要点或PASS转授其他数学状态	精确本单元：带标签辅助空间；对声明母层/预算层证明实际开放或范畴保持映射或饱和逆像；连续包含及标签遗忘投影不单独保纲
UHT-OA-U0541	history/sources/次单调论文研究/分类集研究/RLEB_LT_operator_space_research_asset_v1/RLEB_LT_operator_space_research_asset_v1/03_CLASSIFICATION_STAGE/ppa_classification_team/05_obstruction_audit.md	436	436	7.3 层族结论必须带跨层桥 LF436–436	organization	空行/排版分隔	nonmathematical	nonmathematical	research/audit/UNIFORM_HOLDER_FULL_COVERAGE.md#uht-audit-source		标题、空行、连接词或纯任务组织；不承担独立数学断言	无本单元数学义务；不关闭相邻数学或历史证据记录
UHT-OA-U0542	history/sources/次单调论文研究/分类集研究/RLEB_LT_operator_space_research_asset_v1/RLEB_LT_operator_space_research_asset_v1/03_CLASSIFICATION_STAGE/ppa_classification_team/05_obstruction_audit.md	437	439	7.3 层族结论必须带跨层桥 LF437–439	display-formula	"\[
\{(T,e):w(T)\le e,\ e\in c_0^+,\ e\text{ 单调}\}
\]"	source-report	deferred	research/audit/UNIFORM_HOLDER_FULL_COVERAGE.md#uht-audit-source		逐断言保留原来源报告；本批只重建C180，未以来源证明要点或PASS转授其他数学状态	精确本单元：\[ \{(T,e):w(T)\le e,\ e\in c_0^+,\ e\text{ 单调}\} \]；对声明母层/预算层证明实际开放或范畴保持映射或饱和逆像；连续包含及标签遗忘投影不单独保纲
UHT-OA-U0543	history/sources/次单调论文研究/分类集研究/RLEB_LT_operator_space_research_asset_v1/RLEB_LT_operator_space_research_asset_v1/03_CLASSIFICATION_STAGE/ppa_classification_team/05_obstruction_audit.md	440	440	7.3 层族结论必须带跨层桥 LF440–440	organization	空行/排版分隔	nonmathematical	nonmathematical	research/audit/UNIFORM_HOLDER_FULL_COVERAGE.md#uht-audit-source		标题、空行、连接词或纯任务组织；不承担独立数学断言	无本单元数学义务；不关闭相邻数学或历史证据记录
UHT-OA-U0544	history/sources/次单调论文研究/分类集研究/RLEB_LT_operator_space_research_asset_v1/RLEB_LT_operator_space_research_asset_v1/03_CLASSIFICATION_STAGE/ppa_classification_team/05_obstruction_audit.md	441	441	7.3 层族结论必须带跨层桥 LF441–441	scope-contract	可以帮助组织量词，但它的证书遗忘投影不自动保持范畴；	source-report	deferred	research/audit/UNIFORM_HOLDER_FULL_COVERAGE.md#uht-audit-source		逐断言保留原来源报告；本批只重建C180，未以来源证明要点或PASS转授其他数学状态	精确本单元：可以帮助组织量词，但它的证书遗忘投影不自动保持范畴；；对声明母层/预算层证明实际开放或范畴保持映射或饱和逆像；连续包含及标签遗忘投影不单独保纲
UHT-OA-U0545	history/sources/次单调论文研究/分类集研究/RLEB_LT_operator_space_research_asset_v1/RLEB_LT_operator_space_research_asset_v1/03_CLASSIFICATION_STAGE/ppa_classification_team/05_obstruction_audit.md	441	441	7.3 层族结论必须带跨层桥 LF441–441	scope-contract	不能在那里统计比例再投影回来。	source-report	deferred	research/audit/UNIFORM_HOLDER_FULL_COVERAGE.md#uht-audit-source		逐断言保留原来源报告；本批只重建C180，未以来源证明要点或PASS转授其他数学状态	精确本单元：不能在那里统计比例再投影回来。；对声明母层/预算层证明实际开放或范畴保持映射或饱和逆像；连续包含及标签遗忘投影不单独保纲
UHT-OA-U0546	history/sources/次单调论文研究/分类集研究/RLEB_LT_operator_space_research_asset_v1/RLEB_LT_operator_space_research_asset_v1/03_CLASSIFICATION_STAGE/ppa_classification_team/05_obstruction_audit.md	442	442	7.3 层族结论必须带跨层桥 LF442–442	organization	空行/排版分隔	nonmathematical	nonmathematical	research/audit/UNIFORM_HOLDER_FULL_COVERAGE.md#uht-audit-source		标题、空行、连接词或纯任务组织；不承担独立数学断言	无本单元数学义务；不关闭相邻数学或历史证据记录
UHT-OA-U0547	history/sources/次单调论文研究/分类集研究/RLEB_LT_operator_space_research_asset_v1/RLEB_LT_operator_space_research_asset_v1/03_CLASSIFICATION_STAGE/ppa_classification_team/05_obstruction_audit.md	443	443	7.4 可验收的新定理不必强求唯一形式 LF443–443	organization	### 7.4 可验收的新定理不必强求唯一形式	nonmathematical	nonmathematical	research/audit/UNIFORM_HOLDER_FULL_COVERAGE.md#uht-audit-source		标题、空行、连接词或纯任务组织；不承担独立数学断言	无本单元数学义务；不关闭相邻数学或历史证据记录
UHT-OA-U0548	history/sources/次单调论文研究/分类集研究/RLEB_LT_operator_space_research_asset_v1/RLEB_LT_operator_space_research_asset_v1/03_CLASSIFICATION_STAGE/ppa_classification_team/05_obstruction_audit.md	444	444	7.4 可验收的新定理不必强求唯一形式 LF444–444	organization	空行/排版分隔	nonmathematical	nonmathematical	research/audit/UNIFORM_HOLDER_FULL_COVERAGE.md#uht-audit-source		标题、空行、连接词或纯任务组织；不承担独立数学断言	无本单元数学义务；不关闭相邻数学或历史证据记录
UHT-OA-U0549	history/sources/次单调论文研究/分类集研究/RLEB_LT_operator_space_research_asset_v1/RLEB_LT_operator_space_research_asset_v1/03_CLASSIFICATION_STAGE/ppa_classification_team/05_obstruction_audit.md	445	445	7.4 可验收的新定理不必强求唯一形式 LF445–445	scope-contract	下面任一结果都比“特殊层内 LT 第一纲”更有实质意义：	source-report	deferred	research/audit/UNIFORM_HOLDER_FULL_COVERAGE.md#uht-audit-source		逐断言保留原来源报告；本批只重建C180，未以来源证明要点或PASS转授其他数学状态	精确本单元：下面任一结果都比“特殊层内 LT 第一纲”更有实质意义：；这一验收目标尚无给定完整对象构造；分别核非空Baire开块、认证像、严格分离及该层到母空间的转移
UHT-OA-U0550	history/sources/次单调论文研究/分类集研究/RLEB_LT_operator_space_research_asset_v1/RLEB_LT_operator_space_research_asset_v1/03_CLASSIFICATION_STAGE/ppa_classification_team/05_obstruction_audit.md	446	446	7.4 可验收的新定理不必强求唯一形式 LF446–446	organization	空行/排版分隔	nonmathematical	nonmathematical	research/audit/UNIFORM_HOLDER_FULL_COVERAGE.md#uht-audit-source		标题、空行、连接词或纯任务组织；不承担独立数学断言	无本单元数学义务；不关闭相邻数学或历史证据记录
UHT-OA-U0551	history/sources/次单调论文研究/分类集研究/RLEB_LT_operator_space_research_asset_v1/RLEB_LT_operator_space_research_asset_v1/03_CLASSIFICATION_STAGE/ppa_classification_team/05_obstruction_audit.md	447	447	7.4 可验收的新定理不必强求唯一形式 LF447–447	scope-contract	- 在中立 Baire 母空间的非空开集 \(O\) 内，\(\mathscr R\cap O\) 非第一纲而 \(\mathscr L\cap O\) 第一纲。	source-report	deferred	research/audit/UNIFORM_HOLDER_FULL_COVERAGE.md#uht-audit-source		逐断言保留原来源报告；本批只重建C180，未以来源证明要点或PASS转授其他数学状态	精确本单元：- 在中立 Baire 母空间的非空开集 \(O\) 内，\(\mathscr R\cap O\) 非第一纲而 \(\mathscr L\cap O\) 第一纲。；这一验收目标尚无给定完整对象构造；分别核非空Baire开块、认证像、严格分离及该层到母空间的转移
UHT-OA-U0552	history/sources/次单调论文研究/分类集研究/RLEB_LT_operator_space_research_asset_v1/RLEB_LT_operator_space_research_asset_v1/03_CLASSIFICATION_STAGE/ppa_classification_team/05_obstruction_audit.md	448	448	7.4 可验收的新定理不必强求唯一形式 LF448–448	scope-contract	- 证明两类在最大母空间都第一纲，但在一个由内生动力学性质定义、且非退化 Baire 的后置层中严格分离，并给该层位置的明确转移定理。	source-report	deferred	research/audit/UNIFORM_HOLDER_FULL_COVERAGE.md#uht-audit-source		逐断言保留原来源报告；本批只重建C180，未以来源证明要点或PASS转授其他数学状态	精确本单元：- 证明两类在最大母空间都第一纲，但在一个由内生动力学性质定义、且非退化 Baire 的后置层中严格分离，并给该层位置的明确转移定理。；这一验收目标尚无给定完整对象构造；分别核非空Baire开块、认证像、严格分离及该层到母空间的转移
UHT-OA-U0553	history/sources/次单调论文研究/分类集研究/RLEB_LT_operator_space_research_asset_v1/RLEB_LT_operator_space_research_asset_v1/03_CLASSIFICATION_STAGE/ppa_classification_team/05_obstruction_audit.md	449	449	7.4 可验收的新定理不必强求唯一形式 LF449–449	scope-contract	- 给出步长谱、实际尾剖面或极限回缩正则性上的结构不变量，证明 RLEB 能认证而 LT 不能；	source-report	deferred	research/audit/UNIFORM_HOLDER_FULL_COVERAGE.md#uht-audit-source		逐断言保留原来源报告；本批只重建C180，未以来源证明要点或PASS转授其他数学状态	精确本单元：- 给出步长谱、实际尾剖面或极限回缩正则性上的结构不变量，证明 RLEB 能认证而 LT 不能；；这一验收目标尚无给定完整对象构造；分别核非空Baire开块、认证像、严格分离及该层到母空间的转移
UHT-OA-U0554	history/sources/次单调论文研究/分类集研究/RLEB_LT_operator_space_research_asset_v1/RLEB_LT_operator_space_research_asset_v1/03_CLASSIFICATION_STAGE/ppa_classification_team/05_obstruction_audit.md	449	449	7.4 可验收的新定理不必强求唯一形式 LF449–449	scope-contract	不把它夸称为“多数算子”。	source-report	deferred	research/audit/UNIFORM_HOLDER_FULL_COVERAGE.md#uht-audit-source		逐断言保留原来源报告；本批只重建C180，未以来源证明要点或PASS转授其他数学状态	精确本单元：不把它夸称为“多数算子”。；这一验收目标尚无给定完整对象构造；分别核非空Baire开块、认证像、严格分离及该层到母空间的转移
UHT-OA-U0555	history/sources/次单调论文研究/分类集研究/RLEB_LT_operator_space_research_asset_v1/RLEB_LT_operator_space_research_asset_v1/03_CLASSIFICATION_STAGE/ppa_classification_team/05_obstruction_audit.md	450	450	7.4 可验收的新定理不必强求唯一形式 LF450–450	scope-contract	- 证明某个原拟议的相对第一纲定理不成立，并指出哪种动力学层使 LT 非第一纲。	source-report	deferred	research/audit/UNIFORM_HOLDER_FULL_COVERAGE.md#uht-audit-source		逐断言保留原来源报告；本批只重建C180，未以来源证明要点或PASS转授其他数学状态	精确本单元：- 证明某个原拟议的相对第一纲定理不成立，并指出哪种动力学层使 LT 非第一纲。；这一验收目标尚无给定完整对象构造；分别核非空Baire开块、认证像、严格分离及该层到母空间的转移
UHT-OA-U0556	history/sources/次单调论文研究/分类集研究/RLEB_LT_operator_space_research_asset_v1/RLEB_LT_operator_space_research_asset_v1/03_CLASSIFICATION_STAGE/ppa_classification_team/05_obstruction_audit.md	450	450	7.4 可验收的新定理不必强求唯一形式 LF450–450	scope-contract	这也是用户要的体系性分类，不是研究失败。	source-report	deferred	research/audit/UNIFORM_HOLDER_FULL_COVERAGE.md#uht-audit-source		逐断言保留原来源报告；本批只重建C180，未以来源证明要点或PASS转授其他数学状态	精确本单元：这也是用户要的体系性分类，不是研究失败。；这一验收目标尚无给定完整对象构造；分别核非空Baire开块、认证像、严格分离及该层到母空间的转移
UHT-OA-U0557	history/sources/次单调论文研究/分类集研究/RLEB_LT_operator_space_research_asset_v1/RLEB_LT_operator_space_research_asset_v1/03_CLASSIFICATION_STAGE/ppa_classification_team/05_obstruction_audit.md	451	451	7.4 可验收的新定理不必强求唯一形式 LF451–451	organization	空行/排版分隔	nonmathematical	nonmathematical	research/audit/UNIFORM_HOLDER_FULL_COVERAGE.md#uht-audit-source		标题、空行、连接词或纯任务组织；不承担独立数学断言	无本单元数学义务；不关闭相邻数学或历史证据记录
UHT-OA-U0558	history/sources/次单调论文研究/分类集研究/RLEB_LT_operator_space_research_asset_v1/RLEB_LT_operator_space_research_asset_v1/03_CLASSIFICATION_STAGE/ppa_classification_team/05_obstruction_audit.md	452	452	8. 给主协调者的瓶颈排序 LF452–452	organization	## 8. 给主协调者的瓶颈排序	nonmathematical	nonmathematical	research/audit/UNIFORM_HOLDER_FULL_COVERAGE.md#uht-audit-source		标题、空行、连接词或纯任务组织；不承担独立数学断言	无本单元数学义务；不关闭相邻数学或历史证据记录
UHT-OA-U0559	history/sources/次单调论文研究/分类集研究/RLEB_LT_operator_space_research_asset_v1/RLEB_LT_operator_space_research_asset_v1/03_CLASSIFICATION_STAGE/ppa_classification_team/05_obstruction_audit.md	453	453	8. 给主协调者的瓶颈排序 LF453–453	organization	空行/排版分隔	nonmathematical	nonmathematical	research/audit/UNIFORM_HOLDER_FULL_COVERAGE.md#uht-audit-source		标题、空行、连接词或纯任务组织；不承担独立数学断言	无本单元数学义务；不关闭相邻数学或历史证据记录
UHT-OA-U0560	history/sources/次单调论文研究/分类集研究/RLEB_LT_operator_space_research_asset_v1/RLEB_LT_operator_space_research_asset_v1/03_CLASSIFICATION_STAGE/ppa_classification_team/05_obstruction_audit.md	454	454	8. 给主协调者的瓶颈排序 LF454–454	organization	| 排序 | 真瓶颈 | 用户当前是否必须补材料 | 下一步可执行工作 |	nonmathematical	nonmathematical	research/audit/UNIFORM_HOLDER_FULL_COVERAGE.md#uht-audit-source		标题、空行、连接词或纯任务组织；不承担独立数学断言	无本单元数学义务；不关闭相邻数学或历史证据记录
UHT-OA-U0561	history/sources/次单调论文研究/分类集研究/RLEB_LT_operator_space_research_asset_v1/RLEB_LT_operator_space_research_asset_v1/03_CLASSIFICATION_STAGE/ppa_classification_team/05_obstruction_audit.md	455	455	8. 给主协调者的瓶颈排序 LF455–455	organization	|---|---|---|---|	nonmathematical	nonmathematical	research/audit/UNIFORM_HOLDER_FULL_COVERAGE.md#uht-audit-source		标题、空行、连接词或纯任务组织；不承担独立数学断言	无本单元数学义务；不关闭相邻数学或历史证据记录
UHT-OA-U0562	history/sources/次单调论文研究/分类集研究/RLEB_LT_operator_space_research_asset_v1/RLEB_LT_operator_space_research_asset_v1/03_CLASSIFICATION_STAGE/ppa_classification_team/05_obstruction_audit.md	456	456	8. 给主协调者的瓶颈排序 LF456–456	organization	 1 	nonmathematical	nonmathematical	research/audit/UNIFORM_HOLDER_FULL_COVERAGE.md#uht-audit-source		标题、空行、连接词或纯任务组织；不承担独立数学断言	无本单元数学义务；不关闭相邻数学或历史证据记录
UHT-OA-U0563	history/sources/次单调论文研究/分类集研究/RLEB_LT_operator_space_research_asset_v1/RLEB_LT_operator_space_research_asset_v1/03_CLASSIFICATION_STAGE/ppa_classification_team/05_obstruction_audit.md	456	456	8. 给主协调者的瓶颈排序 LF456–456	scope-contract	 比较分母与 RLEB 相对 Baire 性 	source-report	deferred	research/audit/UNIFORM_HOLDER_FULL_COVERAGE.md#uht-audit-source		逐断言保留原来源报告；本批只重建C180，未以来源证明要点或PASS转授其他数学状态	精确本单元： 比较分母与 RLEB 相对 Baire 性 ；按该具体瓶颈固定同对象/同域/同尾分母并完成表中数学接口；任务排序不作为已完成证明
UHT-OA-U0564	history/sources/次单调论文研究/分类集研究/RLEB_LT_operator_space_research_asset_v1/RLEB_LT_operator_space_research_asset_v1/03_CLASSIFICATION_STAGE/ppa_classification_team/05_obstruction_audit.md	456	456	8. 给主协调者的瓶颈排序 LF456–456	scope-contract	 不必；但若用户指定必须原 AW 而非全时间拓扑，应尊重该数学问题选择 	source-report	deferred	research/audit/UNIFORM_HOLDER_FULL_COVERAGE.md#uht-audit-source		逐断言保留原来源报告；本批只重建C180，未以来源证明要点或PASS转授其他数学状态	精确本单元： 不必；但若用户指定必须原 AW 而非全时间拓扑，应尊重该数学问题选择 ；按该具体瓶颈固定同对象/同域/同尾分母并完成表中数学接口；任务排序不作为已完成证明
UHT-OA-U0565	history/sources/次单调论文研究/分类集研究/RLEB_LT_operator_space_research_asset_v1/RLEB_LT_operator_space_research_asset_v1/03_CLASSIFICATION_STAGE/ppa_classification_team/05_obstruction_audit.md	456	456	8. 给主协调者的瓶颈排序 LF456–456	scope-contract	 先证明绝对类别，再看是否有非退化相对 Baire 块 	source-report	deferred	research/audit/UNIFORM_HOLDER_FULL_COVERAGE.md#uht-audit-source		逐断言保留原来源报告；本批只重建C180，未以来源证明要点或PASS转授其他数学状态	精确本单元： 先证明绝对类别，再看是否有非退化相对 Baire 块 ；按该具体瓶颈固定同对象/同域/同尾分母并完成表中数学接口；任务排序不作为已完成证明
UHT-OA-U0566	history/sources/次单调论文研究/分类集研究/RLEB_LT_operator_space_research_asset_v1/RLEB_LT_operator_space_research_asset_v1/03_CLASSIFICATION_STAGE/ppa_classification_team/05_obstruction_audit.md	457	457	8. 给主协调者的瓶颈排序 LF457–457	organization	 2 	nonmathematical	nonmathematical	research/audit/UNIFORM_HOLDER_FULL_COVERAGE.md#uht-audit-source		标题、空行、连接词或纯任务组织；不承担独立数学断言	无本单元数学义务；不关闭相邻数学或历史证据记录
UHT-OA-U0567	history/sources/次单调论文研究/分类集研究/RLEB_LT_operator_space_research_asset_v1/RLEB_LT_operator_space_research_asset_v1/03_CLASSIFICATION_STAGE/ppa_classification_team/05_obstruction_audit.md	457	457	8. 给主协调者的瓶颈排序 LF457–457	scope-contract	 原全图、局部证书、存在实步长的描述集合编码 	source-report	deferred	research/audit/UNIFORM_HOLDER_FULL_COVERAGE.md#uht-audit-source		逐断言保留原来源报告；本批只重建C180，未以来源证明要点或PASS转授其他数学状态	精确本单元： 原全图、局部证书、存在实步长的描述集合编码 ；按该具体瓶颈固定同对象/同域/同尾分母并完成表中数学接口；任务排序不作为已完成证明
UHT-OA-U0568	history/sources/次单调论文研究/分类集研究/RLEB_LT_operator_space_research_asset_v1/RLEB_LT_operator_space_research_asset_v1/03_CLASSIFICATION_STAGE/ppa_classification_team/05_obstruction_audit.md	457	457	8. 给主协调者的瓶颈排序 LF457–457	scope-contract	 不必 	source-report	deferred	research/audit/UNIFORM_HOLDER_FULL_COVERAGE.md#uht-audit-source		逐断言保留原来源报告；本批只重建C180，未以来源证明要点或PASS转授其他数学状态	精确本单元： 不必 ；按该具体瓶颈固定同对象/同域/同尾分母并完成表中数学接口；任务排序不作为已完成证明
UHT-OA-U0569	history/sources/次单调论文研究/分类集研究/RLEB_LT_operator_space_research_asset_v1/RLEB_LT_operator_space_research_asset_v1/03_CLASSIFICATION_STAGE/ppa_classification_team/05_obstruction_audit.md	457	457	8. 给主协调者的瓶颈排序 LF457–457	scope-contract	 双 collar、参数紧化、全纤维 EB 闭块投影；不依赖谱开性 	source-report	deferred	research/audit/UNIFORM_HOLDER_FULL_COVERAGE.md#uht-audit-source		逐断言保留原来源报告；本批只重建C180，未以来源证明要点或PASS转授其他数学状态	精确本单元： 双 collar、参数紧化、全纤维 EB 闭块投影；不依赖谱开性 ；按该具体瓶颈固定同对象/同域/同尾分母并完成表中数学接口；任务排序不作为已完成证明
UHT-OA-U0570	history/sources/次单调论文研究/分类集研究/RLEB_LT_operator_space_research_asset_v1/RLEB_LT_operator_space_research_asset_v1/03_CLASSIFICATION_STAGE/ppa_classification_team/05_obstruction_audit.md	458	458	8. 给主协调者的瓶颈排序 LF458–458	organization	 3 	nonmathematical	nonmathematical	research/audit/UNIFORM_HOLDER_FULL_COVERAGE.md#uht-audit-source		标题、空行、连接词或纯任务组织；不承担独立数学断言	无本单元数学义务；不关闭相邻数学或历史证据记录
UHT-OA-U0571	history/sources/次单调论文研究/分类集研究/RLEB_LT_operator_space_research_asset_v1/RLEB_LT_operator_space_research_asset_v1/03_CLASSIFICATION_STAGE/ppa_classification_team/05_obstruction_audit.md	458	458	8. 给主协调者的瓶颈排序 LF458–458	scope-contract	 同尾约束下的全类稠密性/无处稠密性 	source-report	deferred	research/audit/UNIFORM_HOLDER_FULL_COVERAGE.md#uht-audit-source		逐断言保留原来源报告；本批只重建C180，未以来源证明要点或PASS转授其他数学状态	精确本单元： 同尾约束下的全类稠密性/无处稠密性 ；按该具体瓶颈固定同对象/同域/同尾分母并完成表中数学接口；任务排序不作为已完成证明
UHT-OA-U0572	history/sources/次单调论文研究/分类集研究/RLEB_LT_operator_space_research_asset_v1/RLEB_LT_operator_space_research_asset_v1/03_CLASSIFICATION_STAGE/ppa_classification_team/05_obstruction_audit.md	458	458	8. 给主协调者的瓶颈排序 LF458–458	scope-contract	 不必 	source-report	deferred	research/audit/UNIFORM_HOLDER_FULL_COVERAGE.md#uht-audit-source		逐断言保留原来源报告；本批只重建C180，未以来源证明要点或PASS转授其他数学状态	精确本单元： 不必 ；按该具体瓶颈固定同对象/同域/同尾分母并完成表中数学接口；任务排序不作为已完成证明
UHT-OA-U0573	history/sources/次单调论文研究/分类集研究/RLEB_LT_operator_space_research_asset_v1/RLEB_LT_operator_space_research_asset_v1/03_CLASSIFICATION_STAGE/ppa_classification_team/05_obstruction_audit.md	458	458	8. 给主协调者的瓶颈排序 LF458–458	scope-contract	 真正覆盖整个已冻结层的延拓/扰动引理，或反定理 	source-report	deferred	research/audit/UNIFORM_HOLDER_FULL_COVERAGE.md#uht-audit-source		逐断言保留原来源报告；本批只重建C180，未以来源证明要点或PASS转授其他数学状态	精确本单元： 真正覆盖整个已冻结层的延拓/扰动引理，或反定理 ；按该具体瓶颈固定同对象/同域/同尾分母并完成表中数学接口；任务排序不作为已完成证明
UHT-OA-U0574	history/sources/次单调论文研究/分类集研究/RLEB_LT_operator_space_research_asset_v1/RLEB_LT_operator_space_research_asset_v1/03_CLASSIFICATION_STAGE/ppa_classification_team/05_obstruction_audit.md	459	459	8. 给主协调者的瓶颈排序 LF459–459	organization	 4 	nonmathematical	nonmathematical	research/audit/UNIFORM_HOLDER_FULL_COVERAGE.md#uht-audit-source		标题、空行、连接词或纯任务组织；不承担独立数学断言	无本单元数学义务；不关闭相邻数学或历史证据记录
UHT-OA-U0575	history/sources/次单调论文研究/分类集研究/RLEB_LT_operator_space_research_asset_v1/RLEB_LT_operator_space_research_asset_v1/03_CLASSIFICATION_STAGE/ppa_classification_team/05_obstruction_audit.md	459	459	8. 给主协调者的瓶颈排序 LF459–459	scope-contract	 跨尾层、跨步长、跨解几何转移 	source-report	deferred	research/audit/UNIFORM_HOLDER_FULL_COVERAGE.md#uht-audit-source		逐断言保留原来源报告；本批只重建C180，未以来源证明要点或PASS转授其他数学状态	精确本单元： 跨尾层、跨步长、跨解几何转移 ；按该具体瓶颈固定同对象/同域/同尾分母并完成表中数学接口；任务排序不作为已完成证明
UHT-OA-U0576	history/sources/次单调论文研究/分类集研究/RLEB_LT_operator_space_research_asset_v1/RLEB_LT_operator_space_research_asset_v1/03_CLASSIFICATION_STAGE/ppa_classification_team/05_obstruction_audit.md	459	459	8. 给主协调者的瓶颈排序 LF459–459	scope-contract	 可能需要科学目标优先级，而非新的公式材料 	source-report	deferred	research/audit/UNIFORM_HOLDER_FULL_COVERAGE.md#uht-audit-source		逐断言保留原来源报告；本批只重建C180，未以来源证明要点或PASS转授其他数学状态	精确本单元： 可能需要科学目标优先级，而非新的公式材料 ；按该具体瓶颈固定同对象/同域/同尾分母并完成表中数学接口；任务排序不作为已完成证明
UHT-OA-U0577	history/sources/次单调论文研究/分类集研究/RLEB_LT_operator_space_research_asset_v1/RLEB_LT_operator_space_research_asset_v1/03_CLASSIFICATION_STAGE/ppa_classification_team/05_obstruction_audit.md	459	459	8. 给主协调者的瓶颈排序 LF459–459	scope-contract	 规范实际尾坐标、步长谱、明确开放映射或直接大空间证明 	source-report	deferred	research/audit/UNIFORM_HOLDER_FULL_COVERAGE.md#uht-audit-source		逐断言保留原来源报告；本批只重建C180，未以来源证明要点或PASS转授其他数学状态	精确本单元： 规范实际尾坐标、步长谱、明确开放映射或直接大空间证明 ；按该具体瓶颈固定同对象/同域/同尾分母并完成表中数学接口；任务排序不作为已完成证明
UHT-OA-U0578	history/sources/次单调论文研究/分类集研究/RLEB_LT_operator_space_research_asset_v1/RLEB_LT_operator_space_research_asset_v1/03_CLASSIFICATION_STAGE/ppa_classification_team/05_obstruction_audit.md	460	460	8. 给主协调者的瓶颈排序 LF460–460	organization	 5 	nonmathematical	nonmathematical	research/audit/UNIFORM_HOLDER_FULL_COVERAGE.md#uht-audit-source		标题、空行、连接词或纯任务组织；不承担独立数学断言	无本单元数学义务；不关闭相邻数学或历史证据记录
UHT-OA-U0579	history/sources/次单调论文研究/分类集研究/RLEB_LT_operator_space_research_asset_v1/RLEB_LT_operator_space_research_asset_v1/03_CLASSIFICATION_STAGE/ppa_classification_team/05_obstruction_audit.md	460	460	8. 给主协调者的瓶颈排序 LF460–460	scope-contract	 无限维 Hilbert 总推广 	source-report	deferred	research/audit/UNIFORM_HOLDER_FULL_COVERAGE.md#uht-audit-source		逐断言保留原来源报告；本批只重建C180，未以来源证明要点或PASS转授其他数学状态	精确本单元： 无限维 Hilbert 总推广 ；按该具体瓶颈固定同对象/同域/同尾分母并完成表中数学接口；任务排序不作为已完成证明
UHT-OA-U0580	history/sources/次单调论文研究/分类集研究/RLEB_LT_operator_space_research_asset_v1/RLEB_LT_operator_space_research_asset_v1/03_CLASSIFICATION_STAGE/ppa_classification_team/05_obstruction_audit.md	460	460	8. 给主协调者的瓶颈排序 LF460–460	scope-contract	 当前不应阻塞有限维算子空间（它已无限维） 	source-report	deferred	research/audit/UNIFORM_HOLDER_FULL_COVERAGE.md#uht-audit-source		逐断言保留原来源报告；本批只重建C180，未以来源证明要点或PASS转授其他数学状态	精确本单元： 当前不应阻塞有限维算子空间（它已无限维） ；按该具体瓶颈固定同对象/同域/同尾分母并完成表中数学接口；任务排序不作为已完成证明
UHT-OA-U0581	history/sources/次单调论文研究/分类集研究/RLEB_LT_operator_space_research_asset_v1/RLEB_LT_operator_space_research_asset_v1/03_CLASSIFICATION_STAGE/ppa_classification_team/05_obstruction_audit.md	460	460	8. 给主协调者的瓶颈排序 LF460–460	scope-contract	 单列工作，不借有限维 PASS 过关 	source-report	deferred	research/audit/UNIFORM_HOLDER_FULL_COVERAGE.md#uht-audit-source		逐断言保留原来源报告；本批只重建C180，未以来源证明要点或PASS转授其他数学状态	精确本单元： 单列工作，不借有限维 PASS 过关 ；按该具体瓶颈固定同对象/同域/同尾分母并完成表中数学接口；任务排序不作为已完成证明
UHT-OA-U0582	history/sources/次单调论文研究/分类集研究/RLEB_LT_operator_space_research_asset_v1/RLEB_LT_operator_space_research_asset_v1/03_CLASSIFICATION_STAGE/ppa_classification_team/05_obstruction_audit.md	461	461	8. 给主协调者的瓶颈排序 LF461–461	organization	空行/排版分隔	nonmathematical	nonmathematical	research/audit/UNIFORM_HOLDER_FULL_COVERAGE.md#uht-audit-source		标题、空行、连接词或纯任务组织；不承担独立数学断言	无本单元数学义务；不关闭相邻数学或历史证据记录
UHT-OA-U0583	history/sources/次单调论文研究/分类集研究/RLEB_LT_operator_space_research_asset_v1/RLEB_LT_operator_space_research_asset_v1/03_CLASSIFICATION_STAGE/ppa_classification_team/05_obstruction_audit.md	462	462	8. 给主协调者的瓶颈排序 LF462–462	scope-contract	**终判（本审计范围）：建设路线可继续；	source-report	deferred	research/audit/UNIFORM_HOLDER_FULL_COVERAGE.md#uht-audit-source		逐断言保留原来源报告；本批只重建C180，未以来源证明要点或PASS转授其他数学状态	精确本单元：**终判（本审计范围）：建设路线可继续；；按该具体瓶颈固定同对象/同域/同尾分母并完成表中数学接口；任务排序不作为已完成证明
UHT-OA-U0584	history/sources/次单调论文研究/分类集研究/RLEB_LT_operator_space_research_asset_v1/RLEB_LT_operator_space_research_asset_v1/03_CLASSIFICATION_STAGE/ppa_classification_team/05_obstruction_audit.md	462	462	8. 给主协调者的瓶颈排序 LF462–462	scope-contract	普遍的“LT 在 RLEB 中第一纲”尚无许可。	source-report	deferred	research/audit/UNIFORM_HOLDER_FULL_COVERAGE.md#uht-audit-source		逐断言保留原来源报告；本批只重建C180，未以来源证明要点或PASS转授其他数学状态	精确本单元：普遍的“LT 在 RLEB 中第一纲”尚无许可。；按该具体瓶颈固定同对象/同域/同尾分母并完成表中数学接口；任务排序不作为已完成证明
UHT-OA-U0585	history/sources/次单调论文研究/分类集研究/RLEB_LT_operator_space_research_asset_v1/RLEB_LT_operator_space_research_asset_v1/03_CLASSIFICATION_STAGE/ppa_classification_team/05_obstruction_audit.md	462	462	8. 给主协调者的瓶颈排序 LF462–462	scope-contract	** 当前最重要的建设不是再增加尖点，而是完成真实认证像的可描述性、排除相对空间自第一纲的空洞性，并在冻结的无标签母层上证明或否定真正的类别命题。	source-report	deferred	research/audit/UNIFORM_HOLDER_FULL_COVERAGE.md#uht-audit-source		逐断言保留原来源报告；本批只重建C180，未以来源证明要点或PASS转授其他数学状态	精确本单元：** 当前最重要的建设不是再增加尖点，而是完成真实认证像的可描述性、排除相对空间自第一纲的空洞性，并在冻结的无标签母层上证明或否定真正的类别命题。；按该具体瓶颈固定同对象/同域/同尾分母并完成表中数学接口；任务排序不作为已完成证明
UHT-OA-U0586	history/sources/次单调论文研究/分类集研究/RLEB_LT_operator_space_research_asset_v1/RLEB_LT_operator_space_research_asset_v1/03_CLASSIFICATION_STAGE/ppa_classification_team/05_obstruction_audit.md	463	463	8. 给主协调者的瓶颈排序 LF463–463	organization	空行/排版分隔	nonmathematical	nonmathematical	research/audit/UNIFORM_HOLDER_FULL_COVERAGE.md#uht-audit-source		标题、空行、连接词或纯任务组织；不承担独立数学断言	无本单元数学义务；不关闭相邻数学或历史证据记录
UHT-OA-U0587	history/sources/次单调论文研究/分类集研究/RLEB_LT_operator_space_research_asset_v1/RLEB_LT_operator_space_research_asset_v1/03_CLASSIFICATION_STAGE/ppa_classification_team/05_obstruction_audit.md	464	464	9. 对本轮新稿的独立交叉审核 LF464–464	organization	## 9. 对本轮新稿的独立交叉审核	nonmathematical	nonmathematical	research/audit/UNIFORM_HOLDER_FULL_COVERAGE.md#uht-audit-source		标题、空行、连接词或纯任务组织；不承担独立数学断言	无本单元数学义务；不关闭相邻数学或历史证据记录
UHT-OA-U0588	history/sources/次单调论文研究/分类集研究/RLEB_LT_operator_space_research_asset_v1/RLEB_LT_operator_space_research_asset_v1/03_CLASSIFICATION_STAGE/ppa_classification_team/05_obstruction_audit.md	465	465	9. 对本轮新稿的独立交叉审核 LF465–465	organization	空行/排版分隔	nonmathematical	nonmathematical	research/audit/UNIFORM_HOLDER_FULL_COVERAGE.md#uht-audit-source		标题、空行、连接词或纯任务组织；不承担独立数学断言	无本单元数学义务；不关闭相邻数学或历史证据记录
UHT-OA-U0589	history/sources/次单调论文研究/分类集研究/RLEB_LT_operator_space_research_asset_v1/RLEB_LT_operator_space_research_asset_v1/03_CLASSIFICATION_STAGE/ppa_classification_team/05_obstruction_audit.md	466	466	9. 对本轮新稿的独立交叉审核 LF466–466	historical-evidence	本节只审核已经写出的数学内容与声明范围，不以本报告的反例替代其证明，也不审定文献优先权。	source-report	deferred	research/audit/UNIFORM_HOLDER_FULL_COVERAGE.md#uht-audit-source		来源对当时交叉审查/版本/阅读行为的报告，与本次直接证明分别裁决	核来源实际报告的行为及准确稿件版本：本节只审核已经写出的数学内容与声明范围，不以本报告的反例替代其证明，也不审定文献优先权。；新数学证明不认证当时审查
UHT-OA-U0590	history/sources/次单调论文研究/分类集研究/RLEB_LT_operator_space_research_asset_v1/RLEB_LT_operator_space_research_asset_v1/03_CLASSIFICATION_STAGE/ppa_classification_team/05_obstruction_audit.md	467	467	9. 对本轮新稿的独立交叉审核 LF467–467	organization	空行/排版分隔	nonmathematical	nonmathematical	research/audit/UNIFORM_HOLDER_FULL_COVERAGE.md#uht-audit-source		标题、空行、连接词或纯任务组织；不承担独立数学断言	无本单元数学义务；不关闭相邻数学或历史证据记录
UHT-OA-U0591	history/sources/次单调论文研究/分类集研究/RLEB_LT_operator_space_research_asset_v1/RLEB_LT_operator_space_research_asset_v1/03_CLASSIFICATION_STAGE/ppa_classification_team/05_obstruction_audit.md	468	468	9. 对本轮新稿的独立交叉审核 LF468–468	organization	| 稿件 | 已独立核对的承重点 | 结论与范围 |	nonmathematical	nonmathematical	research/audit/UNIFORM_HOLDER_FULL_COVERAGE.md#uht-audit-source		标题、空行、连接词或纯任务组织；不承担独立数学断言	无本单元数学义务；不关闭相邻数学或历史证据记录
UHT-OA-U0592	history/sources/次单调论文研究/分类集研究/RLEB_LT_operator_space_research_asset_v1/RLEB_LT_operator_space_research_asset_v1/03_CLASSIFICATION_STAGE/ppa_classification_team/05_obstruction_audit.md	469	469	9. 对本轮新稿的独立交叉审核 LF469–469	organization	|---|---|---|	nonmathematical	nonmathematical	research/audit/UNIFORM_HOLDER_FULL_COVERAGE.md#uht-audit-source		标题、空行、连接词或纯任务组织；不承担独立数学断言	无本单元数学义务；不关闭相邻数学或历史证据记录
UHT-OA-U0593	history/sources/次单调论文研究/分类集研究/RLEB_LT_operator_space_research_asset_v1/RLEB_LT_operator_space_research_asset_v1/03_CLASSIFICATION_STAGE/ppa_classification_team/05_obstruction_audit.md	470	470	9. 对本轮新稿的独立交叉审核 LF470–470	organization	 `01_frozen_denominator.md` 	nonmathematical	nonmathematical	research/audit/UNIFORM_HOLDER_FULL_COVERAGE.md#uht-audit-source		标题、空行、连接词或纯任务组织；不承担独立数学断言	无本单元数学义务；不关闭相邻数学或历史证据记录
UHT-OA-U0594	history/sources/次单调论文研究/分类集研究/RLEB_LT_operator_space_research_asset_v1/RLEB_LT_operator_space_research_asset_v1/03_CLASSIFICATION_STAGE/ppa_classification_team/05_obstruction_audit.md	470	470	9. 对本轮新稿的独立交叉审核 LF470–470	historical-evidence	 原全图保留、	source-report	deferred	research/audit/UNIFORM_HOLDER_FULL_COVERAGE.md#uht-audit-source		来源对当时交叉审查/版本/阅读行为的报告，与本次直接证明分别裁决	核来源实际报告的行为及准确稿件版本： 原全图保留、；新数学证明不认证当时审查
UHT-OA-U0595	history/sources/次单调论文研究/分类集研究/RLEB_LT_operator_space_research_asset_v1/RLEB_LT_operator_space_research_asset_v1/03_CLASSIFICATION_STAGE/ppa_classification_team/05_obstruction_audit.md	470	470	9. 对本轮新稿的独立交叉审核 LF470–470	historical-evidence	exact-S 的 \(G_\delta\)、	source-report	deferred	research/audit/UNIFORM_HOLDER_FULL_COVERAGE.md#uht-audit-source		来源对当时交叉审查/版本/阅读行为的报告，与本次直接证明分别裁决	核来源实际报告的行为及准确稿件版本：exact-S 的 \(G_\delta\)、；新数学证明不认证当时审查
UHT-OA-U0596	history/sources/次单调论文研究/分类集研究/RLEB_LT_operator_space_research_asset_v1/RLEB_LT_operator_space_research_asset_v1/03_CLASSIFICATION_STAGE/ppa_classification_team/05_obstruction_audit.md	470	470	9. 对本轮新稿的独立交叉审核 LF470–470	historical-evidence	闭留域/实际尾层、	source-report	deferred	research/audit/UNIFORM_HOLDER_FULL_COVERAGE.md#uht-audit-source		来源对当时交叉审查/版本/阅读行为的报告，与本次直接证明分别裁决	核来源实际报告的行为及准确稿件版本：闭留域/实际尾层、；新数学证明不认证当时审查
UHT-OA-U0597	history/sources/次单调论文研究/分类集研究/RLEB_LT_operator_space_research_asset_v1/RLEB_LT_operator_space_research_asset_v1/03_CLASSIFICATION_STAGE/ppa_classification_team/05_obstruction_audit.md	470	470	9. 对本轮新稿的独立交叉审核 LF470–470	historical-evidence	AW–全时间桥、	source-report	deferred	research/audit/UNIFORM_HOLDER_FULL_COVERAGE.md#uht-audit-source		来源对当时交叉审查/版本/阅读行为的报告，与本次直接证明分别裁决	核来源实际报告的行为及准确稿件版本：AW–全时间桥、；新数学证明不认证当时审查
UHT-OA-U0598	history/sources/次单调论文研究/分类集研究/RLEB_LT_operator_space_research_asset_v1/RLEB_LT_operator_space_research_asset_v1/03_CLASSIFICATION_STAGE/ppa_classification_team/05_obstruction_audit.md	470	470	9. 对本轮新稿的独立交叉审核 LF470–470	historical-evidence	真实残差反例、	source-report	deferred	research/audit/UNIFORM_HOLDER_FULL_COVERAGE.md#uht-audit-source		来源对当时交叉审查/版本/阅读行为的报告，与本次直接证明分别裁决	核来源实际报告的行为及准确稿件版本：真实残差反例、；新数学证明不认证当时审查
UHT-OA-U0599	history/sources/次单调论文研究/分类集研究/RLEB_LT_operator_space_research_asset_v1/RLEB_LT_operator_space_research_asset_v1/03_CLASSIFICATION_STAGE/ppa_classification_team/05_obstruction_audit.md	470	470	9. 对本轮新稿的独立交叉审核 LF470–470	historical-evidence	对象侧谓词 	source-report	deferred	research/audit/UNIFORM_HOLDER_FULL_COVERAGE.md#uht-audit-source		来源对当时交叉审查/版本/阅读行为的报告，与本次直接证明分别裁决	核来源实际报告的行为及准确稿件版本：对象侧谓词 ；新数学证明不认证当时审查
UHT-OA-U0600	history/sources/次单调论文研究/分类集研究/RLEB_LT_operator_space_research_asset_v1/RLEB_LT_operator_space_research_asset_v1/03_CLASSIFICATION_STAGE/ppa_classification_team/05_obstruction_audit.md	470	470	9. 对本轮新稿的独立交叉审核 LF470–470	historical-evidence	 范围内通过；	source-report	deferred	research/audit/UNIFORM_HOLDER_FULL_COVERAGE.md#uht-audit-source		来源对当时交叉审查/版本/阅读行为的报告，与本次直接证明分别裁决	核来源实际报告的行为及准确稿件版本： 范围内通过；；新数学证明不认证当时审查
UHT-OA-U0601	history/sources/次单调论文研究/分类集研究/RLEB_LT_operator_space_research_asset_v1/RLEB_LT_operator_space_research_asset_v1/03_CLASSIFICATION_STAGE/ppa_classification_team/05_obstruction_audit.md	470	470	9. 对本轮新稿的独立交叉审核 LF470–470	historical-evidence	其 energy 泛函量词与固定输出迹口径未被自动消去，	source-report	deferred	research/audit/UNIFORM_HOLDER_FULL_COVERAGE.md#uht-audit-source		来源对当时交叉审查/版本/阅读行为的报告，与本次直接证明分别裁决	核来源实际报告的行为及准确稿件版本：其 energy 泛函量词与固定输出迹口径未被自动消去，；新数学证明不认证当时审查
UHT-OA-U0602	history/sources/次单调论文研究/分类集研究/RLEB_LT_operator_space_research_asset_v1/RLEB_LT_operator_space_research_asset_v1/03_CLASSIFICATION_STAGE/ppa_classification_team/05_obstruction_audit.md	470	470	9. 对本轮新稿的独立交叉审核 LF470–470	historical-evidence	作者已明确保留 	source-report	deferred	research/audit/UNIFORM_HOLDER_FULL_COVERAGE.md#uht-audit-source		来源对当时交叉审查/版本/阅读行为的报告，与本次直接证明分别裁决	核来源实际报告的行为及准确稿件版本：作者已明确保留 ；新数学证明不认证当时审查
UHT-OA-U0603	history/sources/次单调论文研究/分类集研究/RLEB_LT_operator_space_research_asset_v1/RLEB_LT_operator_space_research_asset_v1/03_CLASSIFICATION_STAGE/ppa_classification_team/05_obstruction_audit.md	471	471	9. 对本轮新稿的独立交叉审核 LF471–471	organization	 `03_object_category.md` 	nonmathematical	nonmathematical	research/audit/UNIFORM_HOLDER_FULL_COVERAGE.md#uht-audit-source		标题、空行、连接词或纯任务组织；不承担独立数学断言	无本单元数学义务；不关闭相邻数学或历史证据记录
UHT-OA-U0604	history/sources/次单调论文研究/分类集研究/RLEB_LT_operator_space_research_asset_v1/RLEB_LT_operator_space_research_asset_v1/03_CLASSIFICATION_STAGE/ppa_classification_team/05_obstruction_audit.md	471	471	9. 对本轮新稿的独立交叉审核 LF471–471	historical-evidence	 紧图卡的连续违约量、	source-report	deferred	research/audit/UNIFORM_HOLDER_FULL_COVERAGE.md#uht-audit-source		来源对当时交叉审查/版本/阅读行为的报告，与本次直接证明分别裁决	核来源实际报告的行为及准确稿件版本： 紧图卡的连续违约量、；新数学证明不认证当时审查
UHT-OA-U0605	history/sources/次单调论文研究/分类集研究/RLEB_LT_operator_space_research_asset_v1/RLEB_LT_operator_space_research_asset_v1/03_CLASSIFICATION_STAGE/ppa_classification_team/05_obstruction_audit.md	471	471	9. 对本轮新稿的独立交叉审核 LF471–471	historical-evidence	\(K_\sigma\) 闭紧块、	source-report	deferred	research/audit/UNIFORM_HOLDER_FULL_COVERAGE.md#uht-audit-source		来源对当时交叉审查/版本/阅读行为的报告，与本次直接证明分别裁决	核来源实际报告的行为及准确稿件版本：\(K_\sigma\) 闭紧块、；新数学证明不认证当时审查
UHT-OA-U0606	history/sources/次单调论文研究/分类集研究/RLEB_LT_operator_space_research_asset_v1/RLEB_LT_operator_space_research_asset_v1/03_CLASSIFICATION_STAGE/ppa_classification_team/05_obstruction_audit.md	471	471	9. 对本轮新稿的独立交叉审核 LF471–471	historical-evidence	共同尾下动态紧性、	source-report	deferred	research/audit/UNIFORM_HOLDER_FULL_COVERAGE.md#uht-audit-source		来源对当时交叉审查/版本/阅读行为的报告，与本次直接证明分别裁决	核来源实际报告的行为及准确稿件版本：共同尾下动态紧性、；新数学证明不认证当时审查
UHT-OA-U0607	history/sources/次单调论文研究/分类集研究/RLEB_LT_operator_space_research_asset_v1/RLEB_LT_operator_space_research_asset_v1/03_CLASSIFICATION_STAGE/ppa_classification_team/05_obstruction_audit.md	471	471	9. 对本轮新稿的独立交叉审核 LF471–471	historical-evidence	RLEB 距离非增、	source-report	deferred	research/audit/UNIFORM_HOLDER_FULL_COVERAGE.md#uht-audit-source		来源对当时交叉审查/版本/阅读行为的报告，与本次直接证明分别裁决	核来源实际报告的行为及准确稿件版本：RLEB 距离非增、；新数学证明不认证当时审查
UHT-OA-U0608	history/sources/次单调论文研究/分类集研究/RLEB_LT_operator_space_research_asset_v1/RLEB_LT_operator_space_research_asset_v1/03_CLASSIFICATION_STAGE/ppa_classification_team/05_obstruction_audit.md	471	471	9. 对本轮新稿的独立交叉审核 LF471–471	historical-evidence	仿射/\(C^1\) 解集上的任意步长线性位移必要条件 	source-report	deferred	research/audit/UNIFORM_HOLDER_FULL_COVERAGE.md#uht-audit-source		来源对当时交叉审查/版本/阅读行为的报告，与本次直接证明分别裁决	核来源实际报告的行为及准确稿件版本：仿射/\(C^1\) 解集上的任意步长线性位移必要条件 ；新数学证明不认证当时审查
UHT-OA-U0609	history/sources/次单调论文研究/分类集研究/RLEB_LT_operator_space_research_asset_v1/RLEB_LT_operator_space_research_asset_v1/03_CLASSIFICATION_STAGE/ppa_classification_team/05_obstruction_audit.md	471	471	9. 对本轮新稿的独立交叉审核 LF471–471	historical-evidence	 范围内通过；	source-report	deferred	research/audit/UNIFORM_HOLDER_FULL_COVERAGE.md#uht-audit-source		来源对当时交叉审查/版本/阅读行为的报告，与本次直接证明分别裁决	核来源实际报告的行为及准确稿件版本： 范围内通过；；新数学证明不认证当时审查
UHT-OA-U0610	history/sources/次单调论文研究/分类集研究/RLEB_LT_operator_space_research_asset_v1/RLEB_LT_operator_space_research_asset_v1/03_CLASSIFICATION_STAGE/ppa_classification_team/05_obstruction_audit.md	471	471	9. 对本轮新稿的独立交叉审核 LF471–471	historical-evidence	完整紧源图卡不同于 01 的任意原全图；	source-report	deferred	research/audit/UNIFORM_HOLDER_FULL_COVERAGE.md#uht-audit-source		来源对当时交叉审查/版本/阅读行为的报告，与本次直接证明分别裁决	核来源实际报告的行为及准确稿件版本：完整紧源图卡不同于 01 的任意原全图；；新数学证明不认证当时审查
UHT-OA-U0611	history/sources/次单调论文研究/分类集研究/RLEB_LT_operator_space_research_asset_v1/RLEB_LT_operator_space_research_asset_v1/03_CLASSIFICATION_STAGE/ppa_classification_team/05_obstruction_audit.md	471	471	9. 对本轮新稿的独立交叉审核 LF471–471	historical-evidence	OLM 与相对 Baire 性仍未证明 	source-report	deferred	research/audit/UNIFORM_HOLDER_FULL_COVERAGE.md#uht-audit-source		来源对当时交叉审查/版本/阅读行为的报告，与本次直接证明分别裁决	核来源实际报告的行为及准确稿件版本：OLM 与相对 Baire 性仍未证明 ；新数学证明不认证当时审查
UHT-OA-U0612	history/sources/次单调论文研究/分类集研究/RLEB_LT_operator_space_research_asset_v1/RLEB_LT_operator_space_research_asset_v1/03_CLASSIFICATION_STAGE/ppa_classification_team/05_obstruction_audit.md	472	472	9. 对本轮新稿的独立交叉审核 LF472–472	organization	 `02_structural_deformation.md` 	nonmathematical	nonmathematical	research/audit/UNIFORM_HOLDER_FULL_COVERAGE.md#uht-audit-source		标题、空行、连接词或纯任务组织；不承担独立数学断言	无本单元数学义务；不关闭相邻数学或历史证据记录
UHT-OA-U0613	history/sources/次单调论文研究/分类集研究/RLEB_LT_operator_space_research_asset_v1/RLEB_LT_operator_space_research_asset_v1/03_CLASSIFICATION_STAGE/ppa_classification_team/05_obstruction_audit.md	472	472	9. 对本轮新稿的独立交叉审核 LF472–472	historical-evidence	 全图共轭、	source-report	deferred	research/audit/UNIFORM_HOLDER_FULL_COVERAGE.md#uht-audit-source		来源对当时交叉审查/版本/阅读行为的报告，与本次直接证明分别裁决	核来源实际报告的行为及准确稿件版本： 全图共轭、；新数学证明不认证当时审查
UHT-OA-U0614	history/sources/次单调论文研究/分类集研究/RLEB_LT_operator_space_research_asset_v1/RLEB_LT_operator_space_research_asset_v1/03_CLASSIFICATION_STAGE/ppa_classification_team/05_obstruction_audit.md	472	472	9. 对本轮新稿的独立交叉审核 LF472–472	historical-evidence	尾 \(e\to(1+\varepsilon)e\)、	source-report	deferred	research/audit/UNIFORM_HOLDER_FULL_COVERAGE.md#uht-audit-source		来源对当时交叉审查/版本/阅读行为的报告，与本次直接证明分别裁决	核来源实际报告的行为及准确稿件版本：尾 \(e\to(1+\varepsilon)e\)、；新数学证明不认证当时审查
UHT-OA-U0615	history/sources/次单调论文研究/分类集研究/RLEB_LT_operator_space_research_asset_v1/RLEB_LT_operator_space_research_asset_v1/03_CLASSIFICATION_STAGE/ppa_classification_team/05_obstruction_audit.md	472	472	9. 对本轮新稿的独立交叉审核 LF472–472	historical-evidence	所有逆纤维 EB、	source-report	deferred	research/audit/UNIFORM_HOLDER_FULL_COVERAGE.md#uht-audit-source		来源对当时交叉审查/版本/阅读行为的报告，与本次直接证明分别裁决	核来源实际报告的行为及准确稿件版本：所有逆纤维 EB、；新数学证明不认证当时审查
UHT-OA-U0616	history/sources/次单调论文研究/分类集研究/RLEB_LT_operator_space_research_asset_v1/RLEB_LT_operator_space_research_asset_v1/03_CLASSIFICATION_STAGE/ppa_classification_team/05_obstruction_audit.md	472	472	9. 对本轮新稿的独立交叉审核 LF472–472	historical-evidence	\(\gamma p-1=0\) 导数抵消、	source-report	deferred	research/audit/UNIFORM_HOLDER_FULL_COVERAGE.md#uht-audit-source		来源对当时交叉审查/版本/阅读行为的报告，与本次直接证明分别裁决	核来源实际报告的行为及准确稿件版本：\(\gamma p-1=0\) 导数抵消、；新数学证明不认证当时审查
UHT-OA-U0617	history/sources/次单调论文研究/分类集研究/RLEB_LT_operator_space_research_asset_v1/RLEB_LT_operator_space_research_asset_v1/03_CLASSIFICATION_STAGE/ppa_classification_team/05_obstruction_audit.md	472	472	9. 对本轮新稿的独立交叉审核 LF472–472	historical-evidence	全对 RL、	source-report	deferred	research/audit/UNIFORM_HOLDER_FULL_COVERAGE.md#uht-audit-source		来源对当时交叉审查/版本/阅读行为的报告，与本次直接证明分别裁决	核来源实际报告的行为及准确稿件版本：全对 RL、；新数学证明不认证当时审查
UHT-OA-U0618	history/sources/次单调论文研究/分类集研究/RLEB_LT_operator_space_research_asset_v1/RLEB_LT_operator_space_research_asset_v1/03_CLASSIFICATION_STAGE/ppa_classification_team/05_obstruction_audit.md	472	472	9. 对本轮新稿的独立交叉审核 LF472–472	historical-evidence	严格阈值、	source-report	deferred	research/audit/UNIFORM_HOLDER_FULL_COVERAGE.md#uht-audit-source		来源对当时交叉审查/版本/阅读行为的报告，与本次直接证明分别裁决	核来源实际报告的行为及准确稿件版本：严格阈值、；新数学证明不认证当时审查
UHT-OA-U0619	history/sources/次单调论文研究/分类集研究/RLEB_LT_operator_space_research_asset_v1/RLEB_LT_operator_space_research_asset_v1/03_CLASSIFICATION_STAGE/ppa_classification_team/05_obstruction_audit.md	472	472	9. 对本轮新稿的独立交叉审核 LF472–472	historical-evidence	每个正步长 LT 排除 	source-report	deferred	research/audit/UNIFORM_HOLDER_FULL_COVERAGE.md#uht-audit-source		来源对当时交叉审查/版本/阅读行为的报告，与本次直接证明分别裁决	核来源实际报告的行为及准确稿件版本：每个正步长 LT 排除 ；新数学证明不认证当时审查
UHT-OA-U0620	history/sources/次单调论文研究/分类集研究/RLEB_LT_operator_space_research_asset_v1/RLEB_LT_operator_space_research_asset_v1/03_CLASSIFICATION_STAGE/ppa_classification_team/05_obstruction_audit.md	472	472	9. 对本轮新稿的独立交叉审核 LF472–472	historical-evidence	 在正常收缩/非退化切向漂移后置结构层内通过；	source-report	deferred	research/audit/UNIFORM_HOLDER_FULL_COVERAGE.md#uht-audit-source		来源对当时交叉审查/版本/阅读行为的报告，与本次直接证明分别裁决	核来源实际报告的行为及准确稿件版本： 在正常收缩/非退化切向漂移后置结构层内通过；；新数学证明不认证当时审查
UHT-OA-U0621	history/sources/次单调论文研究/分类集研究/RLEB_LT_operator_space_research_asset_v1/RLEB_LT_operator_space_research_asset_v1/03_CLASSIFICATION_STAGE/ppa_classification_team/05_obstruction_audit.md	472	472	9. 对本轮新稿的独立交叉审核 LF472–472	historical-evidence	已要求并补入微观初值有限长度预算闭合，	source-report	deferred	research/audit/UNIFORM_HOLDER_FULL_COVERAGE.md#uht-audit-source		来源对当时交叉审查/版本/阅读行为的报告，与本次直接证明分别裁决	核来源实际报告的行为及准确稿件版本：已要求并补入微观初值有限长度预算闭合，；新数学证明不认证当时审查
UHT-OA-U0622	history/sources/次单调论文研究/分类集研究/RLEB_LT_operator_space_research_asset_v1/RLEB_LT_operator_space_research_asset_v1/03_CLASSIFICATION_STAGE/ppa_classification_team/05_obstruction_audit.md	472	472	9. 对本轮新稿的独立交叉审核 LF472–472	historical-evidence	不能扩成固定宏观域/原尾的总体分类 	source-report	deferred	research/audit/UNIFORM_HOLDER_FULL_COVERAGE.md#uht-audit-source		来源对当时交叉审查/版本/阅读行为的报告，与本次直接证明分别裁决	核来源实际报告的行为及准确稿件版本：不能扩成固定宏观域/原尾的总体分类 ；新数学证明不认证当时审查
UHT-OA-U0623	history/sources/次单调论文研究/分类集研究/RLEB_LT_operator_space_research_asset_v1/RLEB_LT_operator_space_research_asset_v1/03_CLASSIFICATION_STAGE/ppa_classification_team/05_obstruction_audit.md	473	473	9. 对本轮新稿的独立交叉审核 LF473–473	organization	 `04_step_spectrum.md` 	nonmathematical	nonmathematical	research/audit/UNIFORM_HOLDER_FULL_COVERAGE.md#uht-audit-source		标题、空行、连接词或纯任务组织；不承担独立数学断言	无本单元数学义务；不关闭相邻数学或历史证据记录
UHT-OA-U0624	history/sources/次单调论文研究/分类集研究/RLEB_LT_operator_space_research_asset_v1/RLEB_LT_operator_space_research_asset_v1/03_CLASSIFICATION_STAGE/ppa_classification_team/05_obstruction_audit.md	473	473	9. 对本轮新稿的独立交叉审核 LF473–473	historical-evidence	 光滑非连通谱例、	source-report	deferred	research/audit/UNIFORM_HOLDER_FULL_COVERAGE.md#uht-audit-source		来源对当时交叉审查/版本/阅读行为的报告，与本次直接证明分别裁决	核来源实际报告的行为及准确稿件版本： 光滑非连通谱例、；新数学证明不认证当时审查
UHT-OA-U0625	history/sources/次单调论文研究/分类集研究/RLEB_LT_operator_space_research_asset_v1/RLEB_LT_operator_space_research_asset_v1/03_CLASSIFICATION_STAGE/ppa_classification_team/05_obstruction_audit.md	473	473	9. 对本轮新稿的独立交叉审核 LF473–473	historical-evidence	严格 RLEB 单值谱与全选择收敛谱分离、	source-report	deferred	research/audit/UNIFORM_HOLDER_FULL_COVERAGE.md#uht-audit-source		来源对当时交叉审查/版本/阅读行为的报告，与本次直接证明分别裁决	核来源实际报告的行为及准确稿件版本：严格 RLEB 单值谱与全选择收敛谱分离、；新数学证明不认证当时审查
UHT-OA-U0626	history/sources/次单调论文研究/分类集研究/RLEB_LT_operator_space_research_asset_v1/RLEB_LT_operator_space_research_asset_v1/03_CLASSIFICATION_STAGE/ppa_classification_team/05_obstruction_audit.md	473	473	9. 对本轮新稿的独立交叉审核 LF473–473	historical-evidence	任意紧局部谱实现、	source-report	deferred	research/audit/UNIFORM_HOLDER_FULL_COVERAGE.md#uht-audit-source		来源对当时交叉审查/版本/阅读行为的报告，与本次直接证明分别裁决	核来源实际报告的行为及准确稿件版本：任意紧局部谱实现、；新数学证明不认证当时审查
UHT-OA-U0627	history/sources/次单调论文研究/分类集研究/RLEB_LT_operator_space_research_asset_v1/RLEB_LT_operator_space_research_asset_v1/03_CLASSIFICATION_STAGE/ppa_classification_team/05_obstruction_audit.md	473	473	9. 对本轮新稿的独立交叉审核 LF473–473	historical-evidence	原图闭证书块、	source-report	deferred	research/audit/UNIFORM_HOLDER_FULL_COVERAGE.md#uht-audit-source		来源对当时交叉审查/版本/阅读行为的报告，与本次直接证明分别裁决	核来源实际报告的行为及准确稿件版本：原图闭证书块、；新数学证明不认证当时审查
UHT-OA-U0628	history/sources/次单调论文研究/分类集研究/RLEB_LT_operator_space_research_asset_v1/RLEB_LT_operator_space_research_asset_v1/03_CLASSIFICATION_STAGE/ppa_classification_team/05_obstruction_audit.md	473	473	9. 对本轮新稿的独立交叉审核 LF473–473	historical-evidence	实步长紧投影、	source-report	deferred	research/audit/UNIFORM_HOLDER_FULL_COVERAGE.md#uht-audit-source		来源对当时交叉审查/版本/阅读行为的报告，与本次直接证明分别裁决	核来源实际报告的行为及准确稿件版本：实步长紧投影、；新数学证明不认证当时审查
UHT-OA-U0629	history/sources/次单调论文研究/分类集研究/RLEB_LT_operator_space_research_asset_v1/RLEB_LT_operator_space_research_asset_v1/03_CLASSIFICATION_STAGE/ppa_classification_team/05_obstruction_audit.md	473	473	9. 对本轮新稿的独立交叉审核 LF473–473	historical-evidence	\(L<1\) 分支双 collar 的真实 EB 补强 	source-report	deferred	research/audit/UNIFORM_HOLDER_FULL_COVERAGE.md#uht-audit-source		来源对当时交叉审查/版本/阅读行为的报告，与本次直接证明分别裁决	核来源实际报告的行为及准确稿件版本：\(L<1\) 分支双 collar 的真实 EB 补强 ；新数学证明不认证当时审查
UHT-OA-U0630	history/sources/次单调论文研究/分类集研究/RLEB_LT_operator_space_research_asset_v1/RLEB_LT_operator_space_research_asset_v1/03_CLASSIFICATION_STAGE/ppa_classification_team/05_obstruction_audit.md	473	473	9. 对本轮新稿的独立交叉审核 LF473–473	historical-evidence	 修订后范围内通过；	source-report	deferred	research/audit/UNIFORM_HOLDER_FULL_COVERAGE.md#uht-audit-source		来源对当时交叉审查/版本/阅读行为的报告，与本次直接证明分别裁决	核来源实际报告的行为及准确稿件版本： 修订后范围内通过；；新数学证明不认证当时审查
UHT-OA-U0631	history/sources/次单调论文研究/分类集研究/RLEB_LT_operator_space_research_asset_v1/RLEB_LT_operator_space_research_asset_v1/03_CLASSIFICATION_STAGE/ppa_classification_team/05_obstruction_audit.md	473	473	9. 对本轮新稿的独立交叉审核 LF473–473	historical-evidence	energy 的 \(q_0<q<1\) 松弛和 \(L=0\) 时改取 \(\gamma=1\) 的退化处理已显式补入；	source-report	deferred	research/audit/UNIFORM_HOLDER_FULL_COVERAGE.md#uht-audit-source		来源对当时交叉审查/版本/阅读行为的报告，与本次直接证明分别裁决	核来源实际报告的行为及准确稿件版本：energy 的 \(q_0<q<1\) 松弛和 \(L=0\) 时改取 \(\gamma=1\) 的退化处理已显式补入；；新数学证明不认证当时审查
UHT-OA-U0632	history/sources/次单调论文研究/分类集研究/RLEB_LT_operator_space_research_asset_v1/RLEB_LT_operator_space_research_asset_v1/03_CLASSIFICATION_STAGE/ppa_classification_team/05_obstruction_audit.md	473	473	9. 对本轮新稿的独立交叉审核 LF473–473	historical-evidence	\(F_\sigma\) 是固定锚点、	source-report	deferred	research/audit/UNIFORM_HOLDER_FULL_COVERAGE.md#uht-audit-source		来源对当时交叉审查/版本/阅读行为的报告，与本次直接证明分别裁决	核来源实际报告的行为及准确稿件版本：\(F_\sigma\) 是固定锚点、；新数学证明不认证当时审查
UHT-OA-U0633	history/sources/次单调论文研究/分类集研究/RLEB_LT_operator_space_research_asset_v1/RLEB_LT_operator_space_research_asset_v1/03_CLASSIFICATION_STAGE/ppa_classification_team/05_obstruction_audit.md	473	473	9. 对本轮新稿的独立交叉审核 LF473–473	historical-evidence	允许缩域的 germ 类，	source-report	deferred	research/audit/UNIFORM_HOLDER_FULL_COVERAGE.md#uht-audit-source		来源对当时交叉审查/版本/阅读行为的报告，与本次直接证明分别裁决	核来源实际报告的行为及准确稿件版本：允许缩域的 germ 类，；新数学证明不认证当时审查
UHT-OA-U0634	history/sources/次单调论文研究/分类集研究/RLEB_LT_operator_space_research_asset_v1/RLEB_LT_operator_space_research_asset_v1/03_CLASSIFICATION_STAGE/ppa_classification_team/05_obstruction_audit.md	473	473	9. 对本轮新稿的独立交叉审核 LF473–473	historical-evidence	不是 01 的固定大域/同尾全部输出迹类 	source-report	deferred	research/audit/UNIFORM_HOLDER_FULL_COVERAGE.md#uht-audit-source		来源对当时交叉审查/版本/阅读行为的报告，与本次直接证明分别裁决	核来源实际报告的行为及准确稿件版本：不是 01 的固定大域/同尾全部输出迹类 ；新数学证明不认证当时审查
UHT-OA-U0635	history/sources/次单调论文研究/分类集研究/RLEB_LT_operator_space_research_asset_v1/RLEB_LT_operator_space_research_asset_v1/03_CLASSIFICATION_STAGE/ppa_classification_team/05_obstruction_audit.md	474	474	9. 对本轮新稿的独立交叉审核 LF474–474	organization	空行/排版分隔	nonmathematical	nonmathematical	research/audit/UNIFORM_HOLDER_FULL_COVERAGE.md#uht-audit-source		标题、空行、连接词或纯任务组织；不承担独立数学断言	无本单元数学义务；不关闭相邻数学或历史证据记录
UHT-OA-U0636	history/sources/次单调论文研究/分类集研究/RLEB_LT_operator_space_research_asset_v1/RLEB_LT_operator_space_research_asset_v1/03_CLASSIFICATION_STAGE/ppa_classification_team/05_obstruction_audit.md	475	475	9. 对本轮新稿的独立交叉审核 LF475–475	historical-evidence	总的数学状态不是“什么都没做成”，而是已经有两个新的可用桥：**完整图受控共轭**	source-report	deferred	research/audit/UNIFORM_HOLDER_FULL_COVERAGE.md#uht-audit-source		来源对当时交叉审查/版本/阅读行为的报告，与本次直接证明分别裁决	核来源实际报告的行为及准确稿件版本：总的数学状态不是“什么都没做成”，而是已经有两个新的可用桥：**完整图受控共轭**；新数学证明不认证当时审查
UHT-OA-U0637	history/sources/次单调论文研究/分类集研究/RLEB_LT_operator_space_research_asset_v1/RLEB_LT_operator_space_research_asset_v1/03_CLASSIFICATION_STAGE/ppa_classification_team/05_obstruction_audit.md	475	475	9. 对本轮新稿的独立交叉审核 LF475–475	historical-evidence	、**保留实步长的原图闭块编码**。	source-report	deferred	research/audit/UNIFORM_HOLDER_FULL_COVERAGE.md#uht-audit-source		来源对当时交叉审查/版本/阅读行为的报告，与本次直接证明分别裁决	核来源实际报告的行为及准确稿件版本：、**保留实步长的原图闭块编码**。；新数学证明不认证当时审查
UHT-OA-U0638	history/sources/次单调论文研究/分类集研究/RLEB_LT_operator_space_research_asset_v1/RLEB_LT_operator_space_research_asset_v1/03_CLASSIFICATION_STAGE/ppa_classification_team/05_obstruction_audit.md	475	475	9. 对本轮新稿的独立交叉审核 LF475–475	historical-evidence	它们各自通过范围内检验，但目前仍缺把这些桥闭合到同一个中立比较分母内的定理。	source-report	deferred	research/audit/UNIFORM_HOLDER_FULL_COVERAGE.md#uht-audit-source		来源对当时交叉审查/版本/阅读行为的报告，与本次直接证明分别裁决	核来源实际报告的行为及准确稿件版本：它们各自通过范围内检验，但目前仍缺把这些桥闭合到同一个中立比较分母内的定理。；新数学证明不认证当时审查
